label,x0,y0,z0,x1,y1,z1,x2,y2,z2,x3,y3,z3,x4,y4,z4,x5,y5,z5,x6,y6,z6,x7,y7,z7,x8,y8,z8,x9,y9,z9,x10,y10,z10,x11,y11,z11,x12,y12,z12,x13,y13,z13,x14,y14,z14,x15,y15,z15,x16,y16,z16,x17,y17,z17,x18,y18,z18,x19,y19,z19,x20,y20,z20
A,0.0,0.0,0.0,-0.05846744775772095,-0.11686074733734131,-0.02113137776672147,-0.09369015693664551,-0.27079737186431885,-0.03430961268662713,-0.12188076972961426,-0.38914793729782104,-0.05131907957314752,-0.15250486135482788,-0.4794030636548996,-0.06175013827800058,-0.03911107778549194,-0.3794238567352295,0.0026161590527067347,-0.07027095556259155,-0.4708924889564514,-0.045033583517067655,-0.07160234451293945,-0.3570813238620758,-0.06670602234720491,-0.057187020778656006,-0.3127029240131378,-0.07421029182791017,0.007550477981567383,-0.35594862699508667,-0.0066567315784027414,-0.023662149906158447,-0.44775478541851044,-0.056976197386973126,-0.037588536739349365,-0.3071429431438446,-0.06119911941408418,-0.019185662269592285,-0.2787013649940491,-0.05127255442261003,0.0522196888923645,-0.3111039698123932,-0.02458548928319715,0.021725177764892578,-0.3824506103992462,-0.07420430156111024,-0.00024235248565673828,-0.2508094012737274,-0.05272475081204675,0.016150236129760742,-0.22470876574516296,-0.024563450465791448,0.0934799313545227,-0.2566606402397156,-0.045213053102486356,0.067241370677948,-0.31012797355651855,-0.06918888362764619,0.039554715156555176,-0.22754406929016113,-0.05044036554812692,0.047287583351135254,-0.19937452673912048,-0.029374776507609113
A,0.0,0.0,0.0,-0.06421148777008057,-0.10498803853988647,-0.020853066259974185,-0.1005096435546875,-0.24928387999534607,-0.03439510930513734,-0.12181311845779419,-0.36154547333717346,-0.052239283362382594,-0.14798897504806519,-0.45399434864521027,-0.06372400317525262,-0.03476470708847046,-0.3631358742713928,0.004260705875253734,-0.07051461935043335,-0.4311213046312332,-0.04733426813220376,-0.07951807975769043,-0.32734215259552,-0.06982648316954965,-0.06748169660568237,-0.2823326140642166,-0.07726516518926019,0.008796930313110352,-0.34451207518577576,-0.006552211848998013,-0.03134298324584961,-0.39908310770988464,-0.061917781272882166,-0.04823106527328491,-0.2683059722185135,-0.06643136535024041,-0.029214441776275635,-0.24818721413612366,-0.05532597322201127,0.049895405769348145,-0.3060673922300339,-0.027458695137852374,0.003367781639099121,-0.3319516181945801,-0.08187127057647103,-0.012998104095458984,-0.21023109555244446,-0.06528111491536492,0.007641613483428955,-0.19952017068862915,-0.04015767146086091,0.08798754215240479,-0.2570495307445526,-0.05124567020868653,0.04433739185333252,-0.26042622327804565,-0.08192551080321664,0.02680724859237671,-0.18244296312332153,-0.07182301525210733,0.04458951950073242,-0.1757550835609436,-0.0563254760596692
A,0.0,0.0,0.0,-0.044203996658325195,-0.09721148014068604,-0.019405401118604004,-0.06582802534103394,-0.2425224781036377,-0.028658057369796097,-0.08420073986053467,-0.3471641540527344,-0.04270919299921161,-0.1188652515411377,-0.4152301251888275,-0.05336254350146419,-0.022095918655395508,-0.3337886929512024,0.01165903658369416,-0.025280356407165527,-0.43799175322055817,-0.026220974319187462,-0.029149651527404785,-0.3601914048194885,-0.05234029404124385,-0.028793394565582275,-0.28989923000335693,-0.0632688615401662,0.018581092357635498,-0.32417747378349304,0.005888221047314346,0.02111530303955078,-0.4363257437944412,-0.03533878064951068,0.007732689380645752,-0.3301244080066681,-0.05114740393361217,0.005063056945800781,-0.2523270547389984,-0.050213235237208664,0.05980414152145386,-0.29545727372169495,-0.007139851611611903,0.0714903473854065,-0.4193854331970215,-0.0436664026161111,0.04884672164916992,-0.327945739030838,-0.03984908647140628,0.03838425874710083,-0.24922651052474976,-0.024791902669278443,0.10012125968933105,-0.2535414695739746,-0.02281044311126834,0.11533963680267334,-0.35107576847076416,-0.04254194609126216,0.09254294633865356,-0.31764745712280273,-0.03674998766979343,0.07736915349960327,-0.27383047342300415,-0.025285064049569428
A,0.0,0.0,0.0,-0.0476343035697937,-0.10766315460205078,-0.018531314087567807,-0.06250441074371338,-0.24956932663917542,-0.029005453912077428,-0.07555603981018066,-0.3504057228565216,-0.042337502343116284,-0.09385538101196289,-0.4293970912694931,-0.049625101489482404,0.026029109954833984,-0.3501725196838379,0.008259225646497725,-0.009634673595428467,-0.4103817492723465,-0.029058045697865964,-0.03524094820022583,-0.323153018951416,-0.0493194488710742,-0.03519052267074585,-0.27134883403778076,-0.057647976083217145,0.05737292766571045,-0.3188486099243164,0.001281605111898898,0.009814798831939697,-0.36597752571105957,-0.03520113880699682,-0.021997034549713135,-0.2621506452560425,-0.0387853076583724,-0.0080796480178833,-0.22815018892288208,-0.0323427198356967,0.08070731163024902,-0.26423180103302,-0.01379837001627493,0.03269559144973755,-0.3074182868003845,-0.050261075598655225,-0.0013990998268127441,-0.21737033128738403,-0.034850548011718274,0.013981103897094727,-0.1874447464942932,-0.014956641932485581,0.09606951475143433,-0.19678610563278198,-0.031779243601022245,0.056588709354400635,-0.23469340801239014,-0.05107119212811995,0.026136398315429688,-0.18517106771469116,-0.03901525492733526,0.03564321994781494,-0.15917682647705078,-0.024008817029653073
A,0.0,0.0,0.0,-0.041910529136657715,-0.11011385917663574,-0.02194651656697033,-0.058187007904052734,-0.240525484085083,-0.03290970877657173,-0.06994938850402832,-0.3457147479057312,-0.049027173527576906,-0.09420257806777954,-0.4294273108243942,-0.06225978092203377,-0.02313971519470215,-0.33813469111919403,0.017909906125566977,-0.02656543254852295,-0.4436234384775162,-0.022668956526615602,-0.027807295322418213,-0.4046005308628082,-0.056181977250673754,-0.02685469388961792,-0.3422955572605133,-0.07210193083534477,0.016728341579437256,-0.3330288231372833,0.012505141339204329,0.018265366554260254,-0.46226659417152405,-0.02970704504201649,0.006625056266784668,-0.3913818895816803,-0.057656894185640795,0.0035924911499023438,-0.31069977581501007,-0.06672369942913292,0.05754882097244263,-0.3119085133075714,-0.0008931052093998915,0.06833809614181519,-0.441484197974205,-0.03778524205932854,0.04659754037857056,-0.3902629464864731,-0.05124696225772141,0.03444361686706543,-0.3118206560611725,-0.04919532940635918,0.09917998313903809,-0.27554988861083984,-0.017200520941116793,0.11419588327407837,-0.38025255501270294,-0.03770211965689896,0.09290790557861328,-0.37498027086257935,-0.043424538084366304,0.07344871759414673,-0.3318093717098236,-0.04175110042939423
A,0.0,0.0,0.0,-0.05147057771682739,-0.04565787315368652,-0.04650154887551139,-0.08601981401443481,-0.13855499029159546,-0.07749852343314956,-0.11202919483184814,-0.20742303133010864,-0.10633588387483428,-0.1462996006011963,-0.2569044232368469,-0.129568694074095,-0.04697054624557495,-0.28048452734947205,-0.05390067203754256,-0.07854694128036499,-0.32408392429351807,-0.11927559777015517,-0.08136361837387085,-0.22793671488761902,-0.1501827816557295,-0.07206976413726807,-0.17725592851638794,-0.1605072300028212,-0.006857156753540039,-0.2680886387825012,-0.05315535320752929,-0.03776109218597412,-0.302961528301239,-0.11949082269185851,-0.048294782638549805,-0.1809009611606598,-0.1276387999843962,-0.03474628925323486,-0.14834797382354736,-0.11882256521695922,0.0345650315284729,-0.23795974254608154,-0.061985017646492224,0.015833795070648193,-0.27266156673431396,-0.12769178851360152,-0.003432154655456543,-0.1620553731918335,-0.11516040368789504,0.001583397388458252,-0.1246461272239685,-0.09014665885680984,0.07539457082748413,-0.19949853420257568,-0.07473801626676391,0.07769227027893066,-0.246240496635437,-0.11643721713537047,0.05062687397003174,-0.18108627200126648,-0.10889190240615676,0.03877091407775879,-0.14514636993408203,-0.09254980637544463
A,0.0,0.0,0.0,-0.040215373039245605,-0.10859206318855286,-0.009603091771566596,-0.05322861671447754,-0.2258780151605606,-0.012658336455785957,-0.05939894914627075,-0.3219148814678192,-0.021668879571222988,-0.07422739267349243,-0.39675016701221466,-0.027840418997072902,-0.018994629383087158,-0.28438058495521545,0.029934374359584126,-0.016791164875030518,-0.3656865507364273,0.003722576401344213,-0.023568332195281982,-0.33343029022216797,-0.01892292525138828,-0.02811795473098755,-0.28065353631973267,-0.029237872245573726,0.013571858406066895,-0.2786215841770172,0.02405333307120827,0.01679837703704834,-0.3767733573913574,-0.003152594459095326,0.0024389028549194336,-0.3285363167524338,-0.022481808694863048,-0.0019249320030212402,-0.2639797180891037,-0.02850868764784309,0.04687631130218506,-0.2596285194158554,0.011842969549036297,0.05867856740951538,-0.3621377497911453,-0.012913227337264743,0.03826749324798584,-0.33083631098270416,-0.022148974495792118,0.02711665630340576,-0.2694137394428253,-0.020029315980934825,0.08149677515029907,-0.22824516892433167,-0.002150518842825022,0.0986066460609436,-0.31218796968460083,-0.014930662955009666,0.08070677518844604,-0.32440324127674103,-0.01869600105550262,0.062114715576171875,-0.2994086742401123,-0.017048908653521266
A,0.0,0.0,0.0,-0.055314719676971436,-0.09552976489067078,-0.008462432218436788,-0.0801922082901001,-0.22622868418693542,-0.014037925196532797,-0.09383678436279297,-0.3274911046028137,-0.02691850103968818,-0.11798715591430664,-0.4084664136171341,-0.03629443087214668,-0.04153478145599365,-0.3146460950374603,0.012933303224201609,-0.04894888401031494,-0.42122574150562286,-0.02283828184539516,-0.06887051463127136,-0.3497154414653778,-0.04530368038052757,-0.07082846760749817,-0.28097155690193176,-0.05473130979174812,-0.012800872325897217,-0.30470266938209534,0.0003647775161539357,-0.018470436334609985,-0.423034206032753,-0.04100599922770698,-0.047832369804382324,-0.32493215799331665,-0.05632203855151374,-0.05008307099342346,-0.24708053469657898,-0.05629588701361854,0.014587461948394775,-0.28089967370033264,-0.018874563654605936,0.019263923168182373,-0.4052853286266327,-0.052401978900377344,-0.015935271978378296,-0.3336540013551712,-0.05518117584819038,-0.027352720499038696,-0.26040852069854736,-0.04748446532124717,0.04432392120361328,-0.24494826793670654,-0.04009701349372108,0.059377968311309814,-0.34456783533096313,-0.058075264474098276,0.02832317352294922,-0.3296854943037033,-0.06055432968372543,0.0063918232917785645,-0.29120972752571106,-0.057720654090587686
A,0.0,0.0,0.0,-0.04297637939453125,-0.11223125457763672,-0.018063343641529173,-0.055757105350494385,-0.24774318933486938,-0.025704605085024923,-0.0583193302154541,-0.3558792471885681,-0.03915288071073064,-0.0726923942565918,-0.44882744550704956,-0.04860052610672483,-0.013059437274932861,-0.33739468455314636,0.019167883741488367,-0.010382771492004395,-0.4405125081539154,-0.017942292195925802,-0.014697909355163574,-0.37379568815231323,-0.04651616658009061,-0.01632368564605713,-0.30180034041404724,-0.059105095965037435,0.024111568927764893,-0.32370465993881226,0.013426679606368452,0.026993870735168457,-0.43892763555049896,-0.025888459337124914,0.009639322757720947,-0.3462214469909668,-0.04719644929207334,0.0054274797439575195,-0.26535362005233765,-0.051664234650502294,0.06107264757156372,-0.2961314618587494,1.9396218362999207e-05,0.07647758722305298,-0.42666977643966675,-0.03528521726764211,0.05049121379852295,-0.3591361939907074,-0.04146332810557851,0.03671860694885254,-0.27802807092666626,-0.03419705624617109,0.09901565313339233,-0.254294753074646,-0.016003258106479734,0.12339454889297485,-0.3597639799118042,-0.03630671421922216,0.09881669282913208,-0.34991782903671265,-0.038535425019631475,0.07545965909957886,-0.306424081325531,-0.033646678132186025
A,0.0,0.0,0.0,-0.07173958420753479,-0.08784306049346924,-0.02639927212311477,-0.12298625707626343,-0.21798229217529297,-0.04185025077475757,-0.15251576900482178,-0.3260231912136078,-0.06234133299602718,-0.17046669125556946,-0.4322361499071121,-0.07834248300804347,-0.08389362692832947,-0.3532618433237076,-0.0012024285753682307,-0.10977402329444885,-0.4553309231996536,-0.051927991771833604,-0.1173848807811737,-0.36833882331848145,-0.08525399174703807,-0.11129650473594666,-0.2906879782676697,-0.09998101052059383,-0.04248398542404175,-0.3557523488998413,-0.009132762999968236,-0.0667087733745575,-0.47869305312633514,-0.06657004412426204,-0.08321765065193176,-0.35253189504146576,-0.09014047738327235,-0.07775503396987915,-0.2581346929073334,-0.09245298858894557,0.0006650388240814209,-0.33852213621139526,-0.02587693985714168,-0.012312740087509155,-0.47419410943984985,-0.07944265809072704,-0.038761913776397705,-0.36583322286605835,-0.08632598128332347,-0.0439227819442749,-0.26685911417007446,-0.0752281775714323,0.047160714864730835,-0.3037327229976654,-0.045219034516946977,0.05001351237297058,-0.41896645724773407,-0.08011080380691737,0.02215161919593811,-0.38115599751472473,-0.0854762723685667,0.0032573938369750977,-0.3198854625225067,-0.0799291064979002
A,0.0,0.0,0.0,-0.05450451374053955,-0.09165853261947632,-0.026238517911508552,-0.09045928716659546,-0.21595358848571777,-0.04022553011901664,-0.10779261589050293,-0.3170962333679199,-0.05819738105066108,-0.11415153741836548,-0.41405507922172546,-0.07078107640273856,-0.05575448274612427,-0.3459491729736328,0.0008318466540799818,-0.07251083850860596,-0.4375518411397934,-0.04458331883080291,-0.07578170299530029,-0.3494032919406891,-0.07366121009118842,-0.0690385103225708,-0.2764442265033722,-0.08536720469720649,-0.01314014196395874,-0.34039318561553955,-0.003630435170009605,-0.027183115482330322,-0.44521892070770264,-0.05278234750159072,-0.040659546852111816,-0.32517287135124207,-0.06996222779281425,-0.03802788257598877,-0.24186855554580688,-0.06877848699815559,0.0306130051612854,-0.31612154841423035,-0.016456103028133384,0.027867138385772705,-0.4375142306089401,-0.06356442168481635,0.0029435157775878906,-0.3296360969543457,-0.06245160669215011,-0.005462944507598877,-0.23908576369285583,-0.046591745765283576,0.07455873489379883,-0.2752680778503418,-0.03207968741781997,0.08377569913864136,-0.38299560546875,-0.06127732813484954,0.05588054656982422,-0.34174293279647827,-0.059801286162212364,0.03507351875305176,-0.28433218598365784,-0.04926267460115241
A,0.0,0.0,0.0,-0.057665348052978516,-0.08820688724517822,-0.022089783007515962,-0.09075206518173218,-0.22478938102722168,-0.034343186671151216,-0.11362898349761963,-0.3303472697734833,-0.0510339214450255,-0.1535729169845581,-0.3929100036621094,-0.06355059137405306,-0.056827545166015625,-0.3316234350204468,-0.0036806018541142294,-0.07176423072814941,-0.4374924600124359,-0.04785360013903528,-0.07970482110977173,-0.3533356189727783,-0.07454612841667085,-0.07731890678405762,-0.28186172246932983,-0.08502939333976656,-0.016323089599609375,-0.3229561448097229,-0.01027168696583658,-0.027180194854736328,-0.4313125014305115,-0.05875459303916841,-0.04697984457015991,-0.3193655014038086,-0.07430294891656786,-0.0497782826423645,-0.24052563309669495,-0.07305084904493242,0.024702072143554688,-0.2961762249469757,-0.02444719886244684,0.024333715438842773,-0.4168316721916199,-0.06771417697729021,-0.005048215389251709,-0.3221644163131714,-0.06587266912521272,-0.017429828643798828,-0.2416081726551056,-0.05188126480044275,0.06628936529159546,-0.2557404339313507,-0.04123228033841997,0.07827311754226685,-0.35848671197891235,-0.06706453850330263,0.04925894737243652,-0.3267921209335327,-0.06606715163053423,0.027251243591308594,-0.28196045756340027,-0.05805305009545236
A,0.0,0.0,0.0,-0.05511331558227539,-0.09947818517684937,-0.01730521029708143,-0.08438068628311157,-0.24168872833251953,-0.02620759985325094,-0.10353219509124756,-0.354804128408432,-0.04135749309239145,-0.13821309804916382,-0.43144848942756653,-0.05255313037810083,-0.042829036712646484,-0.34757038950920105,0.016752658347513716,-0.05691099166870117,-0.46185699105262756,-0.023916203592989405,-0.06318014860153198,-0.3871998190879822,-0.05170311971482988,-0.06058919429779053,-0.3099677860736847,-0.062426505674693544,-0.00294417142868042,-0.3448052704334259,0.009229732612993757,-0.012482285499572754,-0.4677455872297287,-0.03364709957418199,-0.029015779495239258,-0.36217209696769714,-0.051009876717898806,-0.027808010578155518,-0.27664971351623535,-0.050726259191606005,0.0394437313079834,-0.323988676071167,-0.006427320250395496,0.042772114276885986,-0.46189074218273163,-0.04503687663850542,0.016398847103118896,-0.3751583695411682,-0.04573694436726328,0.008055806159973145,-0.2899397313594818,-0.03298776416954752,0.08493781089782715,-0.28903985023498535,-0.02461053996262308,0.09963911771774292,-0.40456293523311615,-0.04564085050401445,0.07235032320022583,-0.38121554255485535,-0.044447070052001436,0.05211746692657471,-0.3348120450973511,-0.03611967905339952
A,0.0,0.0,0.0,-0.07122862339019775,-0.07386386394500732,-0.019698294440502195,-0.11262252926826477,-0.19396507740020752,-0.03355549145697978,-0.1431436538696289,-0.2817366123199463,-0.05256735403298762,-0.18460339307785034,-0.3380454182624817,-0.06790081281423,-0.08261376619338989,-0.2999531924724579,-0.0104642320445123,-0.10723337531089783,-0.3819428086280823,-0.05868960041760829,-0.11553475260734558,-0.28899553418159485,-0.0877432810163441,-0.10909518599510193,-0.224798321723938,-0.1013940932249966,-0.04814571142196655,-0.291841983795166,-0.021243546718949347,-0.07208991050720215,-0.3857545256614685,-0.07495283205270198,-0.08849313855171204,-0.2675971984863281,-0.09259445835112956,-0.08155986666679382,-0.2035888433456421,-0.09441383052825358,-0.013662576675415039,-0.2683342397212982,-0.03954115379809764,-0.025560081005096436,-0.36907416582107544,-0.08554339278697398,-0.05402374267578125,-0.27143242955207825,-0.08712997157334712,-0.058882951736450195,-0.2019708752632141,-0.07756699491500285,0.021786212921142578,-0.2324935793876648,-0.060498456100219755,0.025680184364318848,-0.3186618387699127,-0.08798953760623363,-0.005706191062927246,-0.2818710505962372,-0.09222368020772365,-0.02440047264099121,-0.24163806438446045,-0.0900744931793156
A,0.0,0.0,0.0,-0.039855241775512695,-0.11907720565795898,-0.01928843438503236,-0.04384911060333252,-0.2673472762107849,-0.0268801885831067,-0.04195934534072876,-0.3847830593585968,-0.0394244908529231,-0.05657082796096802,-0.48108237981796265,-0.0472469187515685,-0.008625626564025879,-0.3781306892633438,0.019215089530973728,0.004907667636871338,-0.4752289950847626,-0.01995228670415372,0.0017880797386169434,-0.39985620975494385,-0.04778039522346944,-0.003955066204071045,-0.3239222764968872,-0.05891661785420865,0.04086357355117798,-0.364628329873085,0.014158793987064655,0.05769479274749756,-0.46797309815883636,-0.02621658027049989,0.04032886028289795,-0.3648666888475418,-0.045204677357048695,0.02971625328063965,-0.28695014119148254,-0.046626628114552204,0.0901029109954834,-0.33208316564559937,0.0011377977498909786,0.11472451686859131,-0.4417692869901657,-0.037082084192604725,0.08727258443832397,-0.36153286695480347,-0.03808689184364766,0.06863927841186523,-0.28896909952163696,-0.026084982528061573,0.13838231563568115,-0.28207963705062866,-0.014232969580859844,0.16626709699630737,-0.3803819268941879,-0.03598371215042562,0.1432734727859497,-0.3589296042919159,-0.03262081809219808,0.12179380655288696,-0.3245777487754822,-0.022290604858369534
A,0.0,0.0,0.0,-0.04055428504943848,-0.08168113231658936,-0.041635662172836874,-0.0556829571723938,-0.19300824403762817,-0.07024626791934452,-0.06930440664291382,-0.2874228060245514,-0.10021719694594822,-0.10291439294815063,-0.3634471893310547,-0.12642690897445164,-0.031629204750061035,-0.33055347204208374,-0.024932475616139982,-0.03153485059738159,-0.40885029733181,-0.08118114233474216,-0.02850121259689331,-0.3243233561515808,-0.11577309281091175,-0.030071914196014404,-0.24660280346870422,-0.12922846138934574,0.0159531831741333,-0.3208318054676056,-0.02287041008929691,0.02055191993713379,-0.40531234443187714,-0.08084638029794178,0.011843323707580566,-0.28186462819576263,-0.101669493918223,0.003868579864501953,-0.20811274647712708,-0.10216191024045429,0.06331950426101685,-0.2904298007488251,-0.02947937868992767,0.07666140794754028,-0.3924774080514908,-0.08218549550036869,0.05807840824127197,-0.28651197254657745,-0.08312514782409153,0.04203516244888306,-0.2071484923362732,-0.06869618952731571,0.10346817970275879,-0.2442450225353241,-0.03960194424251995,0.12525618076324463,-0.32490286231040955,-0.0707411280320116,0.11666268110275269,-0.3120080679655075,-0.07212426126460514,0.10778361558914185,-0.2989731431007385,-0.06447697043876133
A,0.0,0.0,0.0,-0.040847182273864746,-0.046148717403411865,-0.057293983657899616,-0.06543415784835815,-0.12330588698387146,-0.09615348141366553,-0.08285790681838989,-0.1867373287677765,-0.1312959999936254,-0.11470699310302734,-0.22546818852424622,-0.161800018061939,-0.0287325382232666,-0.2807078957557678,-0.06253012131625724,-0.0447993278503418,-0.31075358390808105,-0.12407426397973609,-0.046455442905426025,-0.21850240230560303,-0.15497324477607322,-0.040573954582214355,-0.1652536392211914,-0.16604377936297965,0.015880942344665527,-0.2657654881477356,-0.05625582348281455,0.007606387138366699,-0.2985650599002838,-0.11835214357549262,-0.007060587406158447,-0.17579075694084167,-0.13041303168708396,-0.0050771236419677734,-0.1330159306526184,-0.12580410252982688,0.05929529666900635,-0.23168432712554932,-0.05898655440384459,0.061145126819610596,-0.27153095602989197,-0.12037294964963507,0.03597664833068848,-0.16243022680282593,-0.11256130646640372,0.028037548065185547,-0.10962244868278503,-0.09179939191514563,0.09864890575408936,-0.18685084581375122,-0.06625714014941764,0.11508142948150635,-0.24158237874507904,-0.10346684466773581,0.09060907363891602,-0.18569111824035645,-0.09715573351556372,0.07460743188858032,-0.14536011219024658,-0.08297914128476691
A,0.0,0.0,0.0,-0.054198622703552246,-0.09209311008453369,-0.016687085603848573,-0.085377037525177,-0.21444228291511536,-0.024644341071621056,-0.1020737886428833,-0.31261521577835083,-0.03832257514216053,-0.1209491491317749,-0.3994073271751404,-0.04754760464049923,-0.04918718338012695,-0.3131014108657837,0.014808643857463721,-0.06488221883773804,-0.40762877464294434,-0.02173043390132534,-0.06858396530151367,-0.33284637331962585,-0.04725482290007221,-0.06382447481155396,-0.26149603724479675,-0.05741980274535763,-0.013416051864624023,-0.3101743161678314,0.008802525015994433,-0.025959253311157227,-0.4116162955760956,-0.030301799749508973,-0.03796941041946411,-0.3113885223865509,-0.04647467260576832,-0.0358310341835022,-0.23112642765045166,-0.04655871142961132,0.02466404438018799,-0.2939701974391937,-0.004560135056749459,0.020259201526641846,-0.4119742512702942,-0.039035219450966,-0.0010983943939208984,-0.326813280582428,-0.03886415039517033,-0.007053673267364502,-0.24391233921051025,-0.02680633006013977,0.06549668312072754,-0.2653309404850006,-0.02055715744711506,0.07303410768508911,-0.3695340156555176,-0.040030166258588906,0.047266244888305664,-0.34540969133377075,-0.038477141161934014,0.027263522148132324,-0.2956934869289398,-0.030197484170571443
A,0.0,0.0,0.0,-0.06234276294708252,-0.07236486673355103,-0.012336732173707787,-0.10354435443878174,-0.1859373152256012,-0.019852997089174096,-0.13193881511688232,-0.26820313930511475,-0.03272820758297712,-0.1644870638847351,-0.327655553817749,-0.041574077034738366,-0.07096493244171143,-0.29039251804351807,0.010104023566100295,-0.09699666500091553,-0.365188866853714,-0.025491583446410004,-0.10179495811462402,-0.2759268879890442,-0.04563487070277006,-0.09099811315536499,-0.2177630364894867,-0.05295223864391119,-0.03811824321746826,-0.2849942743778229,0.0012987747961688,-0.0653342604637146,-0.3632817268371582,-0.037530259514596764,-0.07375901937484741,-0.2507215738296509,-0.04585174220278532,-0.06063497066497803,-0.19395047426223755,-0.04086520644500524,-0.002940535545349121,-0.2648792266845703,-0.014203636261072461,-0.025007426738739014,-0.3557662069797516,-0.05000043782069952,-0.04170268774032593,-0.25309035181999207,-0.03976278128698141,-0.03557091951370239,-0.19015833735466003,-0.021331138262894456,0.0336880087852478,-0.2336384654045105,-0.03164478885605604,0.019168972969055176,-0.31930825114250183,-0.04979262622669012,-0.00464320182800293,-0.26270607113838196,-0.039906853163984124,-0.009659767150878906,-0.21109282970428467,-0.026056983793523614
A,0.0,0.0,0.0,-0.03440570831298828,-0.10337662696838379,-0.0263596374073245,-0.03790462017059326,-0.23165252804756165,-0.040258006332180685,-0.03464841842651367,-0.3329913318157196,-0.05777854206945676,-0.05365347862243652,-0.4195621460676193,-0.07119197505500097,0.003868997097015381,-0.32831239700317383,0.0027428889649740995,0.012272059917449951,-0.4229043424129486,-0.04123731064584035,0.0037633776664733887,-0.3395555317401886,-0.07066980111386556,0.000415802001953125,-0.2684577405452728,-0.08245161282803792,0.041976869106292725,-0.30448246002197266,-0.0004674871391330271,0.052806198596954346,-0.40127016603946686,-0.04538816320683736,0.03064626455307007,-0.2929314076900482,-0.06209867182161588,0.022406816482543945,-0.22058412432670593,-0.061806251434347814,0.07919329404830933,-0.2667730450630188,-0.01187170403983373,0.09869158267974854,-0.3743082284927368,-0.0534052263477065,0.0677483081817627,-0.28244906663894653,-0.049493470368645376,0.05113941431045532,-0.20733827352523804,-0.03355347844745893,0.11441594362258911,-0.21730127930641174,-0.026403988850972837,0.1395823359489441,-0.3074154853820801,-0.05019451039817113,0.11090105772018433,-0.26993414759635925,-0.044314541993401235,0.08704686164855957,-0.22247746586799622,-0.031924699572584814
A,0.0,0.0,0.0,-0.07309603691101074,-0.0718798041343689,-0.014538450574661965,-0.12162035703659058,-0.18589600920677185,-0.023799824936475034,-0.1593274474143982,-0.264914333820343,-0.03882731631227898,-0.20291614532470703,-0.3068076968193054,-0.049300575105633015,-0.08958715200424194,-0.30036285519599915,0.00901099346748424,-0.12276995182037354,-0.3817846328020096,-0.029476839525784726,-0.12761688232421875,-0.2880437970161438,-0.051733867673362965,-0.11660444736480713,-0.22659394145011902,-0.06037893652745652,-0.05726516246795654,-0.29559624195098877,0.00013816113579423472,-0.09170591831207275,-0.3730625659227371,-0.04331226780840325,-0.09822475910186768,-0.2537098824977875,-0.052758676408018346,-0.08237582445144653,-0.1945098340511322,-0.047735219298090215,-0.02225017547607422,-0.2755442261695862,-0.01621841773220467,-0.04782307147979736,-0.3641277998685837,-0.0545559278113501,-0.0653260350227356,-0.25849947333335876,-0.04489467799493241,-0.05890887975692749,-0.19371408224105835,-0.02634790301152634,0.015197992324829102,-0.24326595664024353,-0.035099727509702916,0.0014142990112304688,-0.32804352045059204,-0.05471426382490563,-0.025923311710357666,-0.27224886417388916,-0.04649669438430237,-0.03363001346588135,-0.2207697629928589,-0.033830558357919926
A,0.0,0.0,0.0,-0.046134769916534424,-0.10940834879875183,-0.01908963804424957,-0.06333690881729126,-0.2487671971321106,-0.028909216423642192,-0.0757131576538086,-0.35817623138427734,-0.04457655062259391,-0.10502934455871582,-0.43889033794403076,-0.05694576983631805,-0.028493881225585938,-0.3395608067512512,0.01803309025882527,-0.028986632823944092,-0.4444210082292557,-0.024588591207873378,-0.02875494956970215,-0.38104642927646637,-0.05675847341598228,-0.02873283624649048,-0.3063873052597046,-0.07071379830421165,0.009305417537689209,-0.3306502103805542,0.011694370048928704,0.0077727437019348145,-0.44608278572559357,-0.03334740062535957,-0.00022405385971069336,-0.35215580463409424,-0.057678400327574764,-0.00011479854583740234,-0.27124637365341187,-0.06289426495612815,0.04874217510223389,-0.3092022240161896,-0.002642561935942922,0.0547824501991272,-0.43520085513591766,-0.042861389716279064,0.037711143493652344,-0.36096131801605225,-0.049441362519871745,0.0301169753074646,-0.2806644141674042,-0.040990854402195964,0.08787542581558228,-0.27679508924484253,-0.019478122492444072,0.100128173828125,-0.3809609115123749,-0.04121492688835815,0.08312994241714478,-0.3628831207752228,-0.04173546170176223,0.06994134187698364,-0.32043200731277466,-0.034915382762562786
A,0.0,0.0,0.0,0.03906005620956421,-0.1261131465435028,0.0018597769671799824,0.03678220510482788,-0.26013365387916565,-0.004334245167697759,0.031039297580718994,-0.37105564773082733,-0.010669056616748662,0.05026727914810181,-0.43826501071453094,-0.014802347227956147,-0.007597804069519043,-0.29263606667518616,-0.019830020435179563,-0.018888652324676514,-0.4245143383741379,-0.032274771772350164,-0.004271149635314941,-0.37876686453819275,-0.036893092386449666,0.004391610622406006,-0.32169854640960693,-0.036986850492681356,-0.05476909875869751,-0.26552823185920715,-0.02396116434785256,-0.06172144412994385,-0.3996642678976059,-0.02732139296087155,-0.04329425096511841,-0.35987526178359985,-0.021489374630178304,-0.03613799810409546,-0.3079558312892914,-0.01759204856308827,-0.09185993671417236,-0.22904369235038757,-0.026799671642507406,-0.10227066278457642,-0.36094117164611816,-0.025358038313711972,-0.08143603801727295,-0.32976388931274414,-0.01162902015450129,-0.07170790433883667,-0.28159764409065247,-0.0037904084306461527,-0.11898648738861084,-0.19093847274780273,-0.029110921837414594,-0.13141685724258423,-0.2983008921146393,-0.02498366712781319,-0.11231672763824463,-0.2763898968696594,-0.010258930094565244,-0.10200154781341553,-0.2366160750389099,0.0004727870987011329
A,0.0,0.0,0.0,-0.041497111320495605,-0.10483497381210327,-0.02155000106722582,-0.05484050512313843,-0.23441892862319946,-0.03259520368010271,-0.059141337871551514,-0.33427292108535767,-0.048002870244090445,-0.07583016157150269,-0.4185938090085983,-0.05939386547834147,-0.009829282760620117,-0.31983721256256104,0.002676373624126427,-0.014061391353607178,-0.41364116966724396,-0.03933290900022257,-0.025039315223693848,-0.3318711519241333,-0.06718288124829996,-0.026999950408935547,-0.25874054431915283,-0.07842517406970728,0.025552213191986084,-0.29988566040992737,-0.002381483282078989,0.025155723094940186,-0.3974362760782242,-0.04776305840641726,0.002710580825805664,-0.2949945628643036,-0.06446994603902567,-0.003633439540863037,-0.21578732132911682,-0.06402826072007883,0.060229599475860596,-0.26698583364486694,-0.014944637616281398,0.06832081079483032,-0.37187057733535767,-0.05570311607152689,0.03826284408569336,-0.285640686750412,-0.0545216290774988,0.023748159408569336,-0.20644429326057434,-0.0405554784956621,0.09500443935394287,-0.22289007902145386,-0.030303183433716185,0.11231303215026855,-0.3117925524711609,-0.05453586713701952,0.08409297466278076,-0.2837136685848236,-0.05238602818280924,0.06019681692123413,-0.23696109652519226,-0.042812341314856894
A,0.0,0.0,0.0,-0.044959306716918945,-0.05140233039855957,-0.057375236670992535,-0.06720197200775146,-0.13718479871749878,-0.09447037361147181,-0.08077186346054077,-0.19929921627044678,-0.1251153864670016,-0.10199910402297974,-0.2519630789756775,-0.14925125918867366,-0.00619959831237793,-0.2912387251853943,-0.07390186123134868,-0.03979051113128662,-0.29924285411834717,-0.13390406153681056,-0.050846874713897705,-0.21582406759262085,-0.15900946341039912,-0.045577943325042725,-0.17548266053199768,-0.16722778163435237,0.032473623752593994,-0.2635740339756012,-0.06767278842212932,-0.0017774701118469238,-0.25758376717567444,-0.1288683184194781,-0.02402549982070923,-0.15715503692626953,-0.13565833054067866,-0.010535240173339844,-0.1385406255722046,-0.1290807344722964,0.06603741645812988,-0.21194756031036377,-0.06991318545820491,0.04374802112579346,-0.2068670690059662,-0.13152760944845454,0.01496511697769165,-0.12165677547454834,-0.11931344054224269,0.022453784942626953,-0.10099685192108154,-0.09771580181600825,0.09517961740493774,-0.15153658390045166,-0.07685635171415583,0.09613573551177979,-0.17092382907867432,-0.11605010859253184,0.06397765874862671,-0.11876720190048218,-0.10754344544889705,0.054551005363464355,-0.09550541639328003,-0.09219858727934138
A,0.0,0.0,0.0,-0.04470634460449219,-0.10380563139915466,-0.009660815523943711,-0.0616798996925354,-0.23874789476394653,-0.011667960958561707,-0.0695650577545166,-0.34480926394462585,-0.020732140803715993,-0.08034521341323853,-0.4360562711954117,-0.025581353047869015,-0.018863916397094727,-0.33029672503471375,0.031368342524388027,-0.01634526252746582,-0.42459501326084137,0.0009921524375613444,-0.032797276973724365,-0.3582630008459091,-0.021205980965874005,-0.036227643489837646,-0.28623931109905243,-0.02954635273852091,0.014712512493133545,-0.3236609846353531,0.023388651495793056,0.019741833209991455,-0.42876240611076355,-0.01003293849714737,-0.007077395915985107,-0.3440982401371002,-0.025137663522741605,-0.013586342334747314,-0.2635386437177658,-0.024004683533689786,0.05123257637023926,-0.3040846288204193,0.008069638459005546,0.05875200033187866,-0.4125022888183594,-0.019866288343450833,0.02500748634338379,-0.3484318256378174,-0.020698970818898488,0.012480437755584717,-0.27476975321769714,-0.010240674654028226,0.09031575918197632,-0.2706916034221649,-0.009576392063877393,0.10228931903839111,-0.36700548976659775,-0.022037560755393315,0.06946498155593872,-0.34664352983236313,-0.018659674266359616,0.04653918743133545,-0.29739388823509216,-0.010116558225831795
A,0.0,0.0,0.0,-0.04470163583755493,-0.12029743194580078,-0.01187511430498489,-0.05874133110046387,-0.2613961398601532,-0.015697488462592446,-0.06190371513366699,-0.37063683569431305,-0.02652893950607904,-0.06598234176635742,-0.46614351868629456,-0.032586913457180344,-0.01131504774093628,-0.34126850962638855,0.028992476040457404,-0.008320510387420654,-0.44069409370422363,-0.0034298052955819003,-0.02700221538543701,-0.36957789957523346,-0.02687662643756994,-0.032409489154815674,-0.29677219688892365,-0.03612119322087892,0.02173304557800293,-0.3266375660896301,0.021186346286867774,0.024506449699401855,-0.4348396360874176,-0.014494270918930852,-0.002529144287109375,-0.3433589041233063,-0.030321655696297967,-0.006323575973510742,-0.26232442259788513,-0.03011674424078592,0.05558812618255615,-0.2984980195760727,0.005706288019155181,0.06616461277008057,-0.41620735824108124,-0.02471532849040159,0.0331767201423645,-0.35050973296165466,-0.02523080622222551,0.020857036113739014,-0.273687481880188,-0.014505855640436494,0.09096992015838623,-0.2570807933807373,-0.012316011725033604,0.11108386516571045,-0.3615453392267227,-0.027415079897309624,0.08218955993652344,-0.3485518842935562,-0.02500672256019243,0.05999636650085449,-0.30220454931259155,-0.01696030413177141
A,0.0,0.0,0.0,-0.04242318868637085,-0.11633387207984924,-0.014368648282868435,-0.05604374408721924,-0.2531125843524933,-0.020140806786400844,-0.058364033699035645,-0.3616596460342407,-0.03234156837282853,-0.061519742012023926,-0.4585813879966736,-0.040025892309529354,-0.005982458591461182,-0.33313287794589996,0.024700052462833355,-0.004756271839141846,-0.43858617544174194,-0.008907577596289684,-0.019802570343017578,-0.3689032942056656,-0.03362505008993821,-0.024579346179962158,-0.2962297201156616,-0.04355814924059587,0.027927756309509277,-0.3181721270084381,0.018200663276331852,0.03277403116226196,-0.4265715181827545,-0.019015361196977665,0.008585333824157715,-0.33651039004325867,-0.03667572384296136,0.0030705928802490234,-0.25559648871421814,-0.03748540451346116,0.06295162439346313,-0.2908295691013336,0.0042466692480616075,0.07653182744979858,-0.410728320479393,-0.02776314375518041,0.045273780822753906,-0.34340518712997437,-0.029022921450120975,0.03121793270111084,-0.2649606168270111,-0.01822741759536939,0.09978896379470825,-0.2514502704143524,-0.012344347886426021,0.11923795938491821,-0.35284657776355743,-0.030072801388485004,0.09087938070297241,-0.33497124910354614,-0.028523821957094242,0.0684276819229126,-0.286502867937088,-0.020310182697755863
A,0.0,0.0,0.0,-0.042432963848114014,-0.12261712551116943,-0.010268841181130028,-0.05876260995864868,-0.2649126350879669,-0.014594969581992245,-0.07100707292556763,-0.3715568482875824,-0.02661847068014822,-0.10250979661941528,-0.4427725225687027,-0.03530422715488157,-0.010475635528564453,-0.34679214656352997,0.029290805328457736,-0.015398859977722168,-0.44473080337047577,-0.004529806096286393,-0.03132528066635132,-0.37084197998046875,-0.029129772689373112,-0.035606324672698975,-0.2991425395011902,-0.03907243652287207,0.022344112396240234,-0.33361145853996277,0.019912930894463443,0.019765615463256836,-0.43788957595825195,-0.01667589625361643,-0.0046166181564331055,-0.33948177099227905,-0.031138726752431012,-0.009392917156219482,-0.2590727210044861,-0.029872962515980817,0.05829620361328125,-0.3039000481367111,0.0029231535641542905,0.06292736530303955,-0.4164668023586273,-0.02803410334530554,0.030270516872406006,-0.3392997086048126,-0.02528574807587347,0.01683199405670166,-0.2619515657424927,-0.011874204743833161,0.0967099666595459,-0.26078468561172485,-0.016733207982213116,0.11314362287521362,-0.3601049482822418,-0.029918880444199658,0.08209025859832764,-0.3382786959409714,-0.02390666795912466,0.058036983013153076,-0.2938448190689087,-0.013543296847672082
A,0.0,0.0,0.0,-0.05744338035583496,-0.08452653884887695,-0.016779824074603766,-0.09511733055114746,-0.21729737520217896,-0.025553221728898734,-0.12221300601959229,-0.3124186098575592,-0.03957422534773514,-0.16006505489349365,-0.3718140423297882,-0.04884896511981651,-0.06054157018661499,-0.31659892201423645,0.00489078936328724,-0.07958543300628662,-0.41716527938842773,-0.03328071991751358,-0.08925849199295044,-0.3225531280040741,-0.05466297353456184,-0.0827629566192627,-0.25453412532806396,-0.06244270960638687,-0.026835620403289795,-0.3108162581920624,-0.002583399096749872,-0.04250955581665039,-0.414617657661438,-0.04454614306638405,-0.05911266803741455,-0.2979916036128998,-0.053343594920136184,-0.05428206920623779,-0.22637683153152466,-0.04829621399591133,0.00892341136932373,-0.2876634895801544,-0.017462634396054,0.0006530284881591797,-0.40046079456806183,-0.05502199466178581,-0.02518641948699951,-0.30395182967185974,-0.04829848269770309,-0.0291750431060791,-0.23064380884170532,-0.03197039375851318,0.046605050563812256,-0.2525867521762848,-0.03481587479660675,0.05014681816101074,-0.35485976934432983,-0.05347803319642708,0.019890666007995605,-0.31863513588905334,-0.047728308391072005,0.0024061203002929688,-0.27115705609321594,-0.037576106291510314
A,0.0,0.0,0.0,-0.07370948791503906,-0.05920088291168213,-0.016321040519414964,-0.1236068606376648,-0.16422230005264282,-0.027897598051367822,-0.16254901885986328,-0.23131880164146423,-0.04392426630192858,-0.2059173583984375,-0.26767414808273315,-0.05527986755305392,-0.09140223264694214,-0.29504239559173584,-0.0013800862402604253,-0.13225191831588745,-0.33898207545280457,-0.0442277023726092,-0.13245898485183716,-0.24373963475227356,-0.067964559250413,-0.12113243341445923,-0.19482606649398804,-0.0775250623159991,-0.057325005531311035,-0.2880963087081909,-0.01086674706721169,-0.09934878349304199,-0.3272930979728699,-0.05360646342569453,-0.10446178913116455,-0.21499064564704895,-0.060422332786856714,-0.08935511112213135,-0.17936396598815918,-0.05591834133201701,-0.021967530250549316,-0.2604651153087616,-0.027843124993978563,-0.056738972663879395,-0.3023622930049896,-0.0684579441481219,-0.07046175003051758,-0.19976919889450073,-0.056612262331782404,-0.060111939907073975,-0.15905004739761353,-0.03796585818463427,0.010784566402435303,-0.21991121768951416,-0.047211998903094354,-0.012226223945617676,-0.26416581869125366,-0.06842267309957606,-0.035861432552337646,-0.20290392637252808,-0.05849759822422129,-0.036414504051208496,-0.1655489206314087,-0.04504197260075671
A,0.0,0.0,0.0,-0.0945221483707428,-0.06128007173538208,-0.02207814902709515,-0.1568908989429474,-0.15035498142242432,-0.0500277765159467,-0.20905181765556335,-0.21375232934951782,-0.0758763924305299,-0.2666078209877014,-0.25806427001953125,-0.0982482135360101,-0.07739448547363281,-0.3301328420639038,-0.06827040017293484,-0.17116832733154297,-0.294907808303833,-0.10700163245843441,-0.18031951785087585,-0.20164823532104492,-0.11374214292214901,-0.1625708043575287,-0.15662360191345215,-0.11390838027642758,-0.04124641418457031,-0.28221243619918823,-0.07908070088075192,-0.14793574810028076,-0.21928352117538452,-0.11502321810172589,-0.1457272469997406,-0.12560975551605225,-0.10456813127444775,-0.12086030840873718,-0.11451464891433716,-0.09496287257121594,-0.016559898853302002,-0.20743733644485474,-0.09246812016414196,-0.11831042170524597,-0.1324223279953003,-0.1264602318470338,-0.11122113466262817,-0.06415659189224243,-0.10440010578082592,-0.0843597948551178,-0.06776970624923706,-0.0877065807645181,-0.002431511878967285,-0.12302637100219727,-0.10737051815436871,-0.08196544647216797,-0.06841057538986206,-0.13324598223613293,-0.0778343677520752,-0.026981115341186523,-0.12300550193236859,-0.0531349778175354,-0.031648874282836914,-0.11234623939441235
A,0.0,0.0,0.0,-0.06530696153640747,-0.11813157796859741,-0.02506635540373736,-0.10058027505874634,-0.26511138677597046,-0.04394790546245986,-0.13705790042877197,-0.3681615889072418,-0.06581524775572234,-0.17628178000450134,-0.4400898814201355,-0.08156661705322676,-0.010046780109405518,-0.3959251940250397,-0.007144410323576267,-0.07306593656539917,-0.4490200877189636,-0.05348742024250441,-0.0789039134979248,-0.33553436398506165,-0.08033660070248061,-0.06331521272659302,-0.28739553689956665,-0.09422434882469588,0.03480726480484009,-0.3761083483695984,-0.013959862452225025,-0.03407484292984009,-0.3894549310207367,-0.05628347040362769,-0.043940603733062744,-0.25925594568252563,-0.06123266012616568,-0.01639455556869507,-0.24608272314071655,-0.058209985655025775,0.07349467277526855,-0.319379985332489,-0.029123023312763507,0.011489272117614746,-0.33443140983581543,-0.06897256539411956,-0.009285509586334229,-0.21899497509002686,-0.0479734616095584,0.01678752899169922,-0.2014094591140747,-0.026402536940054233,0.10276073217391968,-0.2487407922744751,-0.04826834813900405,0.05430871248245239,-0.26072102785110474,-0.0680344180876773,0.028847873210906982,-0.19959694147109985,-0.05243019403167182,0.04659610986709595,-0.18533891439437866,-0.036414597343878086
A,0.0,0.0,0.0,-0.05178898572921753,-0.08103269338607788,-0.03349009615772047,-0.08405637741088867,-0.2300615906715393,-0.04938611102693358,-0.10997658967971802,-0.34614086151123047,-0.06815542367689886,-0.14536654949188232,-0.4318721294403076,-0.08196034369461813,-0.04822725057601929,-0.3682001531124115,-0.001889540636284437,-0.05430042743682861,-0.47402501106262207,-0.04669826192252913,-0.045133352279663086,-0.3864952325820923,-0.07699947146170416,-0.03963911533355713,-0.29480162262916565,-0.08942813513272085,0.004301786422729492,-0.3724796175956726,-0.0030516352824179194,0.0009047985076904297,-0.4927905797958374,-0.049581115072896864,-0.0005960464477539062,-0.3663111925125122,-0.06930624780648031,-0.0018643736839294434,-0.2669163644313812,-0.07057773408882895,0.057283639907836914,-0.3519546389579773,-0.012658257907560255,0.06292498111724854,-0.4822143316268921,-0.056920734172990706,0.049256324768066406,-0.37506353855133057,-0.057907544946601774,0.03875619173049927,-0.27852028608322144,-0.044672434157064345,0.109561026096344,-0.3146211802959442,-0.025709967067768957,0.12910449504852295,-0.42781153321266174,-0.053911463296344664,0.1104583740234375,-0.39227837324142456,-0.05293391731970587,0.08896327018737793,-0.34012487530708313,-0.043509566163947966
A,0.0,0.0,0.0,-0.05949103832244873,-0.08276677131652832,-0.020431561211182725,-0.105415940284729,-0.22242188453674316,-0.032641911694838655,-0.14122235774993896,-0.3204950988292694,-0.049809163251950395,-0.1863788366317749,-0.38065069913864136,-0.063071461210086,-0.06492197513580322,-0.3418842554092407,-0.0026775028575798387,-0.08681350946426392,-0.4430840015411377,-0.047477403471305024,-0.09886723756790161,-0.3484358489513397,-0.073606790790393,-0.09363377094268799,-0.2693619728088379,-0.08343825657112802,-0.022800683975219727,-0.3373250961303711,-0.01098847650183643,-0.039307355880737305,-0.45388859510421753,-0.06030007619602884,-0.059569478034973145,-0.32592010498046875,-0.07204378564102853,-0.05578112602233887,-0.23865890502929688,-0.06661859322531427,0.02088063955307007,-0.31240472197532654,-0.02699265983147825,0.014570295810699463,-0.43881940841674805,-0.07038804311497415,-0.014247775077819824,-0.3286082148551941,-0.06334292311413492,-0.020515024662017822,-0.24411505460739136,-0.04479305241449083,0.06739944219589233,-0.2724077105522156,-0.045559322277142655,0.07392799854278564,-0.38195523619651794,-0.06912177968962396,0.04347968101501465,-0.33624136447906494,-0.0628127994035026,0.0249173641204834,-0.2820360064506531,-0.05059693549020494
A,0.0,0.0,0.0,-0.05973237752914429,-0.07532107830047607,-0.022743172134255474,-0.10097014904022217,-0.2147059440612793,-0.03541131050417334,-0.13462316989898682,-0.3184792101383209,-0.053293638984655445,-0.1793842315673828,-0.38200485706329346,-0.06730438501665503,-0.06148815155029297,-0.35684993863105774,0.004706803587282593,-0.08399605751037598,-0.45971210300922394,-0.04144703702161223,-0.0894731879234314,-0.3720490038394928,-0.07125203789303214,-0.08292335271835327,-0.28829073905944824,-0.08198582113811881,-0.012595117092132568,-0.3615712523460388,-0.0010251934928646733,-0.02623450756072998,-0.4791402965784073,-0.04985103116462142,-0.045050978660583496,-0.35397574305534363,-0.06653082103559882,-0.044147610664367676,-0.25617164373397827,-0.0637319657308808,0.03854644298553467,-0.3441787362098694,-0.014986761036311691,0.03635406494140625,-0.47633227705955505,-0.060079657594656055,0.003923237323760986,-0.36871016025543213,-0.05988934368917853,-0.007059872150421143,-0.270640105009079,-0.04407846287915618,0.09167623519897461,-0.31142619252204895,-0.03145178140232474,0.10422205924987793,-0.430154412984848,-0.05689876259395987,0.0716143250465393,-0.4025704562664032,-0.055803128640150135,0.04823720455169678,-0.3537241816520691,-0.04583175958225638
A,0.0,0.0,0.0,-0.06089282035827637,-0.10500490665435791,-0.024869864091328964,-0.09695577621459961,-0.26715096831321716,-0.03623733597999035,-0.1166534423828125,-0.38926519453525543,-0.053313019901565895,-0.14317476749420166,-0.4863770753145218,-0.06550998914246975,-0.035844266414642334,-0.3813134431838989,0.009033427357621804,-0.04720008373260498,-0.4878273457288742,-0.03669804635649143,-0.06060415506362915,-0.3889695107936859,-0.06703485476975857,-0.06185948848724365,-0.2964061498641968,-0.07901281791930614,0.012748122215270996,-0.3733881413936615,0.0037158350627350956,0.0040378570556640625,-0.49546755850315094,-0.045441179752401695,-0.019245624542236328,-0.36514803767204285,-0.062189105182937965,-0.022872567176818848,-0.26415371894836426,-0.05993059951072155,0.06149488687515259,-0.3436821401119232,-0.010720104195229396,0.06690770387649536,-0.4857170730829239,-0.05633685666327892,0.033420681953430176,-0.3740612268447876,-0.054279870569757804,0.01809138059616089,-0.2726347744464874,-0.03754901069407879,0.11128491163253784,-0.2976502478122711,-0.028304922610573158,0.13585227727890015,-0.41642381250858307,-0.055619853764824256,0.10444819927215576,-0.3876359611749649,-0.05394798445706783,0.0766710638999939,-0.33746981620788574,-0.043585638731769905
A,0.0,0.0,0.0,-0.05366796255111694,-0.09082746505737305,-0.024586767321920888,-0.09335041046142578,-0.23459818959236145,-0.04003660976002266,-0.12697100639343262,-0.33635008335113525,-0.05966877042362739,-0.17276811599731445,-0.3985070288181305,-0.07513087465474655,-0.04008883237838745,-0.35164928436279297,-0.009239132879770295,-0.05419957637786865,-0.4751601815223694,-0.05466348155448486,-0.06978768110275269,-0.3777306079864502,-0.08226622118661453,-0.0694887638092041,-0.2945743799209595,-0.09335033818194916,0.0009139776229858398,-0.3431934118270874,-0.015788261211014287,-0.009461045265197754,-0.47594523429870605,-0.06510545535991241,-0.03458160161972046,-0.3497353196144104,-0.07846869005868484,-0.03566819429397583,-0.256504088640213,-0.07456781937787582,0.042097270488739014,-0.3158288598060608,-0.0298527147532468,0.04513704776763916,-0.4637683779001236,-0.07230101748416473,0.01043689250946045,-0.3594447076320648,-0.06642408146569778,-0.0009392499923706055,-0.26696914434432983,-0.048945756992793577,0.08461624383926392,-0.276113361120224,-0.04694006442139198,0.09576362371444702,-0.391952246427536,-0.07110542281577636,0.060759902000427246,-0.35532113909721375,-0.066268550595737,0.03785640001296997,-0.29824939370155334,-0.054891599705911176
A,0.0,0.0,0.0,-0.08903759717941284,-0.0749862790107727,-0.013458207780615794,-0.15160590410232544,-0.20746350288391113,-0.02325501532305907,-0.2021910548210144,-0.29478466510772705,-0.04083745234657954,-0.2596317231655121,-0.3423568308353424,-0.054232597882048594,-0.11303091049194336,-0.35373666882514954,0.015059258257849706,-0.1472720205783844,-0.45866066217422485,-0.028708397010461795,-0.1655745506286621,-0.35809436440467834,-0.056957983011500346,-0.16020351648330688,-0.2780671715736389,-0.06912197225739192,-0.07931193709373474,-0.35371312499046326,0.0008276527443626946,-0.10889363288879395,-0.4825248718261719,-0.04635402985860537,-0.1364876925945282,-0.3519434928894043,-0.05969529652048777,-0.13033705949783325,-0.26368248462677,-0.0563826119249029,-0.0422285795211792,-0.3334534466266632,-0.021984207043544757,-0.06550854444503784,-0.4687257707118988,-0.060537066841618525,-0.10182526707649231,-0.3588917851448059,-0.055223931158081996,-0.10405126214027405,-0.27052032947540283,-0.039641805524126994,-0.003909200429916382,-0.29651135206222534,-0.04791596212436389,-0.018401890993118286,-0.40846526622772217,-0.06677879446198176,-0.05827474594116211,-0.35961347818374634,-0.06116482668568324,-0.0738515853881836,-0.29686668515205383,-0.05074714549829196
A,0.0,0.0,0.0,-0.07523268461227417,-0.07086193561553955,-0.025487677493003957,-0.13419684767723083,-0.17511975765228271,-0.04671444308092987,-0.18580812215805054,-0.2377353310585022,-0.07185452740719711,-0.23942816257476807,-0.27513548731803894,-0.09225159447720443,-0.09216731786727905,-0.35259896516799927,-0.017160038762597196,-0.12998688220977783,-0.41471999883651733,-0.06954855781128799,-0.13817182183265686,-0.2994838058948517,-0.09808670293620025,-0.12722858786582947,-0.2345496416091919,-0.11027600925496017,-0.04593360424041748,-0.3454594016075134,-0.026684594639448278,-0.08056414127349854,-0.40442484617233276,-0.07967628847887909,-0.09582602977752686,-0.2634572386741638,-0.08913698356678879,-0.08241456747055054,-0.21722716093063354,-0.08438354294827377,0.0008043050765991211,-0.30908942222595215,-0.04432266142299568,-0.026106059551239014,-0.36772966384887695,-0.09495789866974746,-0.04900479316711426,-0.24443814158439636,-0.08304123144677078,-0.039822399616241455,-0.19784092903137207,-0.06246286567380821,0.044600844383239746,-0.25818219780921936,-0.06460570853283798,0.027359843254089355,-0.3068191111087799,-0.09353497933676636,-0.001538693904876709,-0.23221752047538757,-0.08330886375239288,-0.0028246045112609863,-0.194491446018219,-0.06820682745507156
A,0.0,0.0,0.0,-0.0557633638381958,-0.09095263481140137,-0.022995097578075274,-0.08558958768844604,-0.24939212203025818,-0.03410786391845022,-0.1063200831413269,-0.3706304132938385,-0.05039197208037649,-0.13806867599487305,-0.4595342427492142,-0.06225493179312025,-0.03203284740447998,-0.37653130292892456,0.007549717541280643,-0.040225446224212646,-0.4989245682954788,-0.03559904547086035,-0.055245161056518555,-0.425109401345253,-0.06399707125177656,-0.06056332588195801,-0.34184467792510986,-0.07436880098333631,0.015060186386108398,-0.3659624457359314,0.001599315654914335,0.013586103916168213,-0.4965442419052124,-0.0455769486879376,-0.015326499938964844,-0.3844940811395645,-0.0629465393876103,-0.02516871690750122,-0.28516143560409546,-0.06044320018639837,0.06253522634506226,-0.33447980880737305,-0.012449163958933696,0.07062888145446777,-0.4697600156068802,-0.05499013142338072,0.03332406282424927,-0.3760739862918854,-0.05515482650747572,0.0149497389793396,-0.2822383940219879,-0.04016644881716047,0.1115870475769043,-0.28795337677001953,-0.029181808248665675,0.13015127182006836,-0.40421752631664276,-0.053148373976853236,0.09648287296295166,-0.379643976688385,-0.05109356717815672,0.06883364915847778,-0.328755259513855,-0.04070791603675161
A,0.0,0.0,0.0,-0.05079948902130127,-0.11515796184539795,-0.02545430793890091,-0.07478022575378418,-0.2798430919647217,-0.03898964732417198,-0.08922797441482544,-0.403651624917984,-0.05829356893428894,-0.11428898572921753,-0.5059373527765274,-0.07254067718514534,-0.01707404851913452,-0.4044236093759537,0.007636102349522389,-0.021113932132720947,-0.5346295982599258,-0.04130365982183548,-0.034459054470062256,-0.4485645294189453,-0.0739828562689695,-0.039582908153533936,-0.35985472798347473,-0.08672594934233757,0.030937492847442627,-0.3896656632423401,0.0009441769472573469,0.03463172912597656,-0.5327798128128052,-0.05180398284920784,0.005860090255737305,-0.41176602244377136,-0.07161453276404472,-0.006072938442230225,-0.3079226315021515,-0.07028387397059532,0.07763105630874634,-0.35210439562797546,-0.014860201659587347,0.0960283875465393,-0.5056488513946533,-0.06324610769280525,0.05806010961532593,-0.3996506929397583,-0.06294166206845375,0.03640645742416382,-0.296941339969635,-0.046373709137526475,0.12404298782348633,-0.29675066471099854,-0.03380335777529808,0.151827871799469,-0.4157142639160156,-0.06350802540310951,0.117861807346344,-0.3914998173713684,-0.06283899306782814,0.08728182315826416,-0.34248530864715576,-0.052368334527102434
A,0.0,0.0,0.0,-0.07823836803436279,-0.07635915279388428,-0.018166810148784407,-0.13727045059204102,-0.19137179851531982,-0.035032600039073714,-0.18685421347618103,-0.2710500955581665,-0.05749325069172073,-0.2393466830253601,-0.31754985451698303,-0.07622562336308647,-0.09922164678573608,-0.3475970923900604,-0.007685845592448004,-0.12908333539962769,-0.4402758479118347,-0.05592479171735931,-0.1433214545249939,-0.336977481842041,-0.08369215565306831,-0.13693135976791382,-0.2598525881767273,-0.09486892806870628,-0.05690813064575195,-0.33991315960884094,-0.020114466422626265,-0.08160686492919922,-0.45248377323150635,-0.07085003691298652,-0.10484248399734497,-0.31201183795928955,-0.08097751426083732,-0.09725534915924072,-0.23600518703460693,-0.0752707718549459,-0.014249265193939209,-0.30918365716934204,-0.040040116631814726,-0.026267290115356445,-0.4384535551071167,-0.08542502658946205,-0.06022536754608154,-0.31724318861961365,-0.07600580888373543,-0.06277835369110107,-0.2360934019088745,-0.05659900965673614,0.026915132999420166,-0.2613176107406616,-0.06217872711403061,0.02018141746520996,-0.36501017212867737,-0.08837182062251259,-0.016940057277679443,-0.3037542700767517,-0.08089898514134575,-0.03070622682571411,-0.24572652578353882,-0.06749682115895439
A,0.0,0.0,0.0,-0.05087178945541382,-0.07629996538162231,-0.02868883969995295,-0.0818932056427002,-0.22262981534004211,-0.04390308360370909,-0.10428184270858765,-0.33185523748397827,-0.062423300992577424,-0.13840961456298828,-0.40794575214385986,-0.0764541933945111,-0.036602139472961426,-0.370258092880249,-0.00713341503205811,-0.04895275831222534,-0.4935934841632843,-0.05371387774857794,-0.05757856369018555,-0.41289854049682617,-0.08414278278860365,-0.05875033140182495,-0.3298836052417755,-0.09659744898590361,0.013483524322509766,-0.36396628618240356,-0.012337585974364629,0.012719571590423584,-0.49277541041374207,-0.06408503006014143,-0.01281726360321045,-0.38247060775756836,-0.08439645270618712,-0.02411508560180664,-0.2890222370624542,-0.08445540169986998,0.061530470848083496,-0.33287230134010315,-0.025556738551586022,0.07750225067138672,-0.47793160378932953,-0.07294511894497191,0.044431447982788086,-0.3916359543800354,-0.07777049491915022,0.02508455514907837,-0.3032492399215698,-0.06621274451526915,0.10797244310379028,-0.2830505669116974,-0.04136495019110953,0.13105171918869019,-0.39252594113349915,-0.07335435698541914,0.10779428482055664,-0.38254866003990173,-0.07752044598373686,0.08799457550048828,-0.35099518299102783,-0.07078669319662367
A,0.0,0.0,0.0,-0.057243406772613525,-0.10518079996109009,-0.021032948648610272,-0.09552478790283203,-0.24527111649513245,-0.0351501746532108,-0.12282872200012207,-0.355743944644928,-0.0556906728502895,-0.15441644191741943,-0.443561851978302,-0.07247468889323727,-0.05261582136154175,-0.3812631070613861,0.0080940885040377,-0.06838899850845337,-0.5131396800279617,-0.03630031332937733,-0.07770264148712158,-0.4301508069038391,-0.06725154877273098,-0.07579553127288818,-0.3449227213859558,-0.08006794810859219,-0.008971989154815674,-0.3812291622161865,-0.0003350285019791954,-0.016102850437164307,-0.5319311916828156,-0.04783911318151013,-0.03767526149749756,-0.4177294671535492,-0.06713552088109509,-0.040832579135894775,-0.31908881664276123,-0.06752596110669629,0.03913605213165283,-0.3589279353618622,-0.016726699328103223,0.04451197385787964,-0.5206959247589111,-0.05745739549962536,0.01268303394317627,-0.42660418152809143,-0.05758053124515072,-0.0009679794311523438,-0.3295783996582031,-0.044287168091216245,0.08996915817260742,-0.31853583455085754,-0.036250293856539884,0.10450714826583862,-0.4457849860191345,-0.05878959283796803,0.07169395685195923,-0.4166877865791321,-0.05641660526958958,0.04591655731201172,-0.359303742647171,-0.047132153665700116
A,0.0,0.0,0.0,-0.06075894832611084,-0.08479809761047363,-0.02371367132332125,-0.10570138692855835,-0.22937113046646118,-0.03699712706770697,-0.13244473934173584,-0.3425867557525635,-0.05534484861459532,-0.1607527732849121,-0.4357363432645798,-0.06857897220220366,-0.0577583909034729,-0.3704608678817749,0.0017087636977066722,-0.08046019077301025,-0.49993596971035004,-0.04529691366519728,-0.09309136867523193,-0.4137176275253296,-0.07562178252305785,-0.0895434021949768,-0.32795530557632446,-0.08729742346372404,-0.012979269027709961,-0.3698030114173889,-0.005474239308796314,-0.02558445930480957,-0.5175685435533524,-0.05637391908135214,-0.052234649658203125,-0.395265132188797,-0.07338620601262846,-0.053959786891937256,-0.2912710905075073,-0.07043617097701826,0.03282660245895386,-0.3471277952194214,-0.021186775248906997,0.035655438899993896,-0.5122005790472031,-0.06514252601232329,-0.0021674036979675293,-0.41245412826538086,-0.06477316347923079,-0.016413867473602295,-0.31118500232696533,-0.04974064482416907,0.0814712643623352,-0.30655744671821594,-0.03988205520477095,0.09116488695144653,-0.4319677799940109,-0.06622130302753249,0.05357307195663452,-0.4050605297088623,-0.06631438313092985,0.02781224250793457,-0.34959766268730164,-0.05740816025104323
A,0.0,0.0,0.0,-0.05728989839553833,-0.09964406490325928,-0.024452709340096135,-0.09582078456878662,-0.24459874629974365,-0.03887624920213284,-0.11824530363082886,-0.3614369332790375,-0.058363842525125165,-0.14105159044265747,-0.4617353677749634,-0.0727360870023972,-0.046220481395721436,-0.36557433009147644,-0.0017143160603723118,-0.05631357431411743,-0.5048820376396179,-0.04819369942748608,-0.07456517219543457,-0.4250301420688629,-0.0777654226204163,-0.07638150453567505,-0.343925416469574,-0.09007690355980458,-0.0034843087196350098,-0.35901913046836853,-0.008767341942132134,-0.006781339645385742,-0.5132091641426086,-0.059808487751126904,-0.03871631622314453,-0.3984993100166321,-0.07795811698639454,-0.0460391640663147,-0.30295833945274353,-0.07745608196461262,0.03872650861740112,-0.33276358246803284,-0.02409511127376618,0.0502355694770813,-0.49685269594192505,-0.06750712052786412,0.009368836879730225,-0.40751177072525024,-0.06887574002945485,-0.010107159614562988,-0.3154272139072418,-0.05660289407575192,0.08270817995071411,-0.28935304284095764,-0.0425442631622559,0.10309833288192749,-0.41695618629455566,-0.06785318509543004,0.06813478469848633,-0.3999727666378021,-0.06945454583370747,0.03970611095428467,-0.35362839698791504,-0.06339290247166218
A,0.0,0.0,0.0,-0.06077277660369873,-0.11310446262359619,-0.02242071981436311,-0.09931010007858276,-0.28368666768074036,-0.03521873111731111,-0.1274603009223938,-0.416242390871048,-0.05436967740661203,-0.17217403650283813,-0.5006724148988724,-0.06901389787799417,-0.04282188415527344,-0.40160876512527466,0.003009447745171201,-0.053810179233551025,-0.5442432314157486,-0.04627866725331842,-0.07649272680282593,-0.4635723978281021,-0.07744160721904336,-0.08253401517868042,-0.3762253522872925,-0.08993425647622644,0.0009086132049560547,-0.39425545930862427,-0.0062956768915682915,0.001095116138458252,-0.5548384189605713,-0.06071672270900308,-0.03651052713394165,-0.4378986060619354,-0.07824629227525293,-0.04730367660522461,-0.3323696553707123,-0.07571438382274209,0.04507476091384888,-0.36316224932670593,-0.024602041196885693,0.05987250804901123,-0.5320716798305511,-0.06893381903773843,0.013208329677581787,-0.4452253580093384,-0.06895332465774118,-0.010080218315124512,-0.3487948179244995,-0.05504415611630975,0.09086757898330688,-0.3153650462627411,-0.04631465728289186,0.11486935615539551,-0.448603093624115,-0.06966376731998025,0.07700014114379883,-0.44134455919265747,-0.0700787721098095,0.04511815309524536,-0.40006712079048157,-0.06326627413636743
A,0.0,0.0,0.0,-0.053330063819885254,-0.08731067180633545,-0.027285990057578147,-0.08953166007995605,-0.23242956399917603,-0.04443836466788298,-0.11932045221328735,-0.3425673246383667,-0.06583148495673186,-0.16356104612350464,-0.4076777994632721,-0.08288631842850691,-0.05766326189041138,-0.37773656845092773,-0.008092640651454985,-0.0698358416557312,-0.5236840844154358,-0.05683490143536574,-0.07225310802459717,-0.4322236180305481,-0.08883510039567,-0.07056254148483276,-0.3428272604942322,-0.10218601928471571,-0.005993008613586426,-0.37712007761001587,-0.01586739042221552,-0.009269177913665771,-0.5324630737304688,-0.06863790260075575,-0.025987744331359863,-0.4107418954372406,-0.08990408734797484,-0.032038986682891846,-0.3114725351333618,-0.09091054902791029,0.045278191566467285,-0.35245198011398315,-0.03125437603711134,0.057428181171417236,-0.5170383751392365,-0.07680459575175291,0.030517876148223877,-0.42050302028656006,-0.07918055610178953,0.015804290771484375,-0.32473134994506836,-0.06705133126496321,0.09664088487625122,-0.30959784984588623,-0.04952016727446562,0.11121183633804321,-0.437944620847702,-0.07666554556607252,0.08374720811843872,-0.4090256094932556,-0.07607080296992308,0.06112915277481079,-0.3554338216781616,-0.06762168811081892
A,0.0,0.0,0.0,-0.06503334641456604,-0.10574644804000854,-0.019454198289338365,-0.10778135061264038,-0.24628198146820068,-0.03268103334647776,-0.13898909091949463,-0.35348695516586304,-0.052501026872221246,-0.18038833141326904,-0.42951351404190063,-0.06841801512581469,-0.06879305839538574,-0.38367462158203125,0.004735094163891063,-0.09612494707107544,-0.5285218954086304,-0.03882861170512797,-0.11684459447860718,-0.4479549527168274,-0.06784975189310671,-0.12071821093559265,-0.37026751041412354,-0.08009136128765704,-0.028098762035369873,-0.38207221031188965,-0.006359457369569554,-0.04170048236846924,-0.5444119274616241,-0.05461271512848498,-0.07860380411148071,-0.4336910843849182,-0.07188567924839617,-0.08926934003829956,-0.34504562616348267,-0.07163932580095889,0.01417475938796997,-0.3557996153831482,-0.025643192562881723,0.017814040184020996,-0.5265988707542419,-0.06397116589886309,-0.027802884578704834,-0.4348413050174713,-0.06503503430229784,-0.04777181148529053,-0.3442819118499756,-0.05421852353555323,0.05910581350326538,-0.3098990321159363,-0.04829048771006228,0.07197827100753784,-0.43552687764167786,-0.06840949166161181,0.026668548583984375,-0.41039350628852844,-0.0690842832956946,-0.0067490339279174805,-0.3597400188446045,-0.06387561220270754
A,0.0,0.0,0.0,-0.055927574634552,-0.09398883581161499,-0.03396478238619238,-0.09218168258666992,-0.25450170040130615,-0.05007203239119917,-0.1267033815383911,-0.3714885711669922,-0.06711713167942435,-0.16973286867141724,-0.44324567914009094,-0.0764173412612763,-0.03222709894180298,-0.3535268306732178,-0.007446850548603834,-0.04977107048034668,-0.4500765800476074,-0.05647570955670744,-0.05477750301361084,-0.331255704164505,-0.07761955949581534,-0.045177996158599854,-0.2841554284095764,-0.08477857652223975,0.017804443836212158,-0.3303903341293335,-0.008595276056894363,0.000921785831451416,-0.4063176214694977,-0.059518258451589645,-0.016985177993774414,-0.25854694843292236,-0.0630361208609429,-0.004456460475921631,-0.24623489379882812,-0.052341661780246795,0.06537604331970215,-0.28797397017478943,-0.019561254783639015,0.049956679344177246,-0.3522612452507019,-0.06875652018106848,0.026614367961883545,-0.22561007738113403,-0.04744735303438574,0.04049944877624512,-0.21650153398513794,-0.019624586581358017,0.1093515157699585,-0.23801374435424805,-0.03410877975738913,0.1002274751663208,-0.29042473435401917,-0.05720915961182982,0.07434362173080444,-0.2166292667388916,-0.038871712415584625,0.07967424392700195,-0.20070487260818481,-0.01810879948652655
A,0.0,0.0,0.0,-0.047599971294403076,-0.0855976939201355,-0.041387885613289654,-0.07351970672607422,-0.22072523832321167,-0.0729066355060013,-0.10574007034301758,-0.3159525394439697,-0.1061397937963875,-0.15177631378173828,-0.3865734338760376,-0.13592948744997102,-0.002938508987426758,-0.38965797424316406,-0.04048849995240289,0.027666866779327393,-0.5575297027826309,-0.09732885639175493,0.00557941198348999,-0.48352348804473877,-0.13479477892622072,-0.01229923963546753,-0.3942174017429352,-0.15193752179845887,0.04839730262756348,-0.3601386547088623,-0.046423941655007184,0.09302103519439697,-0.5416153371334076,-0.10577172021373826,0.058562517166137695,-0.44941866397857666,-0.13456647823556978,0.03355216979980469,-0.3593030571937561,-0.1420807612965973,0.09297186136245728,-0.3103936016559601,-0.05972590277895051,0.14152556657791138,-0.47166597843170166,-0.10718534867271501,0.10700887441635132,-0.4119057059288025,-0.11962766925796586,0.0778079628944397,-0.33134278655052185,-0.11684140543445665,0.13307970762252808,-0.24384337663650513,-0.07674527893766481,0.17474079132080078,-0.36490628123283386,-0.10359702239736635,0.1504228711128235,-0.357278048992157,-0.10822594891294557,0.12198483943939209,-0.3113013803958893,-0.10621659438118058
A,0.0,0.0,0.0,-0.05238837003707886,-0.09149360656738281,-0.028668449411441088,-0.08245855569839478,-0.24683469533920288,-0.0443852182126534,-0.1094089150428772,-0.3585106432437897,-0.06279752511744618,-0.14686769247055054,-0.43661272525787354,-0.07659910727505803,-0.02396976947784424,-0.3773517310619354,-0.0037130293550831084,-0.023018479347229004,-0.47595199942588806,-0.0482016030347836,-0.031180977821350098,-0.37358853220939636,-0.07649266828065038,-0.0339474081993103,-0.2978653907775879,-0.08838512856726766,0.028041541576385498,-0.36193573474884033,-0.007472125964511633,0.03354203701019287,-0.470136821269989,-0.05532084886198163,0.01200324296951294,-0.3427259624004364,-0.07027058411603093,0.0031830668449401855,-0.2686096429824829,-0.06753889579539418,0.07815700769424438,-0.3246666491031647,-0.018872331047703028,0.09318399429321289,-0.43554919958114624,-0.06387156356339574,0.06277436017990112,-0.3258196711540222,-0.05644952241544843,0.04694974422454834,-0.254572331905365,-0.03731753785376668,0.1252174973487854,-0.2736782729625702,-0.0329425792789948,0.14321666955947876,-0.3647639751434326,-0.057241899112511874,0.11257791519165039,-0.3117169737815857,-0.046712094137717486,0.09169816970825195,-0.2684800624847412,-0.030642901698399783
A,0.0,0.0,0.0,-0.051255643367767334,-0.09061777591705322,-0.029934860593243684,-0.07940232753753662,-0.24433636665344238,-0.047095017334982,-0.10554766654968262,-0.3555111289024353,-0.0670104080946885,-0.14294886589050293,-0.43502119183540344,-0.08236059342937097,-0.021657228469848633,-0.37411242723464966,-0.006108370436891164,-0.019858956336975098,-0.47439318895339966,-0.0521691830964528,-0.028652429580688477,-0.37211865186691284,-0.08108514343814477,-0.032532334327697754,-0.2944975197315216,-0.09284388070420846,0.030342161655426025,-0.35739681124687195,-0.009239245964749898,0.03576558828353882,-0.46612548828125,-0.0584604049237214,0.014352083206176758,-0.33720555901527405,-0.07387693022803887,0.004664719104766846,-0.2604526877403259,-0.07120785658673867,0.08048945665359497,-0.32013529539108276,-0.020167149430676545,0.09600698947906494,-0.4347325563430786,-0.06620901619510278,0.06539934873580933,-0.32344794273376465,-0.05929961597041711,0.04830312728881836,-0.24817490577697754,-0.040015661916299905,0.12742960453033447,-0.2699175477027893,-0.03383220156149491,0.14805680513381958,-0.36591312289237976,-0.05892285873608216,0.11884570121765137,-0.3170253038406372,-0.04942843486981019,0.09741359949111938,-0.27469322085380554,-0.03376911377029046
A,0.0,0.0,0.0,-0.055123329162597656,-0.09322512149810791,-0.02813515413015466,-0.08787786960601807,-0.25301694869995117,-0.040459980922037175,-0.10951095819473267,-0.37644365429878235,-0.057193686919504216,-0.1422058343887329,-0.4655839204788208,-0.0682025828531323,-0.039416491985321045,-0.38395392894744873,0.0028358996247561663,-0.04835546016693115,-0.5056535303592682,-0.04189961935787778,-0.05617105960845947,-0.4087733328342438,-0.06868927712946515,-0.05251544713973999,-0.3252917230129242,-0.07815433825760465,0.010075628757476807,-0.3755151629447937,-0.0008233763177258879,0.00591433048248291,-0.5056055188179016,-0.04779881771116834,-0.015059053897857666,-0.375906765460968,-0.06101125638394933,-0.016076505184173584,-0.28655943274497986,-0.05656338642745595,0.060294270515441895,-0.3429502844810486,-0.013542460011535695,0.06887215375900269,-0.4885029196739197,-0.058947602020793965,0.036108314990997314,-0.3781895637512207,-0.05457068394332509,0.02343517541885376,-0.2847910225391388,-0.0365018450787602,0.11092454195022583,-0.2937456965446472,-0.02936697910934072,0.13586097955703735,-0.41426724195480347,-0.056640909718566945,0.10526764392852783,-0.38201001286506653,-0.05356823440104108,0.08135032653808594,-0.33093637228012085,-0.042196312653118184
A,0.0,0.0,0.0,-0.05775761604309082,-0.11094838380813599,-0.022223300096641196,-0.08955448865890503,-0.2756637930870056,-0.033921173569808616,-0.11246585845947266,-0.3944227993488312,-0.051049309578786506,-0.14354032278060913,-0.4831628203392029,-0.06263856848801197,-0.02625894546508789,-0.38561558723449707,0.0028205231939750774,-0.03935271501541138,-0.5063325762748718,-0.04335313549364628,-0.06280124187469482,-0.40113934874534607,-0.06919954976166309,-0.06172013282775879,-0.3211740553379059,-0.07863571753824772,0.014550089836120605,-0.3662639558315277,-0.005108691548059596,0.003581821918487549,-0.5024965554475784,-0.05585691219295086,-0.030992090702056885,-0.36890339851379395,-0.06654584666813435,-0.02841585874557495,-0.2835090756416321,-0.05945141127432407,0.05481988191604614,-0.3252679705619812,-0.021630850416670455,0.058333516120910645,-0.47372007369995117,-0.0677097391160828,0.014808833599090576,-0.3606054186820984,-0.056972848978887214,0.004113316535949707,-0.27258408069610596,-0.03438132887805523,0.09590387344360352,-0.26984137296676636,-0.041104337927947654,0.11219090223312378,-0.3889705240726471,-0.06669946273888172,0.07149064540863037,-0.35043370723724365,-0.05890111139143528,0.047627270221710205,-0.2971729636192322,-0.04423988124455036
A,0.0,0.0,0.0,-0.05080568790435791,-0.10363256931304932,-0.031574423115444006,-0.07452446222305298,-0.2594704031944275,-0.04919049764771444,-0.08765381574630737,-0.3855186998844147,-0.07141189898152334,-0.1158943772315979,-0.4866839647293091,-0.08807740236420614,-0.027462244033813477,-0.39689013361930847,-0.0034639878829239024,-0.030235886573791504,-0.5341415852308273,-0.05519056941170675,-0.03943365812301636,-0.4502042531967163,-0.0886282461394785,-0.04205024242401123,-0.3621254563331604,-0.10158291335005742,0.022450387477874756,-0.38692787289619446,-0.0072820779566882265,0.028477072715759277,-0.5380919873714447,-0.06159828106660825,0.003511965274810791,-0.41967228055000305,-0.0817208799232958,-0.006079733371734619,-0.3172839879989624,-0.08096283550162298,0.07178318500518799,-0.3506462872028351,-0.020419579621147932,0.09489154815673828,-0.5137534588575363,-0.0697151037563799,0.05873918533325195,-0.42088449001312256,-0.07232627893586141,0.03653848171234131,-0.3208054304122925,-0.058071969698858084,0.12016218900680542,-0.294443279504776,-0.03702192256946546,0.1576785445213318,-0.4158046245574951,-0.06762299562592489,0.12904947996139526,-0.41259798407554626,-0.07161922628779394,0.0990837812423706,-0.3754352033138275,-0.0650074246038912
A,0.0,0.0,0.0,-0.044187963008880615,-0.09894394874572754,-0.032819429550897894,-0.06033587455749512,-0.24201679229736328,-0.053285414491426764,-0.07714343070983887,-0.3499356210231781,-0.0775511694593547,-0.1123088002204895,-0.4320340156555176,-0.09725176370574218,-0.014023065567016602,-0.39210155606269836,-0.008930650678109942,-0.014140903949737549,-0.5129395872354507,-0.0594033805174945,-0.021496951580047607,-0.4154607057571411,-0.09175777262879592,-0.023395061492919922,-0.33161240816116333,-0.10482984608842116,0.04052591323852539,-0.37298116087913513,-0.012483508464526949,0.046322524547576904,-0.5038138031959534,-0.06622899896336776,0.022490501403808594,-0.3787606954574585,-0.08652805364562255,0.011844813823699951,-0.2893862724304199,-0.08665735847188216,0.09193170070648193,-0.33306214213371277,-0.024537440527808485,0.11217010021209717,-0.46983808279037476,-0.073180107538235,0.07848769426345825,-0.36873766779899597,-0.07486607706977111,0.058687686920166016,-0.2798144519329071,-0.060919797186386404,0.14099276065826416,-0.2765064537525177,-0.03973413831425887,0.16916143894195557,-0.3850167691707611,-0.06686822897626143,0.14325428009033203,-0.3637426793575287,-0.06609403914643508,0.12070178985595703,-0.32452595233917236,-0.056983826820385275
A,0.0,0.0,0.0,-0.05891823768615723,-0.09853577613830566,-0.03009080291394639,-0.08648842573165894,-0.2670525908470154,-0.046022079518479586,-0.10827142000198364,-0.3939034640789032,-0.0674817297667687,-0.15592670440673828,-0.47580887377262115,-0.0837403196901505,-0.037689387798309326,-0.41069960594177246,0.0030854718233968015,-0.04852205514907837,-0.5363767296075821,-0.04789851196710515,-0.04981106519699097,-0.426363468170166,-0.0781652960986321,-0.04435145854949951,-0.3352002203464508,-0.08831832148734975,0.01693880558013916,-0.39823660254478455,-0.000414066610574082,0.007995963096618652,-0.5181286036968231,-0.05479153954092908,-0.006795048713684082,-0.36954325437545776,-0.07138621397916722,-0.005968749523162842,-0.2733760178089142,-0.06755943932239461,0.07328766584396362,-0.36351847648620605,-0.013631131133479357,0.074729323387146,-0.5101090520620346,-0.06580128111545491,0.045187294483184814,-0.383517861366272,-0.06233166121546674,0.034107327461242676,-0.27940067648887634,-0.04250422455970693,0.12754136323928833,-0.3171412944793701,-0.029896502947849513,0.14811962842941284,-0.44204017519950867,-0.059268407157105685,0.1250993013381958,-0.42230284214019775,-0.056483748933715106,0.10840868949890137,-0.38381141424179077,-0.04424456470314908
A,0.0,0.0,0.0,-0.06285881996154785,-0.061394333839416504,-0.035300881807131645,-0.11172366142272949,-0.2000408172607422,-0.057194897178931114,-0.1489049792289734,-0.30028748512268066,-0.08015119770578849,-0.19523543119430542,-0.3635612726211548,-0.09777664134315955,-0.06481939554214478,-0.379867285490036,-0.024616967160625336,-0.0773158073425293,-0.490418016910553,-0.08102173099331367,-0.09490883350372314,-0.36982622742652893,-0.11204781869463432,-0.09904444217681885,-0.2801918387413025,-0.1234837223034333,-0.0075827836990356445,-0.36495059728622437,-0.03056940736286151,-0.014155149459838867,-0.4792736768722534,-0.08946452776007163,-0.04817509651184082,-0.3187186121940613,-0.10168571511320579,-0.05618917942047119,-0.23187637329101562,-0.09429055193476188,0.04577231407165527,-0.3222121596336365,-0.04529179373793113,0.05197703838348389,-0.4386536777019501,-0.10367579499296653,0.006600439548492432,-0.2944188117980957,-0.09315055349878776,-0.01206517219543457,-0.20767271518707275,-0.06861005464605796,0.095062255859375,-0.26152700185775757,-0.06270780900530326,0.10173827409744263,-0.3477799892425537,-0.10089899340681541,0.060250043869018555,-0.26774948835372925,-0.09145682046226966,0.03673511743545532,-0.20684713125228882,-0.07283358017019737
A,0.0,0.0,0.0,-0.06481772661209106,-0.12179946899414062,-0.02496878166556371,-0.10491102933883667,-0.2991512715816498,-0.03886452239811433,-0.1292399764060974,-0.4366588741540909,-0.05949870419561876,-0.16326195001602173,-0.5443065315485001,-0.0744018435186149,-0.05143100023269653,-0.4426805377006531,0.00747269748836743,-0.06259256601333618,-0.6092592775821686,-0.044591429800391325,-0.07820188999176025,-0.5166904479265213,-0.07825687077701104,-0.0770348310470581,-0.4188201576471329,-0.09112567749679101,-0.0026850104331970215,-0.43602967262268066,-0.002081292139962443,0.0009822845458984375,-0.6233546137809753,-0.05770852711856378,-0.032312214374542236,-0.4907059073448181,-0.07684051540553583,-0.040182650089263916,-0.37535615265369415,-0.07394670990169061,0.046793341636657715,-0.40620458126068115,-0.021305329323411115,0.06295973062515259,-0.5991103053092957,-0.06725946363866342,0.01908797025680542,-0.49299515783786774,-0.06538592574059976,0.0005664825439453125,-0.38195039331912994,-0.04858923626005662,0.09798407554626465,-0.3574882447719574,-0.04434708055913461,0.11751121282577515,-0.5071028918027878,-0.0685276865667106,0.07984417676925659,-0.479728102684021,-0.06537763324439538,0.052973151206970215,-0.41590332984924316,-0.05450466942846788
A,0.0,0.0,0.0,-0.07200413942337036,-0.13050854206085205,-0.01635780691998434,-0.11797356605529785,-0.2944214940071106,-0.027304015531115056,-0.14821487665176392,-0.4235822260379791,-0.04586588911610079,-0.18669229745864868,-0.5222977250814438,-0.0595839949687047,-0.06715917587280273,-0.4310230016708374,0.017906159685082912,-0.07722485065460205,-0.5794904977083206,-0.02962356008487177,-0.0932350754737854,-0.5051699131727219,-0.06459002889590693,-0.09302973747253418,-0.4123336672782898,-0.07960057951407862,-0.018388986587524414,-0.42701461911201477,0.005552495421000003,-0.019122958183288574,-0.5912767946720123,-0.04484539426761103,-0.050827205181121826,-0.48134224116802216,-0.06725930370288324,-0.05621957778930664,-0.3752003610134125,-0.06878272391753626,0.029845774173736572,-0.4014173448085785,-0.015384938045315266,0.04167437553405762,-0.5669997036457062,-0.05506083316998911,-0.00037479400634765625,-0.4819277673959732,-0.05611398763852549,-0.015877902507781982,-0.38627099990844727,-0.04375213332372141,0.07952934503555298,-0.3556993305683136,-0.03954080440001917,0.09721994400024414,-0.49906323850154877,-0.05831611476736498,0.057704925537109375,-0.47841502726078033,-0.054455115868620396,0.03011023998260498,-0.4235094487667084,-0.044621727838091374
A,0.0,0.0,0.0,-0.04796957969665527,-0.09706437587738037,-0.021314842566710013,-0.07399976253509521,-0.2320646047592163,-0.03311001689718296,-0.08817446231842041,-0.33856135606765747,-0.05018684448288013,-0.11115860939025879,-0.42765451967716217,-0.06322087900326778,-0.033979594707489014,-0.34200799465179443,0.004834940251100761,-0.03849029541015625,-0.4680705815553665,-0.037022693022947806,-0.04840594530105591,-0.3983674645423889,-0.0658991168587022,-0.050595104694366455,-0.3218393921852112,-0.07806963281319668,0.004160165786743164,-0.3370341956615448,-0.002123953947659629,0.007452547550201416,-0.47798895835876465,-0.045411350145798224,-0.015015184879302979,-0.3786545693874359,-0.06422823475287487,-0.02276545763015747,-0.29407116770744324,-0.0662796254603677,0.042553722858428955,-0.31319600343704224,-0.016729671448331374,0.05587071180343628,-0.4604267328977585,-0.053346713945131796,0.025789499282836914,-0.3812255263328552,-0.05624237091825535,0.010383188724517822,-0.2963961958885193,-0.047128079399328726,0.08172017335891724,-0.27355390787124634,-0.03439231769726803,0.10119795799255371,-0.3867832124233246,-0.055329175606232184,0.07486933469772339,-0.3687249720096588,-0.05626704724119236,0.051986634731292725,-0.32207566499710083,-0.05081824766085674
A,0.0,0.0,0.0,-0.046730995178222656,-0.10712724924087524,-0.01231047005956043,-0.0670965313911438,-0.24432948231697083,-0.017953985907183778,-0.07856577634811401,-0.35107964277267456,-0.030507478468166482,-0.09677451848983765,-0.4361431747674942,-0.03923888092492689,-0.016908764839172363,-0.34209951758384705,0.024580538667692053,-0.017277121543884277,-0.4557415097951889,-0.010998512223409307,-0.03223598003387451,-0.4124996215105057,-0.03813580756639112,-0.04228717088699341,-0.3446439206600189,-0.049022193603263986,0.0180666446685791,-0.3357998728752136,0.016327098406804907,0.023431241512298584,-0.4610007256269455,-0.01982499805842508,-0.0008309483528137207,-0.39320823550224304,-0.039657149069057596,-0.01078641414642334,-0.3150607943534851,-0.042771588616119516,0.053660452365875244,-0.31266701221466064,0.0007245954931249798,0.07094192504882812,-0.4417901635169983,-0.030534373201476228,0.040956318378448486,-0.390533983707428,-0.03696488177035917,0.024684011936187744,-0.31647789478302,-0.030259312666998994,0.0909225344657898,-0.27486637234687805,-0.017248214758978975,0.11317259073257446,-0.3807108700275421,-0.03428485205029119,0.08830398321151733,-0.3801361620426178,-0.036306541018234384,0.06515026092529297,-0.34263476729393005,-0.03136105795954336
A,0.0,0.0,0.0,-0.0557023286819458,-0.08777141571044922,-0.01581212550439659,-0.09109443426132202,-0.22636935114860535,-0.024950921982906493,-0.11377453804016113,-0.33080050349235535,-0.03982952654399696,-0.14536190032958984,-0.4063675105571747,-0.05063696622886482,-0.04946678876876831,-0.3323550820350647,0.006194480247415868,-0.06218451261520386,-0.44786813855171204,-0.03331794634499374,-0.08508992195129395,-0.37665288150310516,-0.05799085319080177,-0.08910134434700012,-0.3055519163608551,-0.06759416356720749,-0.015799403190612793,-0.32338887453079224,-0.003012251090638074,-0.020144402980804443,-0.4524931013584137,-0.0472563472393972,-0.05240565538406372,-0.3521040081977844,-0.06187787324228111,-0.05848342180252075,-0.26856255531311035,-0.059658725262067946,0.017969965934753418,-0.2975061237812042,-0.019419964850328597,0.022736012935638428,-0.427770659327507,-0.05514051809944931,-0.014897465705871582,-0.3480185270309448,-0.05479251638092819,-0.029669106006622314,-0.27015581727027893,-0.04315582707562271,0.05492788553237915,-0.2608293890953064,-0.03846277713813606,0.06921428442001343,-0.37348519265651703,-0.0566509109739286,0.03787815570831299,-0.3555188775062561,-0.05546487912573639,0.014671742916107178,-0.3141806423664093,-0.04868066355624023
A,0.0,0.0,0.0,-0.06236225366592407,-0.09212619066238403,-0.011561358577068859,-0.10312336683273315,-0.23544847965240479,-0.017175856275912338,-0.12891891598701477,-0.3427101671695709,-0.02939068083321672,-0.15938788652420044,-0.4218309372663498,-0.03717051003729921,-0.060648113489151,-0.34688030183315277,0.017609066100362725,-0.07402926683425903,-0.4652315676212311,-0.017570388732906395,-0.09777775406837463,-0.4001748412847519,-0.04136504907762628,-0.10140550136566162,-0.3240138292312622,-0.05059109185492616,-0.025930047035217285,-0.3447854816913605,0.008517564044836945,-0.03716236352920532,-0.47809188067913055,-0.03070458327090364,-0.07048928737640381,-0.3868655264377594,-0.04524103109395128,-0.07478216290473938,-0.29846327006816864,-0.04338306490933519,0.009567201137542725,-0.32604438066482544,-0.007749531647618824,0.008952200412750244,-0.4615560919046402,-0.03844400797640901,-0.03069990873336792,-0.3900136798620224,-0.038619986964818054,-0.0442596971988678,-0.3092370629310608,-0.02803940814590078,0.04795539379119873,-0.2932410091161728,-0.02664204430436712,0.060362040996551514,-0.40914781391620636,-0.04141972143804651,0.025592327117919922,-0.3996202051639557,-0.040856125994082504,0.00039207935333251953,-0.36070433259010315,-0.03490138728773218
A,0.0,0.0,0.0,-0.07184839248657227,-0.08659297227859497,-0.016295638042890914,-0.12139561772346497,-0.21969866752624512,-0.02760902430435408,-0.1542411744594574,-0.3224836587905884,-0.04488787438293684,-0.19059348106384277,-0.4002552032470703,-0.05712138127108801,-0.08427068591117859,-0.34886959195137024,0.0021155650118203084,-0.10405594110488892,-0.47118738293647766,-0.042055890071594604,-0.12362921237945557,-0.3812192380428314,-0.06864523525854338,-0.12272745370864868,-0.29988324642181396,-0.078865673500502,-0.046839118003845215,-0.3432613015174866,-0.007824933263862022,-0.065497487783432,-0.47356535494327545,-0.05732319142242659,-0.09504085779190063,-0.35126423835754395,-0.07242361839433897,-0.0947996973991394,-0.26102492213249207,-0.06968935217281569,-0.00873178243637085,-0.3218313157558441,-0.025207067015969642,-0.01653432846069336,-0.4586576819419861,-0.0660291650476097,-0.05552184581756592,-0.3597323000431061,-0.06516867514272917,-0.0675191879272461,-0.27306514978408813,-0.05202156688591231,0.03306150436401367,-0.28871965408325195,-0.045020889598333724,0.03952687978744507,-0.40818917751312256,-0.06776893522163618,0.0016676783561706543,-0.3767387568950653,-0.06751131649633635,-0.02382427453994751,-0.32466039061546326,-0.06007936235090483
A,0.0,0.0,0.0,-0.06696957349777222,-0.11154797673225403,-0.01406025264583377,-0.10243278741836548,-0.2868812680244446,-0.01783167973331956,-0.12420094013214111,-0.41438791155815125,-0.029439691753907482,-0.15902942419052124,-0.5017825067043304,-0.03640652105383424,-0.055744469165802,-0.41191665083169937,0.026787385044769962,-0.06682997941970825,-0.5278759747743607,-0.014361644463463108,-0.07347607612609863,-0.4439026415348053,-0.044068310709519665,-0.0726020336151123,-0.34759196639060974,-0.05514628097586183,-0.007749199867248535,-0.40561001002788544,0.017405455632285793,-0.014612317085266113,-0.5311100333929062,-0.02744442627005128,-0.029978036880493164,-0.41391313821077347,-0.04727820709518937,-0.031410157680511475,-0.30421963334083557,-0.04624943465165643,0.0428166389465332,-0.37966200709342957,-0.00029102699187433245,0.04288911819458008,-0.5152496546506882,-0.039625797720475475,0.016799509525299072,-0.41907741129398346,-0.041599124969764034,0.007499873638153076,-0.3173699826002121,-0.02817552007905988,0.09600967168807983,-0.33837078511714935,-0.020581087397260944,0.10820746421813965,-0.4619331955909729,-0.04231790110640077,0.078826904296875,-0.43796228617429733,-0.04059433221988229,0.05605429410934448,-0.37917426228523254,-0.030698275493307392
A,0.0,0.0,0.0,-0.0629315972328186,-0.11116719245910645,-0.023691171061500427,-0.09785258769989014,-0.2855239808559418,-0.031567153733476516,-0.1179857850074768,-0.41241610050201416,-0.045160801362499114,-0.14995956420898438,-0.507390946149826,-0.05326502139519107,-0.053746581077575684,-0.3870832622051239,0.016275717664257172,-0.062288105487823486,-0.4948395788669586,-0.02851746718238246,-0.061503827571868896,-0.3878435790538788,-0.05646498243163478,-0.0553508996963501,-0.3009949028491974,-0.0664461266512717,-0.0034260153770446777,-0.38270103931427,0.011709474745885018,-0.011075019836425781,-0.4913482815027237,-0.03540341670463931,-0.01841682195663452,-0.3528555631637573,-0.04972011337827098,-0.012838959693908691,-0.2667236328125,-0.04608458022426021,0.0489158034324646,-0.3585717976093292,-0.0022984244658346142,0.04968839883804321,-0.4921600967645645,-0.0462417912001456,0.029404640197753906,-0.36916524171829224,-0.03797922770331752,0.02468252182006836,-0.2755531668663025,-0.017292537939056274,0.10125130414962769,-0.31986793875694275,-0.019604479175313827,0.11873102188110352,-0.44010403752326965,-0.044440270614131805,0.09091275930404663,-0.3891198933124542,-0.03667290623138797,0.07032912969589233,-0.3288952708244324,-0.021769269582136985
A,0.0,0.0,0.0,-0.06600779294967651,-0.08917450904846191,-0.02184975461113936,-0.11179709434509277,-0.2401214838027954,-0.03387074486363417,-0.1464993953704834,-0.3485894203186035,-0.05108312086213118,-0.19553029537200928,-0.4076138734817505,-0.06356842757213599,-0.06819826364517212,-0.35887137055397034,-0.0018654576224435004,-0.08802640438079834,-0.4850720167160034,-0.04654209257114417,-0.09902393817901611,-0.3778872489929199,-0.07240605295646674,-0.09526979923248291,-0.297686368227005,-0.08252797217119223,-0.027177870273590088,-0.3510890305042267,-0.010294314818565908,-0.04528409242630005,-0.4852297604084015,-0.060108128348474565,-0.06456226110458374,-0.34512749314308167,-0.07265283853757865,-0.06085371971130371,-0.25756746530532837,-0.06797937990177161,0.015293598175048828,-0.32611098885536194,-0.02655285351920611,0.007239043712615967,-0.4689524173736572,-0.07038989604461676,-0.022662699222564697,-0.3460679054260254,-0.061635679910068575,-0.029778480529785156,-0.25279372930526733,-0.04187647194612509,0.059565067291259766,-0.29050055146217346,-0.045769106010084215,0.06492894887924194,-0.41012150049209595,-0.06929062993276602,0.03399258852005005,-0.3596491515636444,-0.0615653874074269,0.01534038782119751,-0.2986040413379669,-0.04831607953656203
A,0.0,0.0,0.0,-0.061057448387145996,-0.09518742561340332,-0.024370540866925694,-0.10165596008300781,-0.24467304348945618,-0.039120945150330044,-0.1350453495979309,-0.35547706484794617,-0.058927989566996075,-0.1849050521850586,-0.41795778274536133,-0.0739886080867791,-0.057736992835998535,-0.36823272705078125,-0.00580998370639918,-0.07600098848342896,-0.4969312995672226,-0.05360924732156036,-0.0877808928489685,-0.39389967918395996,-0.08111973013944862,-0.08429032564163208,-0.31076371669769287,-0.09138595964975593,-0.013176560401916504,-0.3608013093471527,-0.01285655889876125,-0.02524334192276001,-0.49864448606967926,-0.06532001402445076,-0.048053860664367676,-0.36333221197128296,-0.07922539767093895,-0.04783129692077637,-0.2703171968460083,-0.07504624035425422,0.03266853094100952,-0.3343215584754944,-0.028027447874023892,0.03169173002243042,-0.48120754957199097,-0.0758763244397187,-0.003325521945953369,-0.3626524806022644,-0.07083758618898628,-0.015469491481781006,-0.2634493112564087,-0.0522385267562413,0.07996892929077148,-0.2964639663696289,-0.045978195036127545,0.0938907265663147,-0.4196876585483551,-0.07376035955019233,0.06124764680862427,-0.38186249136924744,-0.07042281981773613,0.037901341915130615,-0.32475119829177856,-0.05933242570824859
A,0.0,0.0,0.0,-0.07649102807044983,-0.10781806707382202,-0.01855301304914292,-0.1257871389389038,-0.25766420364379883,-0.03117992363132771,-0.16705581545829773,-0.36783072352409363,-0.050475452162402235,-0.2157348394393921,-0.437096506357193,-0.06400981179632481,-0.0818462073802948,-0.39187437295913696,0.007219135694128909,-0.10209530591964722,-0.5202081799507141,-0.04053362838186558,-0.11433437466621399,-0.4119637608528137,-0.0701537989751273,-0.10757088661193848,-0.32908010482788086,-0.08268189809479054,-0.0390414297580719,-0.3853123188018799,-0.0033709190991544347,-0.055732548236846924,-0.5208600163459778,-0.05571388087429341,-0.07980072498321533,-0.383444607257843,-0.071211513198989,-0.074583500623703,-0.2951572835445404,-0.06898221752800282,0.0046803951263427734,-0.3569577634334564,-0.02279267839350041,0.00045430660247802734,-0.5049042999744415,-0.06692229590572651,-0.037926167249679565,-0.3989672064781189,-0.06394606462873753,-0.048688292503356934,-0.31197261810302734,-0.04917953915156659,0.05102890729904175,-0.3120783269405365,-0.04525549716510113,0.06759703159332275,-0.44189733266830444,-0.0696093403474265,0.027443408966064453,-0.4085688591003418,-0.0686613582745963,-0.0008316636085510254,-0.35435032844543457,-0.06113423786320027
A,0.0,0.0,0.0,-0.053082168102264404,-0.06823348999023438,-0.02557023511241141,-0.0919632613658905,-0.19885754585266113,-0.03921493784497443,-0.12091958522796631,-0.2936411499977112,-0.056653587976200015,-0.15583205223083496,-0.36381620168685913,-0.06915110246251288,-0.053343355655670166,-0.3347461223602295,-0.0034681473762816495,-0.07358640432357788,-0.44309988617897034,-0.047840258935195834,-0.08723866939544678,-0.3522396981716156,-0.07321201906512442,-0.08390140533447266,-0.2804994583129883,-0.08181700007031623,-0.01127016544342041,-0.3302816152572632,-0.008264858172935874,-0.026005327701568604,-0.4492064118385315,-0.0560052459032363,-0.05220311880111694,-0.3265833854675293,-0.06772363827536765,-0.05229520797729492,-0.24529153108596802,-0.06195411355207625,0.031527817249298096,-0.3040355145931244,-0.021334336036545665,0.028391480445861816,-0.43236589431762695,-0.06788011536906424,-0.006827354431152344,-0.3217255771160126,-0.06376118109534445,-0.017560601234436035,-0.2354688048362732,-0.04547199130962554,0.07596087455749512,-0.2631574273109436,-0.03695130244801703,0.09193933010101318,-0.3734400272369385,-0.06642399624894324,0.0586361289024353,-0.3311297595500946,-0.06418181852410498,0.035252928733825684,-0.2753005623817444,-0.05283402920673552
A,0.0,0.0,0.0,-0.0704495906829834,-0.08893585205078125,-0.023496570375300507,-0.11762723326683044,-0.23899251222610474,-0.041373994511104684,-0.15931987762451172,-0.3485192358493805,-0.06523719088409052,-0.2017393261194229,-0.43463991582393646,-0.08497697518441782,-0.050380557775497437,-0.383931040763855,-0.0031735858251522586,-0.07024607062339783,-0.5211804509162903,-0.05596603856656657,-0.1064596176147461,-0.447699636220932,-0.08906208382222758,-0.11244836449623108,-0.36722496151924133,-0.10302897946212397,-0.018511295318603516,-0.372230127453804,-0.013490593370534043,-0.03677216172218323,-0.5168984681367874,-0.07005966858241663,-0.08552134037017822,-0.421648770570755,-0.08814120696160899,-0.09146445989608765,-0.33682894706726074,-0.08624900535915003,0.014360040426254272,-0.3441939949989319,-0.03302761943314181,0.0034284889698028564,-0.4799891859292984,-0.08325808153722392,-0.05193552374839783,-0.3993846923112869,-0.08220297501657114,-0.06787329912185669,-0.31681644916534424,-0.066540066462494,0.04756435751914978,-0.3012169301509857,-0.05578331680271731,0.047775596380233765,-0.40971334278583527,-0.08384701268050776,-0.0009552836418151855,-0.3795778453350067,-0.08093528853032694,-0.02792981266975403,-0.3195275366306305,-0.07026207850549326
A,0.0,0.0,0.0,-0.0646456778049469,-0.08033913373947144,-0.024425359750068765,-0.10652831196784973,-0.2210652232170105,-0.04004269123998938,-0.13262981176376343,-0.3253443241119385,-0.0596056248339778,-0.15490275621414185,-0.4151656925678253,-0.07478010312644301,-0.04173406958580017,-0.3572138547897339,-0.004831038722670655,-0.05704599618911743,-0.4711892306804657,-0.05480142713514624,-0.08351129293441772,-0.40652984380722046,-0.08821209923354445,-0.08557984232902527,-0.33867084980010986,-0.10368889973489104,-0.0044127702713012695,-0.34620925784111023,-0.01358034492460547,-0.014208316802978516,-0.46715766191482544,-0.06625464216796217,-0.05757293105125427,-0.3894583284854889,-0.08620076284734068,-0.06624963879585266,-0.3207821846008301,-0.08774515644637404,0.03196614980697632,-0.3152482509613037,-0.030989805543697457,0.03144025802612305,-0.428402915596962,-0.07766417817202864,-0.01884940266609192,-0.36804741621017456,-0.0800308476480609,-0.03722268342971802,-0.30596786737442017,-0.06901167736378966,0.06751352548599243,-0.2686060667037964,-0.05153316662637053,0.07558804750442505,-0.36206239461898804,-0.08013385192481337,0.03168034553527832,-0.3428899347782135,-0.08056968853799162,0.004458606243133545,-0.30253010988235474,-0.0731728638800746
A,0.0,0.0,0.0,-0.053648531436920166,-0.08437502384185791,-0.02663917330238519,-0.08476448059082031,-0.2158679962158203,-0.04166365650627313,-0.1014564037322998,-0.3244746923446655,-0.05994056028458772,-0.1304129958152771,-0.4059891402721405,-0.072586985800001,-0.04135841131210327,-0.3469008505344391,-0.007021810888829805,-0.04931020736694336,-0.4703611433506012,-0.04776571181747613,-0.05392807722091675,-0.3802002966403961,-0.0717882016036242,-0.05305790901184082,-0.30193009972572327,-0.08073023197385965,0.006235182285308838,-0.33825936913490295,-0.010542056086990215,0.0030188560485839844,-0.4633752703666687,-0.05706012857291398,-0.015291869640350342,-0.3507450222969055,-0.0733235352966517,-0.021750926971435547,-0.2626444697380066,-0.07256458935472665,0.05299776792526245,-0.3085322678089142,-0.021219235408636905,0.0630682110786438,-0.4444780945777893,-0.06375083563062844,0.03230905532836914,-0.35606473684310913,-0.0645887353751391,0.01232820749282837,-0.2692258358001709,-0.05204398793313203,0.10028254985809326,-0.2634095549583435,-0.03447469932171998,0.12373906373977661,-0.37293723225593567,-0.06134251740905938,0.09684795141220093,-0.36120933294296265,-0.0633074590298861,0.06975811719894409,-0.32485347986221313,-0.05681623381707368
A,0.0,0.0,0.0,-0.052592694759368896,-0.06734734773635864,-0.05202970399830065,-0.08496540784835815,-0.2024117112159729,-0.07594926401350222,-0.09456020593643188,-0.32417812943458557,-0.09634519114467821,-0.09517759084701538,-0.43863973021507263,-0.108630229973528,-0.04437744617462158,-0.3770790696144104,-0.020508247682187175,-0.028087377548217773,-0.4863230884075165,-0.06826124831411562,-0.02055203914642334,-0.3864080011844635,-0.09847963347408495,-0.027303457260131836,-0.28250184655189514,-0.10915094360086641,0.014924168586730957,-0.3788333237171173,-0.012093907476696586,0.03884124755859375,-0.48281192779541016,-0.06323328360292635,0.0300711989402771,-0.35769790410995483,-0.08574743314954958,0.009186327457427979,-0.25533249974250793,-0.0864851449367734,0.07039797306060791,-0.3610747754573822,-0.013008051806423282,0.09454619884490967,-0.4561194181442261,-0.061793060296508884,0.07857483625411987,-0.35367530584335327,-0.06471820666763506,0.0590474009513855,-0.26231950521469116,-0.0510600407359334,0.12093496322631836,-0.32694172859191895,-0.01814038983854971,0.13488876819610596,-0.41108977794647217,-0.051934984767171954,0.11882913112640381,-0.35216808319091797,-0.04993941008422098,0.10225987434387207,-0.28723135590553284,-0.03675521656248293
A,0.0,0.0,0.0,-0.04623323678970337,-0.09096115827560425,-0.03878980057692161,-0.06380391120910645,-0.23837819695472717,-0.059545322530027534,-0.08107322454452515,-0.3699338436126709,-0.07999446170782676,-0.11992776393890381,-0.45583873987197876,-0.09460943865036597,-0.031148910522460938,-0.39326512813568115,-0.016674681775327826,-0.01577317714691162,-0.5155605375766754,-0.05824172052001586,-0.011697888374328613,-0.43388164043426514,-0.08387350963806739,-0.01848006248474121,-0.33722609281539917,-0.09391004519915214,0.03362661600112915,-0.38961106538772583,-0.01426132789259782,0.05223006010055542,-0.5100213438272476,-0.06301285999273887,0.04170888662338257,-0.3827112913131714,-0.08414070235943427,0.025158464908599854,-0.2802671492099762,-0.08587739544367423,0.09503066539764404,-0.3602660596370697,-0.018609299533125068,0.11874157190322876,-0.48842954635620117,-0.06130288469051948,0.10336804389953613,-0.39765143394470215,-0.062235563270803596,0.08543270826339722,-0.31000638008117676,-0.04987877162551513,0.1482088565826416,-0.3140513300895691,-0.026067999400254394,0.17113304138183594,-0.415152370929718,-0.052047758571859504,0.1712735891342163,-0.4172285199165344,-0.05172823669767013,0.1678401231765747,-0.41023287177085876,-0.04330225961660972
A,0.0,0.0,0.0,-0.05283784866333008,-0.08826810121536255,-0.03184236914938765,-0.08619749546051025,-0.22017186880111694,-0.05107619569724875,-0.11466729640960693,-0.3197838068008423,-0.07297725931829291,-0.15385764837265015,-0.3890368640422821,-0.0888820137185462,-0.04253298044204712,-0.3335813283920288,-0.021073504845560365,-0.05731469392776489,-0.45033079385757446,-0.06902804927057105,-0.06966245174407959,-0.346205472946167,-0.09386047677224951,-0.07095277309417725,-0.27233946323394775,-0.10308422849601584,-0.001773238182067871,-0.31682461500167847,-0.0248259916258462,-0.013859927654266357,-0.4256964921951294,-0.07682155774062949,-0.03604114055633545,-0.3011956214904785,-0.089937544922293,-0.03987973928451538,-0.22904354333877563,-0.088220335106314,0.0380173921585083,-0.28093641996383667,-0.036716039786995225,0.04018533229827881,-0.3987743854522705,-0.0853284220499404,0.006447315216064453,-0.30069953203201294,-0.08304452107375937,-0.010497331619262695,-0.22642534971237183,-0.0690458412570365,0.0759935975074768,-0.23243039846420288,-0.05173611969775038,0.09897160530090332,-0.3324770927429199,-0.08068463907665091,0.06794160604476929,-0.304324746131897,-0.08092521832412558,0.04142796993255615,-0.26268333196640015,-0.07452511743730383
A,0.0,0.0,0.0,-0.06548339128494263,-0.0881427526473999,-0.01260146470485779,-0.10650700330734253,-0.21522986888885498,-0.021922045105384314,-0.1417771577835083,-0.30527007579803467,-0.03728879121808859,-0.18243074417114258,-0.3686138689517975,-0.04785479856400343,-0.061567991971969604,-0.347279816865921,0.012059974766088999,-0.0855053961277008,-0.43543922901153564,-0.02571313706903311,-0.10749131441116333,-0.344747930765152,-0.04948522029189917,-0.10831907391548157,-0.2758723199367523,-0.059744390377090895,-0.03273046016693115,-0.3343454599380493,0.002048743937848485,-0.05782422423362732,-0.4267004728317261,-0.037908217587755644,-0.08916109800338745,-0.31587687134742737,-0.048921524265097105,-0.08977967500686646,-0.24453705549240112,-0.04642558349041792,-0.004134654998779297,-0.29996538162231445,-0.015376313307569944,-0.023585081100463867,-0.3951135575771332,-0.0494885283496842,-0.06229594349861145,-0.30483579635620117,-0.04517954094080778,-0.07170847058296204,-0.23727071285247803,-0.03242618096737715,0.023451954126358032,-0.24870514869689941,-0.035146685966537916,0.011843711137771606,-0.32576078176498413,-0.05391073105602118,-0.028459250926971436,-0.28762510418891907,-0.05128135038285109,-0.04910537600517273,-0.24313735961914062,-0.043484988340424024
A,0.0,0.0,0.0,-0.07478407025337219,-0.11971884965896606,-0.011915710396067425,-0.12089470028877258,-0.29018639028072357,-0.018415224379793926,-0.15872633457183838,-0.4149767607450485,-0.03368148451198749,-0.2063196897506714,-0.49316924810409546,-0.044209315082923695,-0.07065454125404358,-0.40849801898002625,0.02470152395318337,-0.087066650390625,-0.5361087918281555,-0.022847924954191967,-0.10726654529571533,-0.45138153433799744,-0.0565628731762331,-0.11230260133743286,-0.35433991998434067,-0.07040102278341465,-0.03104698657989502,-0.40586110949516296,0.012650811472042278,-0.04864621162414551,-0.5429446399211884,-0.03903271501411609,-0.08212387561798096,-0.42862918972969055,-0.06009082367171459,-0.0870923101902008,-0.32157398760318756,-0.06038367246736698,0.010546565055847168,-0.3817109167575836,-0.008640823527173325,0.0028001070022583008,-0.528400719165802,-0.05078799521078281,-0.04076153039932251,-0.43712127208709717,-0.053742549023525044,-0.05775558948516846,-0.3396773338317871,-0.041670205644265934,0.053867340087890625,-0.34108610451221466,-0.03282052522052936,0.07147371768951416,-0.47767274081707,-0.05599735175718479,0.036826133728027344,-0.4736916273832321,-0.059157526693240925,0.009478330612182617,-0.43652307987213135,-0.05392823611845188
A,0.0,0.0,0.0,-0.07406976819038391,-0.10574734210968018,-0.014758840816398333,-0.12015166878700256,-0.25621357560157776,-0.026164122538943957,-0.15566235780715942,-0.3714519590139389,-0.045231510566850375,-0.201848566532135,-0.44732865691185,-0.059630137550016116,-0.07886657118797302,-0.3807143270969391,0.0073000745304625525,-0.09572869539260864,-0.5090709924697876,-0.039798603074927996,-0.11984145641326904,-0.4160055071115494,-0.0694372324816186,-0.11890360713005066,-0.3326677083969116,-0.0822846485845048,-0.044116973876953125,-0.37244731187820435,-0.006028615551372241,-0.058663636445999146,-0.5158922225236893,-0.05857938589372225,-0.09611085057258606,-0.39414162933826447,-0.0750301598183114,-0.09812170267105103,-0.297659307718277,-0.0735563753715951,-0.008856058120727539,-0.3442046344280243,-0.02786338576891012,-0.0125790536403656,-0.49182289838790894,-0.06963393525995798,-0.05873146653175354,-0.4003232568502426,-0.06950761066593714,-0.07284331321716309,-0.31201159954071045,-0.057727389650722216,0.028514742851257324,-0.3005041480064392,-0.05268910216011591,0.039275407791137695,-0.43085046112537384,-0.07487123148359842,-0.0025379061698913574,-0.40654127299785614,-0.07591700987734384,-0.030266761779785156,-0.35568752884864807,-0.07094791965403147
A,0.0,0.0,0.0,-0.08705005049705505,-0.09253990650177002,-0.006270206976580539,-0.134720116853714,-0.2071802020072937,-0.011971489038216987,-0.1744566559791565,-0.29647397994995117,-0.02563743617002956,-0.21605445444583893,-0.35668712854385376,-0.034454993415522495,-0.09419810771942139,-0.3490084409713745,0.029707519825649342,-0.12750208377838135,-0.43839117884635925,-0.004819703731584468,-0.14729321002960205,-0.3535040616989136,-0.02916538666551105,-0.14367607235908508,-0.2910381257534027,-0.04110372017686359,-0.06766894459724426,-0.3485834300518036,0.017263394337248883,-0.10851773619651794,-0.4370993971824646,-0.018243032950806537,-0.1353190839290619,-0.3354420065879822,-0.031801901269602695,-0.12853512167930603,-0.2763597369194031,-0.03300097908442012,-0.04088273644447327,-0.32785043120384216,-0.0029037561974405435,-0.08139386773109436,-0.39541131258010864,-0.03346931140487186,-0.11474916338920593,-0.30844447016716003,-0.031902461755919376,-0.11436975002288818,-0.2523559331893921,-0.02277430284385673,-0.01685813069343567,-0.28655824065208435,-0.025585811097073474,-0.050569355487823486,-0.3316596746444702,-0.04084991987411968,-0.08893656730651855,-0.28446322679519653,-0.03911639701192371,-0.10150322318077087,-0.24128571152687073,-0.033389564115452686
A,0.0,0.0,0.0,-0.07011273503303528,-0.07764750719070435,-0.010261636128518603,-0.11747324466705322,-0.195509135723114,-0.017254641180727504,-0.1592162847518921,-0.27481213212013245,-0.03007598397681477,-0.20050299167633057,-0.3310016691684723,-0.03838473734805348,-0.07158595323562622,-0.3376448154449463,0.013201514357831456,-0.10358035564422607,-0.4143184423446655,-0.02125349630961182,-0.12329119443893433,-0.32842954993247986,-0.042994106089565776,-0.12183621525764465,-0.26819682121276855,-0.05313111645529034,-0.04210996627807617,-0.3292684853076935,0.0028746282739007256,-0.07974720001220703,-0.40044382214546204,-0.031079165538642428,-0.10718473792076111,-0.3008840084075928,-0.0407764407748914,-0.10514971613883972,-0.24424976110458374,-0.03999523249814274,-0.012781739234924316,-0.2982618510723114,-0.014346406696233771,-0.04820984601974487,-0.36422377824783325,-0.04557052431056263,-0.08221635222434998,-0.2797864079475403,-0.04160000187704327,-0.08747538924217224,-0.2234174609184265,-0.03096150224456551,0.013857781887054443,-0.2470763921737671,-0.03368606222221615,-0.014286041259765625,-0.3003500998020172,-0.05090612349459889,-0.052444279193878174,-0.2577441930770874,-0.047664871340487025,-0.06807520985603333,-0.2160922884941101,-0.04060285714814427
A,0.0,0.0,0.0,-0.08971571922302246,-0.10318106412887573,-0.04366650449912868,-0.14568030834197998,-0.27725666761398315,-0.06744026037733875,-0.19245976209640503,-0.39861786365509033,-0.08995455893557391,-0.24994885921478271,-0.4799865484237671,-0.1044482478765758,-0.04752242565155029,-0.4653543084859848,-0.023700693797877648,-0.12042075395584106,-0.49314457178115845,-0.08596650901120029,-0.12596988677978516,-0.36209389567375183,-0.12052372488062701,-0.10779768228530884,-0.30120915174484253,-0.13692965748589359,0.011838912963867188,-0.45454148948192596,-0.025975952100566246,-0.07114511728286743,-0.40693119168281555,-0.08337691071312747,-0.08051073551177979,-0.2584587633609772,-0.09286364558022342,-0.05572384595870972,-0.23912638425827026,-0.08946979435961566,0.06235373020172119,-0.39459866285324097,-0.03962436708491168,-0.0176011323928833,-0.31905537843704224,-0.09403019043486438,-0.03065359592437744,-0.19408363103866577,-0.07689312490504108,-0.004640758037567139,-0.18583720922470093,-0.054853622045925476,0.10436856746673584,-0.31714144349098206,-0.05907087045591197,0.040974557399749756,-0.25168782472610474,-0.0905223229793819,0.02528613805770874,-0.16847938299179077,-0.08003234508316837,0.04703634977340698,-0.1617748737335205,-0.0647872650889667
A,0.0,0.0,0.0,-0.08381140232086182,-0.12477681040763855,-0.010438143575129288,-0.13177725672721863,-0.3067166358232498,-0.017538002060291547,-0.1646677851676941,-0.43093016743659973,-0.03121817700707652,-0.1997746229171753,-0.5293929278850555,-0.0392196460827563,-0.04779338836669922,-0.4561513364315033,0.016121694518687946,-0.09405386447906494,-0.5490971803665161,-0.030369555877086896,-0.11727997660636902,-0.42973585426807404,-0.05353133969151713,-0.1187015175819397,-0.35217246413230896,-0.06055736385428645,0.00014525651931762695,-0.43749354779720306,0.0017347041782613815,-0.06196647882461548,-0.48093023896217346,-0.042119602040884274,-0.08150243759155273,-0.33398863673210144,-0.04573511548483111,-0.06104248762130737,-0.29249776899814606,-0.03750983096801974,0.04779458045959473,-0.38936523348093033,-0.021449150817034024,-0.0168190598487854,-0.4133801758289337,-0.06072160817825534,-0.036939024925231934,-0.2793855518102646,-0.041397741363880414,-0.01569300889968872,-0.2473394274711609,-0.018951790706751126,0.09478062391281128,-0.32539132237434387,-0.046999847815868634,0.03707009553909302,-0.35463038086891174,-0.06306522928321101,0.012430846691131592,-0.26430802047252655,-0.04355494894230105,0.028142094612121582,-0.23259758949279785,-0.02333165548884608
A,0.0,0.0,0.0,-0.08735883235931396,-0.07636904716491699,-0.021532044310390575,-0.1474614143371582,-0.22945836186408997,-0.032531865436851604,-0.19630083441734314,-0.3314049541950226,-0.04695685629945956,-0.2509610056877136,-0.3886909484863281,-0.055341132480918986,-0.0748198926448822,-0.4050109088420868,0.011903864767134564,-0.14175882935523987,-0.4336712956428528,-0.03526434351903163,-0.14443808794021606,-0.3198558986186981,-0.06272884135347567,-0.13015475869178772,-0.25873178243637085,-0.07361473565202914,-0.03037172555923462,-0.3974650204181671,0.0029598294922266177,-0.10151940584182739,-0.3875464200973511,-0.040465049941360576,-0.10049411654472351,-0.24820733070373535,-0.04857014169198237,-0.07540839910507202,-0.21865195035934448,-0.04372835581403933,0.014438986778259277,-0.35727012157440186,-0.015607362177490813,-0.052309513092041016,-0.3373039960861206,-0.059065197158872706,-0.05479627847671509,-0.21262085437774658,-0.04361418311697207,-0.028679251670837402,-0.194854736328125,-0.022139169771492107,0.05666625499725342,-0.2979884743690491,-0.037156701583683116,0.0022753477096557617,-0.2984577715396881,-0.059103590000688655,-0.008751749992370605,-0.2136428952217102,-0.04305465569001399,0.011588454246520996,-0.19421929121017456,-0.024042666454135997
A,0.0,0.0,0.0,-0.0674625039100647,-0.10108160972595215,-0.026419567929224286,-0.10401773452758789,-0.27213871479034424,-0.039113503934459004,-0.1343090534210205,-0.39539310336112976,-0.057429981471614155,-0.1755160093307495,-0.48053422570228577,-0.06850294122250489,-0.055016934871673584,-0.38759762048721313,-0.006078776491449389,-0.07786822319030762,-0.5024616569280624,-0.05655827471764496,-0.07193303108215332,-0.38220128417015076,-0.07649975368531159,-0.05793255567550659,-0.31222859025001526,-0.07832878181488923,0.0006769895553588867,-0.37664321064949036,-0.00948579987289122,-0.019155919551849365,-0.4661063253879547,-0.05630535730870179,-0.024308323860168457,-0.3130328953266144,-0.05511608818324021,-0.017279386520385742,-0.25959497690200806,-0.042068910838679585,0.05662572383880615,-0.34345293045043945,-0.02242986583860329,0.04299253225326538,-0.4449799358844757,-0.0725738490536969,0.02714020013809204,-0.2963661849498749,-0.052828707785920415,0.027927160263061523,-0.21603381633758545,-0.023362389819340024,0.11240595579147339,-0.29909825325012207,-0.03812117973120621,0.13099217414855957,-0.44754748046398163,-0.06252908805163315,0.10551214218139648,-0.42083626985549927,-0.047311444820479664,0.08501040935516357,-0.3848232328891754,-0.02721226686389855
A,0.0,0.0,0.0,-0.08159643411636353,-0.06675416231155396,-0.008397147822506668,-0.13715201616287231,-0.1778123378753662,-0.017632419075198413,-0.18155133724212646,-0.25412487983703613,-0.032857078890629055,-0.22393368184566498,-0.31720244884490967,-0.043732743542022945,-0.08098554611206055,-0.3478463590145111,0.015064044092468976,-0.15009751915931702,-0.3757885694503784,-0.025375865231580974,-0.14973008632659912,-0.2767268419265747,-0.05093971995574975,-0.12798169255256653,-0.22012251615524292,-0.06238156912786508,-0.05422872304916382,-0.34857410192489624,0.0028854572965428815,-0.13466396927833557,-0.34635335206985474,-0.03836872784359002,-0.12800148129463196,-0.22921806573867798,-0.04852394370300317,-0.10028183460235596,-0.1888183355331421,-0.046494703571624996,-0.02695775032043457,-0.3267483413219452,-0.016111478041239025,-0.10517045855522156,-0.2994655966758728,-0.054193831811971904,-0.09684136509895325,-0.19384819269180298,-0.04545813409549737,-0.07028457522392273,-0.1645835041999817,-0.030384449119992496,-0.0031825900077819824,-0.2857353687286377,-0.037185001950092555,-0.06530755758285522,-0.2668929100036621,-0.05694137124282861,-0.06285399198532104,-0.19674605131149292,-0.04800245521528268,-0.03921806812286377,-0.1736314296722412,-0.03523791564566636
A,0.0,0.0,0.0,-0.08783701062202454,-0.06142139434814453,-0.00821182834533829,-0.14281782507896423,-0.16269421577453613,-0.016130848364809935,-0.18745627999305725,-0.22877418994903564,-0.029007083313445037,-0.22962868213653564,-0.29108482599258423,-0.03691185316620249,-0.07973572611808777,-0.3504679799079895,0.01578359627546888,-0.15590250492095947,-0.35861629247665405,-0.019933824004510825,-0.15745511651039124,-0.2626993656158447,-0.0427564238625564,-0.13756760954856873,-0.207180917263031,-0.05281623131213564,-0.051131874322891235,-0.3522685766220093,0.00555654610889178,-0.14109820127487183,-0.329376220703125,-0.029991036789397185,-0.13505646586418152,-0.21339571475982666,-0.03852887502489466,-0.10866513848304749,-0.1752428412437439,-0.036430221559385245,-0.02626955509185791,-0.3267333507537842,-0.010970353657285159,-0.11517655849456787,-0.2817944884300232,-0.044534501196721976,-0.1054600179195404,-0.1815851330757141,-0.0350221624094047,-0.07865682244300842,-0.15454638004302979,-0.020106735216359084,-0.0078563392162323,-0.27707648277282715,-0.029332560064176505,-0.0781315267086029,-0.247200608253479,-0.0485528414565124,-0.07411205768585205,-0.1831539273262024,-0.04018936729607958,-0.04977032542228699,-0.1638903021812439,-0.02757647684393305
A,0.0,0.0,0.0,-0.060978591442108154,-0.0823678970336914,-0.031032583172873274,-0.0931396484375,-0.21938401460647583,-0.04707195280070664,-0.11351984739303589,-0.3262515366077423,-0.06651936886783005,-0.133564293384552,-0.4258764982223511,-0.07781127510543229,-0.057099342346191406,-0.35277724266052246,-0.01651411732609631,-0.07247787714004517,-0.45800137519836426,-0.06528266189570786,-0.0676267147064209,-0.3558500111103058,-0.08158661840434434,-0.05809098482131958,-0.2811763882637024,-0.08071887163396241,-0.002630472183227539,-0.3439926505088806,-0.01706910362418057,-0.018170535564422607,-0.42863962054252625,-0.06271006582255723,-0.023464560508728027,-0.287353515625,-0.060972240250066534,-0.017649829387664795,-0.23193836212158203,-0.04685880659098984,0.051264286041259766,-0.3167722225189209,-0.026649289261058584,0.03999286890029907,-0.4078652858734131,-0.07503440646405579,0.024791240692138672,-0.2757607698440552,-0.05539652002926232,0.023694396018981934,-0.2010149359703064,-0.0258901905822313,0.10481172800064087,-0.27426159381866455,-0.039384685884670034,0.12542510032653809,-0.40675124526023865,-0.06726153610225083,0.10153758525848389,-0.37877535820007324,-0.055272501389936224,0.07991862297058105,-0.3428325355052948,-0.036251981239274755
A,0.0,0.0,0.0,-0.05851328372955322,-0.1008235514163971,-0.04141870801402092,-0.0839950442314148,-0.2789233326911926,-0.05780806307745934,-0.10659754276275635,-0.41467614471912384,-0.07164741967869759,-0.14265888929367065,-0.5058754086494446,-0.08069249157858849,-0.01742100715637207,-0.38759350776672363,-0.008664285848567488,-0.020794928073883057,-0.4773767292499542,-0.05196178619814873,-0.03686612844467163,-0.40653862059116364,-0.07540157352639199,-0.04562366008758545,-0.36426471173763275,-0.08420161073161125,0.03498965501785278,-0.3696925640106201,-0.0057479954238033315,0.0236818790435791,-0.4718155562877655,-0.05030393143249512,-0.002990901470184326,-0.3248423635959625,-0.05713419531537056,-0.00022429227828979492,-0.2647947072982788,-0.047884455966482165,0.08534419536590576,-0.32711082696914673,-0.011980577456483843,0.06950515508651733,-0.40030547976493835,-0.058715823190937044,0.04062587022781372,-0.27053430676460266,-0.04318584789587021,0.04367363452911377,-0.21893438696861267,-0.0183663657779789,0.13213300704956055,-0.2713843882083893,-0.021363330158123972,0.11206555366516113,-0.33767805993556976,-0.04753641326976776,0.082244873046875,-0.2515504062175751,-0.029262726279625895,0.08257567882537842,-0.20435267686843872,-0.006516791498938801
A,0.0,0.0,0.0,-0.06159079074859619,-0.11945143342018127,-0.03473396433571452,-0.0898289680480957,-0.3041902184486389,-0.05514745248535746,-0.11745345592498779,-0.4443856179714203,-0.0786129629431116,-0.164789080619812,-0.5347763448953629,-0.09532454816678637,-0.03451704978942871,-0.40636856853961945,-0.00775856964344257,-0.04588031768798828,-0.5325799733400345,-0.06778133867362612,-0.054099440574645996,-0.41883450746536255,-0.09505839107612246,-0.049086689949035645,-0.3398262560367584,-0.10208308903554553,0.01994544267654419,-0.37769564986228943,-0.012676771004294096,0.008768916130065918,-0.48569945991039276,-0.07100711224654788,-0.0125618577003479,-0.32366517186164856,-0.07625071911195391,-0.001284480094909668,-0.2769365608692169,-0.06351614950278872,0.07615727186203003,-0.3315238356590271,-0.028677173164282976,0.06409525871276855,-0.4039751887321472,-0.08642822710851306,0.036881089210510254,-0.26296523213386536,-0.0642689561663019,0.046213746070861816,-0.2257687747478485,-0.03217254040816897,0.13123661279678345,-0.2765454351902008,-0.04822460023740405,0.12471610307693481,-0.36177609860897064,-0.07433352081159228,0.09947770833969116,-0.27855655550956726,-0.05057447237948054,0.1028779149055481,-0.2395445704460144,-0.023933947291766344
A,0.0,0.0,0.0,-0.07305824756622314,-0.09298449754714966,-0.0367152277239029,-0.11395066976547241,-0.2621192932128906,-0.05618561765629693,-0.15061622858047485,-0.3813551962375641,-0.07604275605160637,-0.19955959916114807,-0.46010154485702515,-0.08799157998043938,-0.0408516526222229,-0.4153228998184204,-0.016445582345909315,-0.09121990203857422,-0.47278881072998047,-0.07376071026999398,-0.09272688627243042,-0.34361109137535095,-0.10237583479363366,-0.07605469226837158,-0.2842864394187927,-0.11437632849890633,0.014792382717132568,-0.3990476131439209,-0.020632430524415213,-0.037769198417663574,-0.41003286838531494,-0.07433067223507805,-0.04864311218261719,-0.25703439116477966,-0.07935439011532708,-0.02715224027633667,-0.2394801676273346,-0.07165448328930779,0.06562912464141846,-0.34608030319213867,-0.03549950531203194,0.01449960470199585,-0.3305078446865082,-0.08588299861628457,-0.004262387752532959,-0.1997806429862976,-0.0639831643410389,0.018367350101470947,-0.1926448941230774,-0.03806132039505883,0.11149317026138306,-0.27877941727638245,-0.055096409828252035,0.07095342874526978,-0.2797733247280121,-0.08036248347241326,0.04792475700378418,-0.20277351140975952,-0.06302244922596856,0.06313645839691162,-0.19307708740234375,-0.0434421706803505
A,0.0,0.0,0.0,-0.08093810081481934,-0.1089409589767456,-0.023184269269506785,-0.1231752336025238,-0.27421537041664124,-0.03632659797887072,-0.16306722164154053,-0.3822649121284485,-0.05257037987331614,-0.21430256962776184,-0.453921914100647,-0.06237245683888659,-0.04132556915283203,-0.4277374744415283,0.003661522340451029,-0.10494035482406616,-0.474012166261673,-0.04562420358280406,-0.11011677980422974,-0.35168638825416565,-0.07501532470206485,-0.09502089023590088,-0.2970845103263855,-0.08886283223847613,0.007921159267425537,-0.41778433322906494,-0.004607607213358733,-0.06384092569351196,-0.42393824458122253,-0.0477520931265758,-0.0729491114616394,-0.2830904722213745,-0.05437100266436801,-0.046673715114593506,-0.2617126703262329,-0.051355771323244426,0.05505424737930298,-0.36847543716430664,-0.02238230181256995,-0.01391744613647461,-0.36069726943969727,-0.062214318265716884,-0.028196632862091064,-0.23404115438461304,-0.04229722877363429,-0.0015981793403625488,-0.2169845998287201,-0.021225569372575137,0.09695559740066528,-0.29989054799079895,-0.04418349226335749,0.04215991497039795,-0.2970561683177948,-0.06392583583811984,0.02382439374923706,-0.2224985659122467,-0.04819777940730319,0.044647157192230225,-0.20789524912834167,-0.03166461323718295
A,0.0,0.0,0.0,-0.10303062200546265,-0.09985178709030151,-0.03064404533989773,-0.16041412949562073,-0.2692190408706665,-0.04823386588878975,-0.204298198223114,-0.3854857385158539,-0.06608006277866707,-0.2614448666572571,-0.45668165385723114,-0.07731638768501625,-0.07233154773712158,-0.46035657823085785,-0.012896721379831888,-0.1501786708831787,-0.4862801432609558,-0.07128364512510643,-0.1612180471420288,-0.36215490102767944,-0.10599371710605965,-0.14778560400009155,-0.29480165243148804,-0.12329305628128395,-0.014790356159210205,-0.4480036795139313,-0.022519114555791475,-0.10874497890472412,-0.4324128180742264,-0.07852768072672234,-0.11908566951751709,-0.28294065594673157,-0.08992139169760094,-0.09390366077423096,-0.24406051635742188,-0.08711270162649498,0.0324397087097168,-0.38799208402633667,-0.04211173126287804,-0.0604669451713562,-0.32602715492248535,-0.09370508709736214,-0.06838798522949219,-0.20462125539779663,-0.07996421227045403,-0.04020273685455322,-0.19257986545562744,-0.060693650634959795,0.06612765789031982,-0.3054872155189514,-0.0661131582576786,-0.011131823062896729,-0.2317068874835968,-0.09770110169239388,-0.02116835117340088,-0.15477043390274048,-0.08967507550306664,0.001773059368133545,-0.15326809883117676,-0.07663950988836632
A,0.0,0.0,0.0,-0.11110201478004456,-0.09677672386169434,-0.022902976885006865,-0.17629393935203552,-0.2437579333782196,-0.03599974901931091,-0.21887469291687012,-0.3503158688545227,-0.05107458697216316,-0.26227235794067383,-0.43794091045856476,-0.060299266293213805,-0.08764177560806274,-0.4561241418123245,0.00286677509961919,-0.18389970064163208,-0.4752241522073746,-0.041089296504424055,-0.19472458958625793,-0.37025171518325806,-0.06954578326599403,-0.1783769726753235,-0.3139769732952118,-0.08413273857490822,-0.04259413480758667,-0.44275563955307007,-0.006859548087732037,-0.14996588230133057,-0.4143078774213791,-0.048989888444111784,-0.15562254190444946,-0.28781506419181824,-0.06005141527907654,-0.13267332315444946,-0.25151753425598145,-0.06035139800565048,-0.0058283209800720215,-0.38666170835494995,-0.02488990144388481,-0.11040356755256653,-0.32889777421951294,-0.0630865396703939,-0.11316972970962524,-0.21689444780349731,-0.05199178324596687,-0.08728951215744019,-0.19748646020889282,-0.03764644281523033,0.022991478443145752,-0.3063981533050537,-0.046762973233626326,-0.06539243459701538,-0.2593424320220947,-0.06953402624981209,-0.07150903344154358,-0.18596428632736206,-0.06056213767783447,-0.04800069332122803,-0.17334520816802979,-0.04801088960425659
A,0.0,0.0,0.0,-0.11227065324783325,-0.06254953145980835,-0.01104435931080161,-0.18131843209266663,-0.17227721214294434,-0.02942210576617299,-0.23743900656700134,-0.23384523391723633,-0.0517828646221119,-0.2995932698249817,-0.27381426095962524,-0.07081198646807252,-0.10299378633499146,-0.37672799825668335,-0.02674433543467103,-0.200788676738739,-0.36282891035079956,-0.07309889002823411,-0.20428666472434998,-0.2490115761756897,-0.09370161547445832,-0.18279984593391418,-0.19223552942276,-0.10268858029627381,-0.06142011284828186,-0.359555184841156,-0.04475532426619111,-0.17444515228271484,-0.3212364912033081,-0.09199908330225526,-0.1725311577320099,-0.19249171018600464,-0.09391341312908708,-0.14004471898078918,-0.16999167203903198,-0.0888542081334549,-0.02742093801498413,-0.3065536618232727,-0.06764418586277543,-0.13493269681930542,-0.25420552492141724,-0.11070265575432359,-0.1328357756137848,-0.1449940800666809,-0.09014939471268235,-0.10046061873435974,-0.13664060831069946,-0.0698793004372078,-0.005527198314666748,-0.23269933462142944,-0.09205386742138444,-0.09051170945167542,-0.19023054838180542,-0.11868497683786927,-0.09537515044212341,-0.12249529361724854,-0.10540302797340928,-0.06777626276016235,-0.11802828311920166,-0.09076356097244798
A,0.0,0.0,0.0,-0.08804062008857727,-0.08996552228927612,-0.016872467512996536,-0.15369412302970886,-0.25412964820861816,-0.02889236066749845,-0.20602816343307495,-0.35742104053497314,-0.04785489667466436,-0.2670341730117798,-0.4181986451148987,-0.061993047634871346,-0.09423050284385681,-0.4019261598587036,0.006875446957735676,-0.14704430103302002,-0.49609236419200897,-0.050236802588017326,-0.15081673860549927,-0.3719552159309387,-0.0808290467064694,-0.13527372479438782,-0.2874266803264618,-0.09110584114006315,-0.04606348276138306,-0.39276254177093506,-0.0077187288950995026,-0.09808939695358276,-0.48476144671440125,-0.06736313555649076,-0.10450166463851929,-0.32325124740600586,-0.07779923085382734,-0.08298489451408386,-0.25435447692871094,-0.06848797206095014,0.006610274314880371,-0.3667031526565552,-0.031775243620188576,-0.04352468252182007,-0.4425314962863922,-0.08726076785734449,-0.05137521028518677,-0.2913192808628082,-0.06832423065117155,-0.02986699342727661,-0.22963815927505493,-0.038314536253722054,0.06185370683670044,-0.32395482063293457,-0.058223158160956245,0.025521695613861084,-0.4181898236274719,-0.08461471651008878,0.007173001766204834,-0.32476890087127686,-0.0635572895806149,0.01857084035873413,-0.26819920539855957,-0.03843308616689001
A,0.0,0.0,0.0,-0.07135939598083496,-0.10121110081672668,-0.03341162816207088,-0.11018121242523193,-0.2699015736579895,-0.050990740363999976,-0.137417733669281,-0.4018741101026535,-0.07369762525479473,-0.1782875657081604,-0.5013047307729721,-0.09107021853844799,-0.06851065158843994,-0.4061339497566223,-0.0027786894380597005,-0.07964813709259033,-0.5306949466466904,-0.0645269291154591,-0.06904816627502441,-0.42411282658576965,-0.10113052145163692,-0.059399425983428955,-0.3186319172382355,-0.11242285982291378,-0.004921376705169678,-0.40531182289123535,-0.006872409084394349,-0.015210926532745361,-0.5299535840749741,-0.06906496599833645,-0.018352150917053223,-0.3702731281518936,-0.086501768385574,-0.01645195484161377,-0.2582417130470276,-0.08054593071858562,0.05896580219268799,-0.3813762664794922,-0.021459753220483435,0.05134081840515137,-0.48666857182979584,-0.08351283386866726,0.03521054983139038,-0.3296894133090973,-0.07693170622508205,0.030263245105743408,-0.21915966272354126,-0.05113670841376461,0.12482208013534546,-0.34152448177337646,-0.039159050738021506,0.14235860109329224,-0.4781993478536606,-0.07190025464217342,0.116108238697052,-0.4207463264465332,-0.06057531625549473,0.09058499336242676,-0.3545253276824951,-0.04052124038855709
A,0.0,0.0,0.0,-0.06293708086013794,-0.0676567554473877,-0.032501296566067595,-0.10595566034317017,-0.20072877407073975,-0.05020038919263925,-0.1370564103126526,-0.3012142479419708,-0.07058049874120798,-0.17745739221572876,-0.37074121832847595,-0.08501603590065088,-0.0673830509185791,-0.34053835272789,-0.01357584302985515,-0.09728419780731201,-0.4307175874710083,-0.06823963807636346,-0.09253835678100586,-0.3209586441516876,-0.09735068069511499,-0.0778508186340332,-0.23604744672775269,-0.10582789169365014,-0.015576481819152832,-0.33470991253852844,-0.01646206849926557,-0.04339289665222168,-0.42326319217681885,-0.07429888980203714,-0.04631197452545166,-0.2777499258518219,-0.0861850841503724,-0.035466134548187256,-0.19301021099090576,-0.07798042284065332,0.03752303123474121,-0.30970481038093567,-0.028438221157728094,0.017338573932647705,-0.3865468204021454,-0.0856515257220849,0.0065059661865234375,-0.2501252293586731,-0.07599783824497308,0.01130908727645874,-0.16776680946350098,-0.05045277015977945,0.09376460313796997,-0.2710108757019043,-0.043227882550297636,0.0964851975440979,-0.3783516585826874,-0.07475636290126886,0.07084083557128906,-0.3127167522907257,-0.06417033957058038,0.0541844367980957,-0.2492327094078064,-0.045281400398550886
A,0.0,0.0,0.0,-0.06756305694580078,-0.05813610553741455,-0.02127936084389148,-0.11446136236190796,-0.18022793531417847,-0.03390554499446807,-0.1493566632270813,-0.261527955532074,-0.050230169413680414,-0.19048649072647095,-0.3187970519065857,-0.061912299810046534,-0.06586712598800659,-0.33980071544647217,0.0017230154703611333,-0.11313629150390625,-0.39125770330429077,-0.04777078491270004,-0.11395484209060669,-0.2847437262535095,-0.07595829453885017,-0.10020118951797485,-0.21687310934066772,-0.08518836435496269,-0.021069705486297607,-0.33422529697418213,-0.006075426681036333,-0.06864094734191895,-0.37282562255859375,-0.054443774489755015,-0.07332158088684082,-0.23744714260101318,-0.06506812360703407,-0.056588828563690186,-0.1798793077468872,-0.05819603961526809,0.024302542209625244,-0.3083000183105469,-0.022231241433019022,-0.019161641597747803,-0.3283635377883911,-0.06955809679448066,-0.026153266429901123,-0.1962677240371704,-0.05757140156447349,-0.010161221027374268,-0.14418703317642212,-0.03419695210277496,0.07076674699783325,-0.2664256691932678,-0.04068359520852027,0.041429102420806885,-0.3033040761947632,-0.06473414388119636,0.024003446102142334,-0.22340893745422363,-0.04998224016844688,0.02930903434753418,-0.18278247117996216,-0.02946689326881824
B,0.0,0.0,0.0,-0.04831814765930176,-0.060370028018951416,-0.0363877052133148,-0.0813550353050232,-0.15156883001327515,-0.06451367304373434,-0.06542384624481201,-0.21952760219573975,-0.08927221313763312,-0.024857044219970703,-0.2563653588294983,-0.11546028122950247,-0.01916491985321045,-0.3006395995616913,-0.05974145696211508,-0.0020607709884643555,-0.422667920589447,-0.09609628931332281,0.014133214950561523,-0.4957708418369293,-0.12294159547138861,0.03325796127319336,-0.5645619034767151,-0.14289345309782675,0.027492165565490723,-0.29473233222961426,-0.06506417409229925,0.050320327281951904,-0.4391893148422241,-0.09755908415365866,0.0687665343284607,-0.5287221670150757,-0.12251065388966254,0.08683246374130249,-0.6184230446815491,-0.14151829943705252,0.06646162271499634,-0.255977988243103,-0.0735683040385311,0.09095531702041626,-0.38980162143707275,-0.1050573559169834,0.10730820894241333,-0.4763670861721039,-0.12601824567366293,0.12091362476348877,-0.5604768693447113,-0.14107192025232962,0.10174775123596191,-0.19448047876358032,-0.08467624799061468,0.12675821781158447,-0.29551780223846436,-0.1129311220412319,0.1400565505027771,-0.3629798889160156,-0.12695438132334402,0.15015339851379395,-0.43182504177093506,-0.1370962010388439
B,0.0,0.0,0.0,-0.04998677968978882,-0.055483877658843994,-0.04175119854858167,-0.08089607954025269,-0.14431416988372803,-0.07354163758805043,-0.0642133355140686,-0.20857590436935425,-0.1010148190741802,-0.024407267570495605,-0.2472074329853058,-0.13039033495238073,-0.020271122455596924,-0.28836047649383545,-0.07193600766709096,-0.0032125115394592285,-0.40770137310028076,-0.11301203452399022,0.01307368278503418,-0.4803072512149811,-0.1430619993095661,0.03237342834472656,-0.5486894249916077,-0.1652172543888355,0.026214540004730225,-0.2810742259025574,-0.07641070716431386,0.049973905086517334,-0.4234812259674072,-0.11389971159746892,0.06880110502243042,-0.5113321244716644,-0.14230019234469182,0.08661824464797974,-0.6010210812091827,-0.16374789558699376,0.065341055393219,-0.2409963607788086,-0.0840056278591419,0.09036356210708618,-0.37322449684143066,-0.12007821731617696,0.10685092210769653,-0.45862096548080444,-0.14401084564974553,0.12022483348846436,-0.5418180823326111,-0.16112165533354528,0.10013353824615479,-0.17889320850372314,-0.09434240691712148,0.1269398331642151,-0.2759135067462921,-0.12644836686899907,0.14187318086624146,-0.34202611446380615,-0.14293902002623327,0.15382498502731323,-0.4097439646720886,-0.15499645851900823
B,0.0,0.0,0.0,-0.0703202486038208,-0.04972046613693237,-0.028251053719543506,-0.11945188045501709,-0.1577792763710022,-0.047939039720915844,-0.11292409896850586,-0.25514155626296997,-0.06561456988634973,-0.07252779603004456,-0.2733856737613678,-0.08455907921376138,-0.08782196044921875,-0.34043464064598083,-0.034401290072821666,-0.09598532319068909,-0.47258955240249634,-0.06112205977620988,-0.09930679202079773,-0.5606290400028229,-0.08480837564053445,-0.10044661164283752,-0.6380370259284973,-0.10301976273836999,-0.04757481813430786,-0.3425351679325104,-0.041254598601483394,-0.04812413454055786,-0.48314422369003296,-0.06573976944270044,-0.04808783531188965,-0.584096223115921,-0.0860892645555964,-0.046028971672058105,-0.6690254807472229,-0.1007270551759234,-0.008932292461395264,-0.3152318298816681,-0.05152800674619584,-0.002383589744567871,-0.4502822607755661,-0.07501317928614526,0.0019137263298034668,-0.5478051006793976,-0.0911919958430758,0.007079482078552246,-0.6303407251834869,-0.10238949577393441,0.028980135917663574,-0.26212096214294434,-0.06475922833266168,0.04288327693939209,-0.3738569915294647,-0.08637792239966302,0.05083489418029785,-0.4565175622701645,-0.09620890389265924,0.05812251567840576,-0.5327466726303101,-0.10261413077893167
B,0.0,0.0,0.0,-0.07885324954986572,-0.06071150302886963,-0.02162990514187868,-0.13144806027412415,-0.15579968690872192,-0.041617432422924594,-0.14422821998596191,-0.24702051281929016,-0.0624802948906904,-0.11308243870735168,-0.2584936022758484,-0.08552732486276682,-0.11223617196083069,-0.3158571124076843,-0.028711058013129787,-0.12767603993415833,-0.4431203752756119,-0.0584364810958391,-0.13813471794128418,-0.5264769792556763,-0.08463853765277918,-0.14494147896766663,-0.6036339998245239,-0.10523250121622141,-0.07801005244255066,-0.3199206739664078,-0.041604181565332965,-0.08932521939277649,-0.4619644284248352,-0.06969803739337976,-0.09775486588478088,-0.560902863740921,-0.09223209489135797,-0.10239067673683167,-0.6489273607730865,-0.10858330298214014,-0.04228287935256958,-0.29625415802001953,-0.05771744791417177,-0.045922040939331055,-0.4358631521463394,-0.08550141174345072,-0.05157738924026489,-0.5326339900493622,-0.10361505467443521,-0.05587539076805115,-0.6164993941783905,-0.11587666142730768,-0.005149424076080322,-0.24825432896614075,-0.07627371866254862,0.00636214017868042,-0.3537278175354004,-0.09963379967956598,0.008259236812591553,-0.4355583041906357,-0.11010292340068872,0.00893867015838623,-0.5101811587810516,-0.11766924131660517
B,0.0,0.0,0.0,-0.0541611909866333,-0.07051891088485718,-0.034635496409805455,-0.08737093210220337,-0.17092713713645935,-0.06033082035389725,-0.06291842460632324,-0.2390870749950409,-0.08278986540642563,-0.0159909725189209,-0.26102834939956665,-0.10653656450119797,-0.02347344160079956,-0.3233596384525299,-0.05596191165057007,-0.005359828472137451,-0.45089690387248993,-0.09035771069136445,0.014013230800628662,-0.5275289118289948,-0.11623435941544358,0.0354076623916626,-0.5960468947887421,-0.13508753952589814,0.025522887706756592,-0.31535568833351135,-0.061331716450126805,0.050838589668273926,-0.4585508853197098,-0.09014182266798798,0.07175701856613159,-0.5468745529651642,-0.11050370809641663,0.09073573350906372,-0.6249405741691589,-0.12572364983168427,0.06693649291992188,-0.27377262711524963,-0.07017618891802613,0.09555685520172119,-0.41046440601348877,-0.09804576364365403,0.11377650499343872,-0.5030577629804611,-0.11508629200068299,0.1288040280342102,-0.5852555632591248,-0.12711859223452393,0.10441529750823975,-0.2073076367378235,-0.08193322000113312,0.13672369718551636,-0.3107313811779022,-0.10728350755778138,0.15502792596817017,-0.38291560113430023,-0.11815466460791413,0.17000937461853027,-0.45030368864536285,-0.12543555078116242
B,0.0,0.0,0.0,-0.04400992393493652,-0.09156876802444458,-0.03599526367844419,-0.0650097131729126,-0.20019876956939697,-0.061250697893513006,-0.024808406829833984,-0.25917091965675354,-0.08357854567231016,0.030596435070037842,-0.2649730443954468,-0.10656288645924406,0.009488821029663086,-0.33178845047950745,-0.04676223180950956,0.03865319490432739,-0.4535938799381256,-0.078462150020016,0.06347692012786865,-0.5283055007457733,-0.10326520733298139,0.09041702747344971,-0.5928870439529419,-0.12177663676203565,0.05859416723251343,-0.31832799315452576,-0.05098678178848104,0.09556478261947632,-0.45649778842926025,-0.0778043159073718,0.1217225193977356,-0.542318195104599,-0.0993422307795413,0.14674073457717896,-0.6193028688430786,-0.11561979733170347,0.0979885458946228,-0.27237388491630554,-0.05915682025016622,0.1380995512008667,-0.4036914110183716,-0.08535779647291974,0.16330713033676147,-0.4910283386707306,-0.10285036645592527,0.18488061428070068,-0.5699186027050018,-0.11531421176852064,0.13212990760803223,-0.20038771629333496,-0.07063974074782209,0.17103266716003418,-0.29991579055786133,-0.09340844683111982,0.19321250915527344,-0.36811795830726624,-0.10313373438776807,0.21155095100402832,-0.4330994784832001,-0.10992791883410291
B,0.0,0.0,0.0,-0.056587815284729004,-0.03819030523300171,-0.03235493137395906,-0.09614747762680054,-0.12741005420684814,-0.05846679492748308,-0.07710957527160645,-0.18928062915802002,-0.08095981462753343,-0.03102588653564453,-0.18368226289749146,-0.10692978187358904,-0.05226808786392212,-0.2461743950843811,-0.07011964454210329,-0.04968458414077759,-0.3478991687297821,-0.10769755675352144,-0.041874051094055176,-0.41256409883499146,-0.13475405706918764,-0.030961573123931885,-0.47287529706954956,-0.1564182294801526,-0.00921928882598877,-0.2388271987438202,-0.07847915871894884,-0.003288567066192627,-0.3558807671070099,-0.11582099183357286,0.006835639476776123,-0.4337426424026489,-0.14146352841413545,0.01740926504135132,-0.5085034370422363,-0.16069399847543764,0.027633249759674072,-0.19618254899978638,-0.08888899071968126,0.038032591342926025,-0.31064409017562866,-0.12780697180784273,0.04636138677597046,-0.38632112741470337,-0.15353489949262666,0.05259066820144653,-0.45874887704849243,-0.1712495489314847,0.06028735637664795,-0.13286125659942627,-0.1006553648308568,0.07920092344284058,-0.20894604921340942,-0.14075482918775606,0.08967733383178711,-0.26616621017456055,-0.16293152703798341,0.09764373302459717,-0.325270414352417,-0.17821421756303835
B,0.0,0.0,0.0,-0.07468348741531372,-0.040856242179870605,-0.01615696842594616,-0.11996030807495117,-0.11491549015045166,-0.038736129876213,-0.13335755467414856,-0.1805132031440735,-0.0629157337806987,-0.11162218451499939,-0.199593186378479,-0.09028036030753128,-0.10680130124092102,-0.251801460981369,-0.04675706731899254,-0.13172578811645508,-0.36589449644088745,-0.08278640243037216,-0.14632248878479004,-0.4433782398700714,-0.10955214383824341,-0.15614038705825806,-0.5143045485019684,-0.12987674656136505,-0.07925808429718018,-0.24932324886322021,-0.06442002090437882,-0.09954249858856201,-0.3790399432182312,-0.1021385926268863,-0.11465182900428772,-0.4768294543027878,-0.12858696165307038,-0.1246461272239685,-0.5636201500892639,-0.1473987984917926,-0.04938420653343201,-0.21877703070640564,-0.08346319082005493,-0.06090956926345825,-0.3508351445198059,-0.11973649891837113,-0.06935745477676392,-0.43968865275382996,-0.14264999213440888,-0.07645443081855774,-0.5211651623249054,-0.15802177670224182,-0.018444299697875977,-0.16655325889587402,-0.10338612529261582,-0.013737618923187256,-0.255378395318985,-0.13668683054669373,-0.01785111427307129,-0.3204204738140106,-0.1540705549977588,-0.023656368255615234,-0.3839759826660156,-0.16615827265007965
B,0.0,0.0,0.0,-0.07291555404663086,-0.06915539503097534,-0.030121695502430157,-0.12153708934783936,-0.1702556312084198,-0.05281267712894078,-0.10938555002212524,-0.2619488537311554,-0.07479077975335713,-0.055360615253448486,-0.2752304971218109,-0.0982978607255518,-0.08233869075775146,-0.3450767248868942,-0.03293407733622189,-0.0907408595085144,-0.46279263496398926,-0.06332498441520329,-0.09785741567611694,-0.5425946116447449,-0.09036516050878163,-0.10149925947189331,-0.6143238842487335,-0.11156750123086567,-0.041484832763671875,-0.35261020064353943,-0.040711395694643215,-0.044253528118133545,-0.48211629688739777,-0.06894788543763752,-0.04873412847518921,-0.5691834986209869,-0.09181572149577732,-0.05235165357589722,-0.6467349231243134,-0.10794908206048603,-0.0005100369453430176,-0.3292205482721329,-0.05279612938943501,0.005034983158111572,-0.45667965710163116,-0.0811058024603426,0.002451300621032715,-0.545728474855423,-0.09988266627374287,-0.0012911558151245117,-0.6221437454223633,-0.11201219658437367,0.04085850715637207,-0.27773433923721313,-0.06819050411763783,0.06172990798950195,-0.3750876188278198,-0.0930970201927721,0.06738406419754028,-0.45173144340515137,-0.1050652677852213,0.06918346881866455,-0.5211097598075867,-0.11291534106317158
B,0.0,0.0,0.0,-0.05568414926528931,-0.07332336902618408,-0.03415634755970132,-0.0876702070236206,-0.18364733457565308,-0.05952386085868966,-0.050703346729278564,-0.248744398355484,-0.08215152745128762,0.004202842712402344,-0.2479683756828308,-0.10712304239154946,-0.037175774574279785,-0.33203357458114624,-0.055921926097880714,-0.024668872356414795,-0.4590321183204651,-0.08993279461742532,-0.010848164558410645,-0.5370103418827057,-0.1162016940581907,0.005971074104309082,-0.6065694987773895,-0.13683234428049218,0.01024562120437622,-0.32614096999168396,-0.06309055809856545,0.027155935764312744,-0.47374826669692993,-0.09404865925193917,0.042866528034210205,-0.5657236874103546,-0.11876318876625191,0.05729109048843384,-0.6502238214015961,-0.13778326188207757,0.05080920457839966,-0.2857954800128937,-0.0734853250253309,0.0731431245803833,-0.4260164350271225,-0.10456219588400018,0.08901059627532959,-0.5221861451864243,-0.12853074346662652,0.10165226459503174,-0.6092584133148193,-0.1459648338425268,0.08809727430343628,-0.22046968340873718,-0.08647425745607507,0.11646348237991333,-0.32328468561172485,-0.11573319409967553,0.13187187910079956,-0.3957604616880417,-0.13237615202547204,0.14363443851470947,-0.46432195603847504,-0.14473429595113885
B,0.0,0.0,0.0,-0.050122618675231934,-0.09101635217666626,-0.03337122933066894,-0.07502752542495728,-0.20736244320869446,-0.05640107826388885,-0.039292752742767334,-0.27572208642959595,-0.07749589593208839,0.013176500797271729,-0.2941426932811737,-0.09878736049927284,-0.009612023830413818,-0.3502674996852875,-0.03810900137818862,0.008515715599060059,-0.4774131774902344,-0.07004354954756309,0.02690201997756958,-0.5577716827392578,-0.09604415358103324,0.047508418560028076,-0.6251111030578613,-0.11517845154799033,0.03365826606750488,-0.3393614888191223,-0.04327358366049339,0.054369330406188965,-0.4726704955101013,-0.07166879684723426,0.07181310653686523,-0.5581436455249786,-0.09385319114721824,0.0896558165550232,-0.6346606910228729,-0.1097732862929206,0.07207822799682617,-0.29779908061027527,-0.05301006571448852,0.09936678409576416,-0.42694272100925446,-0.0808724245528083,0.11744558811187744,-0.512742817401886,-0.09787054420507957,0.1322007179260254,-0.588532030582428,-0.10891121686495353,0.10853934288024902,-0.22819530963897705,-0.06613528044022132,0.1423499584197998,-0.32786738872528076,-0.09078787327803184,0.1613258719444275,-0.39965423941612244,-0.10139921368158866,0.17620211839675903,-0.46598997712135315,-0.10794808776176978
B,0.0,0.0,0.0,-0.09179404377937317,-0.06961828470230103,-0.017660000410614884,-0.1412273645401001,-0.16532784700393677,-0.044372738388119615,-0.1470222771167755,-0.24290388822555542,-0.07439015158706752,-0.10659295320510864,-0.24325379729270935,-0.1085660169392213,-0.12293398380279541,-0.30841031670570374,-0.046461955693303025,-0.13758382201194763,-0.4397074729204178,-0.08625335344368068,-0.15211671590805054,-0.5245675146579742,-0.11742159077221004,-0.16140016913414001,-0.6053540408611298,-0.14317482807928172,-0.08911058306694031,-0.3026784062385559,-0.06867966898971645,-0.0978097915649414,-0.4506320655345917,-0.11363366344266979,-0.11166352033615112,-0.551396369934082,-0.1470470140247926,-0.12147414684295654,-0.6451321840286255,-0.17157177725130168,-0.05554822087287903,-0.2666394114494324,-0.09290447929197398,-0.055616140365600586,-0.40905414521694183,-0.13305240967565624,-0.06521093845367432,-0.5039329826831818,-0.16007103123956767,-0.07444170117378235,-0.5941885113716125,-0.1793645928173646,-0.018899083137512207,-0.2108197808265686,-0.11880944022232143,-0.006364941596984863,-0.3159322440624237,-0.15272800722414104,-0.009434282779693604,-0.3922264873981476,-0.17293480136686412,-0.014475882053375244,-0.46782828867435455,-0.188847363975583
B,0.0,0.0,0.0,-0.08749145269393921,-0.026637017726898193,-0.004256028704730852,-0.14315831661224365,-0.10414719581604004,-0.015928426314530952,-0.16739967465400696,-0.17416152358055115,-0.032035866309342964,-0.15771430730819702,-0.2091987133026123,-0.05035465352648316,-0.14829173684120178,-0.2599959373474121,-0.016565585066018684,-0.1889546811580658,-0.37859663367271423,-0.04429767795318185,-0.21848870813846588,-0.45513488352298737,-0.06632289804929314,-0.24154409766197205,-0.5216450393199921,-0.0830340585898739,-0.127477765083313,-0.2644652724266052,-0.036521872062621696,-0.16900232434272766,-0.3928529918193817,-0.06402727730983315,-0.19907531142234802,-0.48921480774879456,-0.08428079404347955,-0.22101043164730072,-0.5757269561290741,-0.09859251745456277,-0.10012486577033997,-0.24396193027496338,-0.05835861854666291,-0.12857860326766968,-0.37455010414123535,-0.08446604527944146,-0.1509491205215454,-0.46884191036224365,-0.10038970180266915,-0.16989952325820923,-0.5520093441009521,-0.11148436136954842,-0.06760331988334656,-0.20052564144134521,-0.08125379451030312,-0.0804833173751831,-0.2957652807235718,-0.10249291874879418,-0.09882351756095886,-0.3593698740005493,-0.1113485447358471,-0.11681458353996277,-0.4173344373703003,-0.1181793934892994
B,0.0,0.0,0.0,-0.07722529768943787,-0.020000576972961426,-0.01160532883830001,-0.12862616777420044,-0.08738911151885986,-0.02820297885216405,-0.14244839549064636,-0.1537562608718872,-0.04692192930258443,-0.11631995439529419,-0.1778007447719574,-0.06856431994117429,-0.12744975090026855,-0.2292252779006958,-0.033237324985634586,-0.16195547580718994,-0.33671122789382935,-0.06213697973169019,-0.1856018602848053,-0.4054083824157715,-0.08458063188470533,-0.2046830654144287,-0.4671955406665802,-0.1025996300903671,-0.10331836342811584,-0.23422110080718994,-0.05020944211162259,-0.1364416778087616,-0.3531639575958252,-0.07997729811347654,-0.16028597950935364,-0.4408816993236542,-0.10157977971709897,-0.17827361822128296,-0.5190124213695526,-0.11729934248603513,-0.07344719767570496,-0.2099822759628296,-0.06855627331412961,-0.09579861164093018,-0.33242082595825195,-0.09816219094670942,-0.11240577697753906,-0.41615748405456543,-0.11803630176461866,-0.12729108333587646,-0.4929031431674957,-0.13191137644923856,-0.039722591638565063,-0.16327935457229614,-0.08774304572023084,-0.04377660155296326,-0.2460286021232605,-0.1155988964763992,-0.05439639091491699,-0.3037897050380707,-0.12978359493888547,-0.06554758548736572,-0.36064663529396057,-0.1399693879810684
B,0.0,0.0,0.0,-0.051949143409729004,-0.0683743953704834,-0.043603000061807506,-0.0776262879371643,-0.17161861062049866,-0.07330478804021823,-0.03493589162826538,-0.23517245054244995,-0.09865256475120532,0.021284878253936768,-0.252308189868927,-0.12594193296342837,-0.03057199716567993,-0.32024532556533813,-0.06640759186655032,-0.015258610248565674,-0.44959188997745514,-0.10552377329975116,0.001705467700958252,-0.5310316234827042,-0.13539099769502627,0.02184474468231201,-0.6022696495056152,-0.15789066331296908,0.019650280475616455,-0.3165989816188812,-0.0701058216562842,0.04043835401535034,-0.46608148515224457,-0.1054323546758269,0.058210015296936035,-0.5579380095005035,-0.13412071840673434,0.07455772161483765,-0.6451472342014313,-0.1559890814295386,0.0623173713684082,-0.27880769968032837,-0.07768923120408999,0.08887946605682373,-0.41648954153060913,-0.11220669822603213,0.10603392124176025,-0.5078151971101761,-0.13890780584722506,0.11963111162185669,-0.5925198793411255,-0.1582314081659888,0.10103011131286621,-0.21717846393585205,-0.08858842478900897,0.13225650787353516,-0.317439466714859,-0.11944810377269732,0.15013831853866577,-0.3883505016565323,-0.13762684242635714,0.16474056243896484,-0.4575486034154892,-0.15139833168893801
B,0.0,0.0,0.0,-0.04481029510498047,-0.07538598775863647,-0.04609326906529532,-0.06049317121505737,-0.1765666902065277,-0.07956496141878233,-0.008583247661590576,-0.2226702868938446,-0.10770643763271437,0.04866260290145874,-0.22496140003204346,-0.1374074768277751,-0.0062844157218933105,-0.30787280201911926,-0.07552991323200331,0.020389676094055176,-0.42665258049964905,-0.11754533164230452,0.04650193452835083,-0.49922695755958557,-0.14948218576637373,0.07352393865585327,-0.5684225261211395,-0.17330112569061384,0.04514342546463013,-0.29923051595687866,-0.07757093273130522,0.07989621162414551,-0.4472493678331375,-0.11346372477737532,0.10856693983078003,-0.5422258079051971,-0.140976796672021,0.13545310497283936,-0.6378983855247498,-0.1627012442800151,0.08411425352096558,-0.25608980655670166,-0.08313338719335661,0.11999595165252686,-0.3873779624700546,-0.11650450788465605,0.14475536346435547,-0.47280144691467285,-0.14075563363758192,0.16532284021377563,-0.5534444451332092,-0.15876692049232588,0.11785072088241577,-0.18647682666778564,-0.09228576235500441,0.15143483877182007,-0.2823406755924225,-0.12217929475036726,0.17031347751617432,-0.34856995940208435,-0.1388395976277934,0.18613719940185547,-0.41274434328079224,-0.15150761120048628
B,0.0,0.0,0.0,-0.047658443450927734,-0.04749441146850586,-0.0649759860461927,-0.06627762317657471,-0.11954188346862793,-0.11429159508406883,-0.03068023920059204,-0.15201812982559204,-0.1543220447128988,0.022983074188232422,-0.1562735140323639,-0.19740502701461082,-0.015334367752075195,-0.2488499879837036,-0.11754772232234245,0.014367163181304932,-0.3450067341327667,-0.17582489715277916,0.03863871097564697,-0.40686920285224915,-0.21768139467894798,0.06538987159729004,-0.46102532744407654,-0.24665160642325645,0.033374011516571045,-0.23212599754333496,-0.11399482355773216,0.07149571180343628,-0.35328735411167145,-0.1683133410042501,0.10232573747634888,-0.42905066907405853,-0.20494866536319023,0.1291552186012268,-0.4998132288455963,-0.23096221850573784,0.07321208715438843,-0.1873418390750885,-0.1138217987245298,0.1090317964553833,-0.30444587767124176,-0.16229838298022514,0.13340240716934204,-0.3772822320461273,-0.19084660874068504,0.15270459651947021,-0.4449799358844757,-0.2100923971956945,0.10454320907592773,-0.12624591588974,-0.11761050091445213,0.13949894905090332,-0.19985592365264893,-0.15765707359969383,0.16048669815063477,-0.2583692967891693,-0.17755139039218193,0.178616464138031,-0.3152364194393158,-0.19163429902255302
B,0.0,0.0,0.0,-0.04325050115585327,-0.08730810880661011,-0.041806518153407524,-0.061766207218170166,-0.19924837350845337,-0.07034816132591004,-0.016815602779388428,-0.26570431888103485,-0.09508560137555833,0.042579054832458496,-0.2789683938026428,-0.12063126550719971,-0.008403301239013672,-0.3555969297885895,-0.05440030159161324,0.014204680919647217,-0.4838634133338928,-0.08981843577430482,0.028760015964508057,-0.5643719136714935,-0.11799524264142747,0.040661513805389404,-0.6312302052974701,-0.13927264796302552,0.03959542512893677,-0.3431435227394104,-0.05764055536792512,0.0701913833618164,-0.47884970903396606,-0.09015370445058579,0.08955615758895874,-0.5583268702030182,-0.11635155515477891,0.10411572456359863,-0.6287150084972382,-0.1356895445446753,0.07884460687637329,-0.29882214963436127,-0.06527788476751084,0.113491952419281,-0.42747316509485245,-0.09583973424241776,0.13460415601730347,-0.5070075988769531,-0.11768475459621186,0.15020549297332764,-0.5785368978977203,-0.13328142748878236,0.11399275064468384,-0.2304692268371582,-0.07659987644956345,0.1490599513053894,-0.32690201699733734,-0.10290783183381791,0.16861116886138916,-0.39743518084287643,-0.11729467199847932,0.18358474969863892,-0.46497705578804016,-0.1279078303437018
B,0.0,0.0,0.0,-0.04643315076828003,-0.08728176355361938,-0.035476955646743136,-0.06318259239196777,-0.23072397708892822,-0.05329150247024472,-0.015674889087677002,-0.32250118255615234,-0.06835651310728963,0.04254192113876343,-0.3070202171802521,-0.08426626684712346,-0.021461188793182373,-0.35474663972854614,-0.03002742218421872,-0.009752511978149414,-0.47447873651981354,-0.052875514203776675,0.0023140907287597656,-0.5510879158973694,-0.07501902344273503,0.017343103885650635,-0.6213289201259613,-0.09480025532292302,0.024302363395690918,-0.3580916225910187,-0.03255116107510503,0.03994101285934448,-0.49650733172893524,-0.05286280351327832,0.05290955305099487,-0.587868869304657,-0.0746361753587621,0.06553572416305542,-0.6757658421993256,-0.09287352027939733,0.06314224004745483,-0.3245857059955597,-0.039763975018729525,0.08396124839782715,-0.459290087223053,-0.061930998290051775,0.09831970930099487,-0.5491668283939362,-0.08412768604802068,0.11015254259109497,-0.6316960752010345,-0.10140916618155416,0.09877806901931763,-0.2643482983112335,-0.05065823259400304,0.11932599544525146,-0.3622080683708191,-0.07239770057248052,0.13233786821365356,-0.4353584051132202,-0.08779897453831609,0.14448606967926025,-0.5035061985254288,-0.10056559654520925
B,0.0,0.0,0.0,-0.04509270191192627,-0.08639723062515259,-0.026519436162658394,-0.06459176540374756,-0.20655813813209534,-0.04438862554425782,-0.022544562816619873,-0.2733019292354584,-0.06077009416813439,0.03311944007873535,-0.2697097659111023,-0.0787006018280465,-0.018417656421661377,-0.32342344522476196,-0.03515752754802293,-0.005779862403869629,-0.441975474357605,-0.06045724056357926,0.006132304668426514,-0.5158319175243378,-0.08174906648392266,0.020506680011749268,-0.583378940820694,-0.0996203941821534,0.025428354740142822,-0.32137060165405273,-0.04179853550786561,0.04278832674026489,-0.46065281331539154,-0.06421773113007134,0.05647850036621094,-0.5481090843677521,-0.08463920630211419,0.0693938136100769,-0.6305641233921051,-0.10114769614929742,0.06188124418258667,-0.28595924377441406,-0.051566663902946175,0.08391261100769043,-0.42002370953559875,-0.07487066812510079,0.09635448455810547,-0.5066901594400406,-0.09512453503603524,0.1055031418800354,-0.5872954428195953,-0.11050570733542031,0.09510582685470581,-0.2246009111404419,-0.06368758506769723,0.12016087770462036,-0.32169994711875916,-0.08666296280617303,0.1333521008491516,-0.3903000056743622,-0.10077215708489007,0.14280176162719727,-0.4549972116947174,-0.11177904881233758
B,0.0,0.0,0.0,-0.06678447127342224,-0.052381277084350586,-0.02138614153312801,-0.10949826240539551,-0.15421098470687866,-0.03880937455045341,-0.09670999646186829,-0.2372315526008606,-0.056015473434797514,-0.056140005588531494,-0.24723130464553833,-0.07571042759167312,-0.08258557319641113,-0.28924596309661865,-0.03740573732005714,-0.09934735298156738,-0.4100920557975769,-0.06459597183214782,-0.11380836367607117,-0.4856707453727722,-0.0867077080701506,-0.12501507997512817,-0.5540865659713745,-0.10515078587280868,-0.050411611795425415,-0.2952941656112671,-0.04810089303003906,-0.06581369042396545,-0.427614688873291,-0.07611081434237121,-0.07917100191116333,-0.5199124068021774,-0.09924878610121368,-0.09043008089065552,-0.6031968295574188,-0.11663204116570114,-0.019102394580841064,-0.26845523715019226,-0.0609130939637339,-0.025082558393478394,-0.3979465961456299,-0.08940796239124893,-0.03250545263290405,-0.485799640417099,-0.11296865029083847,-0.04054981470108032,-0.562946617603302,-0.12969746870743393,0.012869715690612793,-0.21599704027175903,-0.07538564188229202,0.020935535430908203,-0.30489447712898254,-0.10431600792156814,0.01699274778366089,-0.37294766306877136,-0.1229471011255896,0.010936856269836426,-0.43620815873146057,-0.13632623536335586
B,0.0,0.0,0.0,-0.048861682415008545,-0.07204514741897583,-0.024204301011423013,-0.07764595746994019,-0.16491681337356567,-0.04293161846385374,-0.060152292251586914,-0.23197251558303833,-0.06106748275146856,-0.015771687030792236,-0.2510830760002136,-0.07994412101493253,-0.03612518310546875,-0.2867656350135803,-0.0319640359996356,-0.031395018100738525,-0.39164358377456665,-0.059520060491422555,-0.024963855743408203,-0.4554463028907776,-0.08136463381038084,-0.016388356685638428,-0.515299916267395,-0.0985061547874011,0.005373239517211914,-0.285738468170166,-0.040050307583669564,0.013771355152130127,-0.4067137837409973,-0.06539345003352537,0.02201521396636963,-0.4813612103462219,-0.08500299073443784,0.029322803020477295,-0.552348792552948,-0.09949515230641737,0.04318934679031372,-0.2532792091369629,-0.0514793007789649,0.05669534206390381,-0.3734036982059479,-0.07859930611834898,0.06442147493362427,-0.4481578469276428,-0.09524905152306928,0.0679931640625,-0.5193338394165039,-0.10633700556741132,0.08015716075897217,-0.19579869508743286,-0.06490197248444929,0.10387808084487915,-0.2782878875732422,-0.0902993626116313,0.11334139108657837,-0.33969104290008545,-0.10201726324544325,0.11694127321243286,-0.4009398818016052,-0.10983988858447447
B,0.0,0.0,0.0,-0.046119093894958496,-0.0716668963432312,-0.035610265370735306,-0.06665503978729248,-0.17936718463897705,-0.06039556422484793,-0.03371065855026245,-0.25159627199172974,-0.08130740680945792,0.01171964406967163,-0.27056410908699036,-0.10278725185645499,-0.018570363521575928,-0.30747586488723755,-0.0530777194465486,0.0044190287590026855,-0.4264000654220581,-0.08831842550290503,0.02665811777114868,-0.4998127818107605,-0.11591838606847205,0.05172699689865112,-0.5623030364513397,-0.13508093663705267,0.02844184637069702,-0.2999074459075928,-0.05616906964434065,0.05849200487136841,-0.43704673647880554,-0.08596153118861594,0.08473843336105347,-0.5266507863998413,-0.10954330423129477,0.10913264751434326,-0.6078447699546814,-0.12614129790318884,0.06961876153945923,-0.26142796874046326,-0.06238652327311911,0.09865063428878784,-0.39367949962615967,-0.0903554067875234,0.12080669403076172,-0.4799192547798157,-0.10942500391257681,0.13757503032684326,-0.5557509660720825,-0.12176997521174826,0.10648882389068604,-0.1998562216758728,-0.0712175027395574,0.1357439160346985,-0.2998950481414795,-0.09587757596028723,0.152335524559021,-0.3700144290924072,-0.10668896445287146,0.16353124380111694,-0.43499651551246643,-0.113091971066126
B,0.0,0.0,0.0,-0.06241297721862793,-0.07015800476074219,-0.03614832638055532,-0.09434008598327637,-0.19349414110183716,-0.060101022852961705,-0.05601155757904053,-0.27547794580459595,-0.08145573912412374,0.003133416175842285,-0.2774163484573364,-0.10541434763223378,-0.05002647638320923,-0.3185102939605713,-0.05387968002111165,-0.04895871877670288,-0.4361041188240051,-0.08775228439122884,-0.047452449798583984,-0.5125956982374191,-0.11495980052501409,-0.04181891679763794,-0.5861595273017883,-0.1382751780584499,-0.0037631988525390625,-0.32312437891960144,-0.06076237736493795,0.0003451108932495117,-0.4591188430786133,-0.09448123900443761,0.006240248680114746,-0.548344224691391,-0.12315284637958257,0.01218348741531372,-0.6378642916679382,-0.14607551871091573,0.035743117332458496,-0.2895926833152771,-0.07135953931361882,0.047342121601104736,-0.42134353518486023,-0.1073422300651714,0.05243706703186035,-0.5087962448596954,-0.13757533012181966,0.05563932657241821,-0.5929581522941589,-0.15964277265817373,0.07293802499771118,-0.2306760549545288,-0.08458953527957647,0.09194439649581909,-0.3220779299736023,-0.12126498846561162,0.09935528039932251,-0.3945774435997009,-0.14659908591062276,0.10452377796173096,-0.4659528136253357,-0.16571209011823385
B,0.0,0.0,0.0,-0.0722523033618927,-0.0606614351272583,-0.02333668407101186,-0.1189306378364563,-0.16756504774093628,-0.04290636230308564,-0.11004623770713806,-0.2627812623977661,-0.062139380462951976,-0.06749245524406433,-0.2716306746006012,-0.08283108819324525,-0.10016566514968872,-0.32405826449394226,-0.03373789761263879,-0.11704772710800171,-0.45846863090991974,-0.0616537143667415,-0.13688981533050537,-0.5425317287445068,-0.08477016139823945,-0.15252995491027832,-0.6151671409606934,-0.10280097622472795,-0.06660404801368713,-0.3278157413005829,-0.04394326333004983,-0.08287656307220459,-0.4737561196088791,-0.07126665461856874,-0.10004547238349915,-0.5715008676052094,-0.09242262292701753,-0.11145082116127014,-0.6530942022800446,-0.10751554716426881,-0.032035768032073975,-0.30303168296813965,-0.056909031905718166,-0.038901329040527344,-0.44503353536129,-0.08226739961702378,-0.047157883644104004,-0.5397467315196991,-0.10075684983331712,-0.053013503551483154,-0.619333803653717,-0.11373693097431214,0.0042694807052612305,-0.25474292039871216,-0.07237056244213136,0.008505702018737793,-0.361267626285553,-0.09621142942506822,0.003645658493041992,-0.4398390054702759,-0.10954831887084993,-0.001566171646118164,-0.5127766579389572,-0.11883171249229463
B,0.0,0.0,0.0,-0.07800182700157166,-0.04591059684753418,-0.017434263742359235,-0.1315658688545227,-0.13617688417434692,-0.03570161587634857,-0.1404905766248703,-0.22618576884269714,-0.0560250451330262,-0.10653084516525269,-0.25532543659210205,-0.07866636118927772,-0.1283167451620102,-0.29864344000816345,-0.02995304404834087,-0.1639235019683838,-0.42378635704517365,-0.06247286698857124,-0.1955951452255249,-0.5042837262153625,-0.08938940814772423,-0.22144193947315216,-0.5748157799243927,-0.11020625582972343,-0.1045306921005249,-0.3110750913619995,-0.045595472819002225,-0.1412547081708908,-0.4543994516134262,-0.07769074491301353,-0.17098206281661987,-0.5575200021266937,-0.10321676931420143,-0.19411742687225342,-0.6474533975124359,-0.12145438990631874,-0.07505607604980469,-0.293499231338501,-0.06369928470888908,-0.10237842798233032,-0.43424317240715027,-0.09329889169970329,-0.12409040331840515,-0.527587041258812,-0.1140227263335305,-0.1427173763513565,-0.6076578795909882,-0.12821378759184654,-0.04021894931793213,-0.24981772899627686,-0.08397450498381431,-0.05072897672653198,-0.351371169090271,-0.1096439307097512,-0.06744852662086487,-0.4247017651796341,-0.12369587472716148,-0.08338820934295654,-0.4914795905351639,-0.1336997692946511
B,0.0,0.0,0.0,-0.0714988112449646,-0.06107306480407715,-0.031586125751630334,-0.12049907445907593,-0.19235265254974365,-0.05427300583352235,-0.09950721263885498,-0.30550049245357513,-0.07607223491896775,-0.03433811664581299,-0.3334757387638092,-0.09812344264020112,-0.0874287486076355,-0.39258281886577606,-0.031319774945870904,-0.09739342331886292,-0.5402030944824219,-0.06279747586478379,-0.10521608591079712,-0.6161806434392929,-0.08871460359324601,-0.10539239645004272,-0.6745511740446091,-0.10827982824076798,-0.041523754596710205,-0.3960229158401489,-0.03873306911219743,-0.04177355766296387,-0.5495005249977112,-0.07118145774830964,-0.04419833421707153,-0.6224577873945236,-0.09485412787427094,-0.038592398166656494,-0.673960730433464,-0.10973149191369203,0.0015090703964233398,-0.3674930930137634,-0.05093454967965272,0.008321404457092285,-0.5095171183347702,-0.07970082413186219,0.009333014488220215,-0.5857496708631516,-0.09791863363017228,0.016228556632995605,-0.6437229365110397,-0.10945629726876405,0.04328954219818115,-0.3106568604707718,-0.06686141740311768,0.05487418174743652,-0.42251502722501755,-0.09130731623400834,0.057149529457092285,-0.5012354403734207,-0.10490537088145402,0.06155848503112793,-0.5694147050380707,-0.11395955484141496
B,0.0,0.0,0.0,-0.09976917505264282,-0.04282534122467041,-0.01265863413678403,-0.15839388966560364,-0.14609664678573608,-0.020034981805252983,-0.17476393282413483,-0.24918904900550842,-0.03125267653481956,-0.15681254863739014,-0.2816910743713379,-0.04263930200355048,-0.15887197852134705,-0.30804094672203064,0.012196619149875687,-0.20402126014232635,-0.42789754271507263,-0.005683775439280225,-0.2413569539785385,-0.5070554912090302,-0.027032021346855117,-0.2687813490629196,-0.5750357955694199,-0.04410262210981841,-0.13756141066551208,-0.3255964517593384,-0.000597300329133077,-0.1830720454454422,-0.4586156904697418,-0.018628310325908615,-0.22072520852088928,-0.5515990108251572,-0.04018531544821258,-0.24725408852100372,-0.6322763860225677,-0.05530050202028747,-0.11208972334861755,-0.3223041594028473,-0.017981899815964653,-0.15230625867843628,-0.4532954841852188,-0.03431534944789405,-0.18395182490348816,-0.5442141592502594,-0.051060503262448265,-0.20492658019065857,-0.6169215738773346,-0.06247922583239074,-0.08261394500732422,-0.2982932925224304,-0.038764705795216514,-0.10551419854164124,-0.4031740725040436,-0.052407106298375083,-0.12950706481933594,-0.47804467380046844,-0.061797479081320716,-0.14838790893554688,-0.5421060025691986,-0.0684501062216043
B,0.0,0.0,0.0,-0.08055344223976135,-0.07833468914031982,-0.030834445695944623,-0.1254471242427826,-0.1986027956008911,-0.05055266056544383,-0.09869325160980225,-0.299189954996109,-0.07198858071453174,-0.029607176780700684,-0.31290629506111145,-0.09355535168535312,-0.08714267611503601,-0.3593337833881378,-0.019995352219410734,-0.09538251161575317,-0.49996423721313477,-0.05235479209906657,-0.10222870111465454,-0.5626859366893768,-0.08025537241584857,-0.10163217782974243,-0.6065960824489594,-0.10018964667207797,-0.0499228835105896,-0.3630927801132202,-0.026633383672304944,-0.04448813199996948,-0.5017111599445343,-0.06266076673156817,-0.03790414333343506,-0.5485895276069641,-0.08850870091802676,-0.02201712131500244,-0.5744931995868683,-0.10183221657163699,-0.013552248477935791,-0.33872877061367035,-0.038968080620833234,-0.0070416927337646484,-0.46114644408226013,-0.0714705939996918,-0.005350828170776367,-0.5032487213611603,-0.09085061211473544,0.00967419147491455,-0.5200411975383759,-0.09808938015586932,0.019467532634735107,-0.2897816300392151,-0.055157383869953946,0.023014366626739502,-0.38541802763938904,-0.07732238430864413,0.022359609603881836,-0.41785404086112976,-0.08593909997827609,0.03003871440887451,-0.4237353056669235,-0.08878042359239657
B,0.0,0.0,0.0,-0.056123435497283936,-0.08493304252624512,-0.07060102002310487,-0.06599169969558716,-0.20477837324142456,-0.11408036576199265,-0.0017020702362060547,-0.2666563093662262,-0.14838695155071946,0.06562238931655884,-0.2780228853225708,-0.1843341700880501,-0.026810050010681152,-0.3574666678905487,-0.09616731481241914,-0.0024448633193969727,-0.48787401616573334,-0.14933119343209,0.01990300416946411,-0.5711068212985992,-0.19221360610413285,0.0419231653213501,-0.6407381296157837,-0.2237766795008156,0.03053361177444458,-0.3519449979066849,-0.08964427189516755,0.05856823921203613,-0.49865181744098663,-0.1392274759857628,0.08208984136581421,-0.5869425237178802,-0.1805438809244606,0.10106080770492554,-0.6717459559440613,-0.21195467935490342,0.07972860336303711,-0.3158929646015167,-0.08886598424601289,0.11323624849319458,-0.4517938792705536,-0.13305624948429795,0.13829994201660156,-0.5416177958250046,-0.16877124832558366,0.1583225131034851,-0.6238539516925812,-0.19496187196659776,0.12188345193862915,-0.25677555799484253,-0.09378773348021241,0.1583767533302307,-0.3597182333469391,-0.13057176397728654,0.18124043941497803,-0.4350567013025284,-0.1551629416792366,0.2010568380355835,-0.5060362964868546,-0.17459627614903184
B,0.0,0.0,0.0,-0.05559432506561279,-0.09236276149749756,-0.03654746838111578,-0.08038139343261719,-0.2063104510307312,-0.05978535615105329,-0.03507465124130249,-0.2808045446872711,-0.08049162231583296,0.021506428718566895,-0.2986866533756256,-0.10116868965525327,-0.040641069412231445,-0.3559313714504242,-0.03488580636877714,-0.02846682071685791,-0.48487649857997894,-0.06627778463263212,-0.013231873512268066,-0.5682367384433746,-0.0947434579600781,0.005331814289093018,-0.6393752098083496,-0.11673682682413755,0.011377990245819092,-0.3589923679828644,-0.039194175379464014,0.023751378059387207,-0.4992114156484604,-0.06655048333306013,0.0368611216545105,-0.5913434326648712,-0.09157193206448255,0.04929804801940918,-0.6737747490406036,-0.11025812231201826,0.06006455421447754,-0.3261391520500183,-0.04844010748166738,0.07809418439865112,-0.46288248896598816,-0.07625725619692503,0.09127640724182129,-0.5549656748771667,-0.09635255985159574,0.1003074049949646,-0.6370984315872192,-0.1099043985475987,0.1068868637084961,-0.2631058096885681,-0.06132496647734342,0.13423264026641846,-0.3605668544769287,-0.08703399948973356,0.14742648601531982,-0.4364977926015854,-0.09912848971981703,0.15637725591659546,-0.5056664943695068,-0.10670812927384077
B,0.0,0.0,0.0,-0.06002485752105713,-0.11001521348953247,-0.01554121388181784,-0.09419649839401245,-0.21972227096557617,-0.025991560277191184,-0.09112447500228882,-0.3086950480937958,-0.03788208900078871,-0.05951058864593506,-0.3511415123939514,-0.04961398555025198,-0.03592824935913086,-0.3338123559951782,0.001335626965726533,-0.03674626350402832,-0.4348498284816742,-0.01410676291271784,-0.03466731309890747,-0.5034695267677307,-0.03349232612237074,-0.030751526355743408,-0.5717352330684662,-0.048895920944062254,0.004421234130859375,-0.33440256118774414,-0.005466423314658186,0.00929415225982666,-0.4410916268825531,-0.018187827747908614,0.014685094356536865,-0.5181002616882324,-0.03584843440040686,0.020467817783355713,-0.5897796154022217,-0.04898467598542311,0.04365122318267822,-0.31453150510787964,-0.015964814779010794,0.05236709117889404,-0.4201440215110779,-0.030283495169726393,0.05918693542480469,-0.5049785077571869,-0.04323695911153891,0.06508570909500122,-0.5809929370880127,-0.05177986932977774,0.08126634359359741,-0.2729366719722748,-0.028533115368929884,0.09981107711791992,-0.37616562843322754,-0.040454126280394576,0.11155599355697632,-0.4482748210430145,-0.04491344405397513,0.12154412269592285,-0.5187166929244995,-0.047076444458809874
B,0.0,0.0,0.0,-0.047510504722595215,-0.08429405093193054,-0.015266185105147656,-0.07077032327651978,-0.2029428482055664,-0.02498751174688607,-0.05320286750793457,-0.2758921980857849,-0.03684466186940938,-0.01588594913482666,-0.2825043648481369,-0.047896707840564545,-0.006780445575714111,-0.34858232364058495,0.001815135995556716,-0.005040347576141357,-0.4453307241201401,-0.02456453297317296,-0.005969345569610596,-0.4603785574436188,-0.04896600026667386,-0.001982569694519043,-0.4515858590602875,-0.06446864310682088,0.030111312866210938,-0.3485923409461975,-0.007191079147460755,0.0374564528465271,-0.46793118119239807,-0.027220251448753174,0.03907895088195801,-0.5231317579746246,-0.04445379827201634,0.04253488779067993,-0.5533620268106461,-0.055688089169862565,0.06521958112716675,-0.32036978751420975,-0.021618232541086968,0.08245253562927246,-0.435457319021225,-0.04066814709484845,0.09060543775558472,-0.4975088834762573,-0.05156076554239064,0.09790265560150146,-0.541227176785469,-0.05812996108114987,0.09805792570114136,-0.2640863284468651,-0.03875239793241292,0.12036561965942383,-0.3528759852051735,-0.052781915702226456,0.13110584020614624,-0.40783777087926865,-0.05718695227086812,0.13803482055664062,-0.45322465896606445,-0.05980983603775769
B,0.0,0.0,0.0,-0.05706506967544556,-0.08086258172988892,-0.02642585434131206,-0.08629763126373291,-0.19956260919570923,-0.04499033190421642,-0.060398638248443604,-0.2765001356601715,-0.06240978561453403,-0.014606773853302002,-0.2840154767036438,-0.0814690413337189,-0.020352184772491455,-0.3358688950538635,-0.03519998215250553,-0.009238064289093018,-0.45729416608810425,-0.06203376598767818,0.0030760765075683594,-0.5352363884449005,-0.08457218580059589,0.01766383647918701,-0.6021333038806915,-0.10192979596666873,0.02188706398010254,-0.32928356528282166,-0.04294464089088024,0.040068745613098145,-0.46773090958595276,-0.06714940540604175,0.05418670177459717,-0.5601052045822144,-0.08704589031748355,0.06711423397064209,-0.639110803604126,-0.10119053445868076,0.05968981981277466,-0.29044756293296814,-0.05395215846709789,0.08079832792282104,-0.42801742255687714,-0.07863957904390872,0.09399479627609253,-0.5199051797389984,-0.09688856922201694,0.10430681705474854,-0.5986970961093903,-0.10939123205952228,0.09586465358734131,-0.2242276668548584,-0.06732509009651721,0.1239011287689209,-0.3248308300971985,-0.09026470504812778,0.13877969980239868,-0.3946141451597214,-0.10094614051394046,0.14842408895492554,-0.4585305452346802,-0.10797050319723667
B,0.0,0.0,0.0,-0.04191577434539795,-0.09808385372161865,-0.02827971604986601,-0.05700123310089111,-0.21280255913734436,-0.04729500961823874,-0.01784360408782959,-0.27347999811172485,-0.06491653797550612,0.03079402446746826,-0.2701750099658966,-0.08318487731142454,0.0150986909866333,-0.325242280960083,-0.03250827071590834,0.04209864139556885,-0.44475674629211426,-0.05964774069710188,0.06509339809417725,-0.5159369558095932,-0.0828025358669322,0.08837121725082397,-0.5781331658363342,-0.10051164952440672,0.05725967884063721,-0.312569260597229,-0.038000060146288206,0.09109020233154297,-0.4463625103235245,-0.06068850857539587,0.1147339940071106,-0.5287289172410965,-0.07978072938843184,0.13683158159255981,-0.6011941432952881,-0.09408406344576292,0.09070354700088501,-0.2726978361606598,-0.0472146960846942,0.12388110160827637,-0.40161964297294617,-0.06852270094080382,0.14383375644683838,-0.48474550247192383,-0.08292282549066954,0.1605345606803894,-0.554977685213089,-0.09313728836698942,0.12022674083709717,-0.20750778913497925,-0.05962931913657599,0.15056753158569336,-0.307417094707489,-0.07837099758310728,0.1663494110107422,-0.3752182424068451,-0.08626590845508986,0.17793726921081543,-0.4352860450744629,-0.09161020246668272
B,0.0,0.0,0.0,-0.044512271881103516,-0.076507568359375,-0.026563538763411998,-0.06629824638366699,-0.18194568157196045,-0.048258761469014644,-0.03725588321685791,-0.23297476768493652,-0.06823908031333303,0.006717085838317871,-0.22878652811050415,-0.09009427816022253,-0.0010529160499572754,-0.2890101373195648,-0.04514111072171545,0.016112804412841797,-0.40079453587532043,-0.07494508713830328,0.03243708610534668,-0.46638745069503784,-0.0977590927516303,0.05254405736923218,-0.5257195234298706,-0.11513944208968496,0.04322922229766846,-0.27643442153930664,-0.052138230357059,0.06778693199157715,-0.4108165502548218,-0.07783409446824407,0.08643120527267456,-0.493735134601593,-0.09770991891969061,0.10477602481842041,-0.5693070590496063,-0.11289586365569448,0.07916444540023804,-0.234386146068573,-0.06172191962946272,0.10699313879013062,-0.36569052934646606,-0.08657626301396704,0.12313103675842285,-0.44866883754730225,-0.10366873681891775,0.13612502813339233,-0.5225984454154968,-0.11593138665307379,0.11162436008453369,-0.16810864210128784,-0.0733416402374587,0.13914132118225098,-0.26573890447616577,-0.09670433640826559,0.15262025594711304,-0.33288294076919556,-0.10788510233510351,0.16202956438064575,-0.39663565158843994,-0.11566735297788
B,0.0,0.0,0.0,-0.04799574613571167,-0.09159064292907715,-0.02318586679464829,-0.06746476888656616,-0.22138497233390808,-0.03628760287827504,-0.029885530471801758,-0.29036884009838104,-0.04898697966999066,0.018861353397369385,-0.27463535964488983,-0.06302984515494359,-0.005981326103210449,-0.33692842721939087,-0.019785721696081282,0.004702508449554443,-0.45525212585926056,-0.04040057296222699,0.011286318302154541,-0.5318213403224945,-0.0603430577582742,0.01844125986099243,-0.5980991721153259,-0.07728181490963948,0.03221476078033447,-0.33260855078697205,-0.02564725363916409,0.04702436923980713,-0.4616571366786957,-0.044148669487896086,0.056327879428863525,-0.5408056676387787,-0.06167253935998929,0.06419384479522705,-0.6105912625789642,-0.07540742764538777,0.06419229507446289,-0.3004225939512253,-0.035149593747320296,0.08342385292053223,-0.4244112968444824,-0.053140823639097334,0.09575200080871582,-0.5030739605426788,-0.0672458455926801,0.10538595914840698,-0.5691497027873993,-0.07787809977597249,0.09456795454025269,-0.24383455514907837,-0.047648311502399565,0.11492043733596802,-0.3460133671760559,-0.0646828533179189,0.12674778699874878,-0.4171596020460129,-0.07405137727326405,0.13685452938079834,-0.48154109716415405,-0.08139455030030263
B,0.0,0.0,0.0,-0.07950913906097412,-0.0483931303024292,-0.01593687791830689,-0.12047582864761353,-0.11632847785949707,-0.03862524439102799,-0.12787282466888428,-0.17076736688613892,-0.06352485377794892,-0.10795906186103821,-0.19421249628067017,-0.09190070290571839,-0.10751461982727051,-0.22874951362609863,-0.04401724447018296,-0.1300683617591858,-0.33227241039276123,-0.07986256886727006,-0.14252996444702148,-0.40196770429611206,-0.10751126368052155,-0.14949655532836914,-0.468713641166687,-0.12868922610289246,-0.07957541942596436,-0.22370508313179016,-0.06134444881683976,-0.09791964292526245,-0.33621954917907715,-0.09916341711289078,-0.10997599363327026,-0.4211386442184448,-0.12666611034876496,-0.11749070882797241,-0.5017784833908081,-0.14701595563894898,-0.05010703206062317,-0.19595062732696533,-0.08046769012219102,-0.058182358741760254,-0.3080945611000061,-0.11691568453318268,-0.06532549858093262,-0.38952529430389404,-0.14043205637938172,-0.07138901948928833,-0.46575409173965454,-0.15671801228529603,-0.019032984972000122,-0.14992892742156982,-0.10068952698713929,-0.015385687351226807,-0.2276918590068817,-0.13291613419062287,-0.02052733302116394,-0.2854541838169098,-0.15018106658465058,-0.02597871422767639,-0.3428506851196289,-0.16310162503725678
B,0.0,0.0,0.0,-0.08524647355079651,-0.009726464748382568,0.003853894612007025,-0.13492080569267273,-0.07957279682159424,0.00017695571489184658,-0.16020172834396362,-0.13795340061187744,-0.008538322215713379,-0.1558595597743988,-0.16585946083068848,-0.019580093836225387,-0.1330278515815735,-0.19514605402946472,-0.004495262326486227,-0.17301714420318604,-0.2797090411186218,-0.027542045032419082,-0.20395204424858093,-0.3430033326148987,-0.04660396060887706,-0.22939187288284302,-0.39885440468788147,-0.06128456226531398,-0.11689209938049316,-0.20219749212265015,-0.02421786605361831,-0.16105350852012634,-0.29256975650787354,-0.05015923983398807,-0.19531559944152832,-0.3697330951690674,-0.06902341327611339,-0.22164230048656464,-0.4415287673473358,-0.08222895643655193,-0.09716776013374329,-0.1878892183303833,-0.045307559585012314,-0.13191556930541992,-0.2828008532524109,-0.07008339247647655,-0.1580403447151184,-0.3563346266746521,-0.08401893607322108,-0.18035319447517395,-0.42331936955451965,-0.09315766177121532,-0.07563045620918274,-0.15828996896743774,-0.06667001328412425,-0.09799385070800781,-0.22572681307792664,-0.08798833719436061,-0.11776894330978394,-0.2732793390750885,-0.0978106760138644,-0.13633808493614197,-0.316602498292923,-0.10517367503587138
B,0.0,0.0,0.0,-0.04749929904937744,-0.07537001371383667,-0.03298403438714104,-0.0694381594657898,-0.18511715531349182,-0.057261822042733,-0.029691755771636963,-0.23828557133674622,-0.07901055109289246,0.021541118621826172,-0.23504281044006348,-0.10310860466745453,-0.01232147216796875,-0.30621209740638733,-0.05433012661126213,0.006658315658569336,-0.41763922572135925,-0.08714039367225723,0.02335047721862793,-0.4859715402126312,-0.11241865646627502,0.04289257526397705,-0.5488494634628296,-0.13268373650100784,0.03235006332397461,-0.29843148589134216,-0.06106330197837906,0.05868738889694214,-0.4343807250261307,-0.0916965429165657,0.07991296052932739,-0.5158485174179077,-0.11654409509685593,0.10041773319244385,-0.5959450006484985,-0.13592831533935623,0.06836575269699097,-0.25795483589172363,-0.07075794529703217,0.0972585678100586,-0.38783735036849976,-0.10164487850454407,0.11598837375640869,-0.46986986696720123,-0.12563483160522537,0.13218647241592407,-0.5486403107643127,-0.14328719419029312,0.10088783502578735,-0.19305863976478577,-0.08285060268428879,0.12975847721099854,-0.2861916124820709,-0.11138231050756531,0.14611154794692993,-0.35080844163894653,-0.1283900563099678,0.15976494550704956,-0.4149489104747772,-0.14153955620315628
B,0.0,0.0,0.0,-0.03988802433013916,-0.08110988140106201,-0.038563410019605726,-0.051937639713287354,-0.1919148564338684,-0.06511880291077432,-0.0042250752449035645,-0.24230119585990906,-0.08802553845021066,0.049524664878845215,-0.23721083998680115,-0.1129323749003106,0.008966803550720215,-0.3087722659111023,-0.057341920411317915,0.03644055128097534,-0.41886311769485474,-0.09286020529839334,0.06012791395187378,-0.4862997829914093,-0.12144713682505426,0.0859033465385437,-0.54786017537117,-0.1437171382960969,0.0548589825630188,-0.2961938977241516,-0.06095429716083345,0.08992886543273926,-0.4273913949728012,-0.09255195242735681,0.11648333072662354,-0.5078541338443756,-0.11938809437128839,0.14259839057922363,-0.5891009569168091,-0.1405384672937089,0.08978039026260376,-0.25393226742744446,-0.0680400787052804,0.1254255175590515,-0.3792486786842346,-0.09801620823714075,0.14836347103118896,-0.46038226783275604,-0.12182894927832422,0.16865146160125732,-0.5371133983135223,-0.139647392755478,0.12027919292449951,-0.18809881806373596,-0.07825265658470926,0.15153402090072632,-0.28247660398483276,-0.10531048310372171,0.1704283356666565,-0.34829771518707275,-0.12161132526966867,0.18717139959335327,-0.41230809688568115,-0.13439246845814523
B,0.0,0.0,0.0,-0.047421038150787354,-0.0951363742351532,-0.03713571679975303,-0.06132477521896362,-0.2277039885520935,-0.060309604082362966,-0.008274495601654053,-0.2942640781402588,-0.08057570484663756,0.05378460884094238,-0.2815912067890167,-0.10151361701275619,-0.0007421374320983887,-0.3652684986591339,-0.040415272388713674,0.023077428340911865,-0.48412322998046875,-0.06951441643025191,0.03958779573440552,-0.5579679310321808,-0.0943874868490866,0.055856168270111084,-0.6225173473358154,-0.11453970548893722,0.046750545501708984,-0.3509296029806137,-0.04350204420472892,0.0733259916305542,-0.47977498173713684,-0.07010265466954024,0.09314483404159546,-0.5578027963638306,-0.09266407815005095,0.11040818691253662,-0.6303851902484894,-0.11036430326487334,0.0851292610168457,-0.3068213015794754,-0.051333006743448095,0.11791706085205078,-0.42851655185222626,-0.07751905945326598,0.13855069875717163,-0.5017239600419998,-0.0963316637017897,0.15432274341583252,-0.5675197243690491,-0.10988033590103896,0.11905437707901001,-0.24075272679328918,-0.0629684108236006,0.1505591869354248,-0.3415304124355316,-0.08669538078095229,0.16974037885665894,-0.4148196876049042,-0.10039162663008483,0.18582934141159058,-0.48486657440662384,-0.11071073291088851
B,0.0,0.0,0.0,-0.056175410747528076,-0.07858866453170776,-0.024645070214830866,-0.08538824319839478,-0.19774186611175537,-0.042907203217112055,-0.05402636528015137,-0.2692417800426483,-0.060341360648237696,-0.001938164234161377,-0.26542380452156067,-0.0797638358968129,-0.03977668285369873,-0.32374125719070435,-0.03483064346488618,-0.03527349233627319,-0.4430324584245682,-0.0616664464074006,-0.03187769651412964,-0.5206800401210785,-0.08408048622783326,-0.026133418083190918,-0.5911077558994293,-0.10260160141166352,0.0003139972686767578,-0.3210234045982361,-0.04360357918318414,0.00789576768875122,-0.45641694962978363,-0.0691064360040059,0.013319015502929688,-0.5451137721538544,-0.09070885800298356,0.018100261688232422,-0.6277998685836792,-0.10705213122543,0.035272419452667236,-0.285496324300766,-0.05536986388739251,0.04902923107147217,-0.41659364104270935,-0.08124329768594407,0.05680084228515625,-0.5050713419914246,-0.10168069474872254,0.062019407749176025,-0.5863530039787292,-0.116349345673882,0.06768566370010376,-0.22575780749320984,-0.06936383121188783,0.08758550882339478,-0.3212827891111374,-0.09447877727922105,0.09595000743865967,-0.39214369654655457,-0.10933338724549913,0.10158652067184448,-0.4611055701971054,-0.12025770418819093
B,0.0,0.0,0.0,-0.06532341241836548,-0.0820557177066803,-0.016836886449425492,-0.1010277271270752,-0.19649538397789001,-0.028072313560812745,-0.08735716342926025,-0.2932787984609604,-0.04133774262544421,-0.04605978727340698,-0.3106755018234253,-0.05442454215761927,-0.06669914722442627,-0.34383295476436615,0.003173863825679746,-0.07281994819641113,-0.4555489420890808,-0.01889820878085402,-0.08489668369293213,-0.5089283436536789,-0.041736508874862466,-0.09404224157333374,-0.5450206398963928,-0.05769065317389277,-0.03250628709793091,-0.351036861538887,-0.005118295239924464,-0.03243070840835571,-0.47518764436244965,-0.024856195940344605,-0.039561450481414795,-0.5383604317903519,-0.04353681129094866,-0.04299098253250122,-0.5808424651622772,-0.05560099628445414,0.0016869902610778809,-0.33423954248428345,-0.018616420372097764,0.00747370719909668,-0.45512035489082336,-0.03494841527816561,0.005849957466125488,-0.5247115641832352,-0.047991111098497186,0.005482852458953857,-0.5705569088459015,-0.056308291076391015,0.03676497936248779,-0.2954428791999817,-0.035341865538327966,0.04926639795303345,-0.395579032599926,-0.04624758210655955,0.05230569839477539,-0.4634091407060623,-0.05256692615029124,0.0538368821144104,-0.5169979780912399,-0.05724802535650042
B,0.0,0.0,0.0,-0.07224121689796448,-0.047699153423309326,-0.020515011430973118,-0.11910498142242432,-0.1504809558391571,-0.037057773948902195,-0.11820781230926514,-0.23768194019794464,-0.05462757665037543,-0.07859265804290771,-0.2565920352935791,-0.07407273519157798,-0.09597000479698181,-0.30324339866638184,-0.022835524560207432,-0.11463043093681335,-0.4207048714160919,-0.04930456894754798,-0.13228464126586914,-0.49442292749881744,-0.07251090723394782,-0.14540261030197144,-0.5587152689695358,-0.09076711702465445,-0.06622228026390076,-0.3100111186504364,-0.033725833327764576,-0.07557070255279541,-0.43760524690151215,-0.061285024316305226,-0.0882030725479126,-0.523638442158699,-0.08338959682106406,-0.09544193744659424,-0.5970928817987442,-0.09849483686804206,-0.0366973876953125,-0.28891614079475403,-0.048101095290178364,-0.040252476930618286,-0.41443049907684326,-0.07328292894482047,-0.04762923717498779,-0.5019167512655258,-0.0917454900157395,-0.05184867978096008,-0.5774036794900894,-0.10427400636791617,-0.00714874267578125,-0.24462838470935822,-0.0649946646702233,-0.0027382373809814453,-0.34289485216140747,-0.08641016650318534,-0.0069345831871032715,-0.41787368059158325,-0.0987027974736634,-0.011031091213226318,-0.4878775030374527,-0.10769959706186683
B,0.0,0.0,0.0,-0.05501061677932739,-0.07424026727676392,-0.021528830672281174,-0.08377307653427124,-0.2149014174938202,-0.03542093365885535,-0.049082934856414795,-0.30306148156523705,-0.050688227559106735,0.014174461364746094,-0.30279622972011566,-0.06476025461651602,-0.021504342555999756,-0.3680262230336666,-0.003363455566244511,-0.021549344062805176,-0.4661083221435547,-0.034510789359586624,-0.0422249436378479,-0.47795991599559784,-0.06229195177056113,-0.05512017011642456,-0.46600984036922455,-0.07979905038573065,0.01957881450653076,-0.3690802715718746,-0.009874998512344746,0.01759117841720581,-0.47836367785930634,-0.03461747422315398,0.0016074180603027344,-0.5113968849182129,-0.05307030483581343,-0.005998790264129639,-0.5247610658407211,-0.06355314880110541,0.05857318639755249,-0.3408923111855984,-0.022539438600318817,0.06031101942062378,-0.456415057182312,-0.04554588153459349,0.047268033027648926,-0.5061323642730713,-0.0552562679300479,0.03958320617675781,-0.5399246960878372,-0.059461744422691254,0.09535735845565796,-0.2873264364898205,-0.03846709608532706,0.1044318675994873,-0.38925446197390556,-0.05573139145471373,0.107735276222229,-0.450003445148468,-0.06048489912845412,0.11138123273849487,-0.5004328489303589,-0.06198672383524695
B,0.0,0.0,0.0,-0.04876911640167236,-0.0859210193157196,-0.03444728445253986,-0.062319159507751465,-0.21706436574459076,-0.05609543811522144,-0.012177348136901855,-0.2877664864063263,-0.0757796299084248,0.051172733306884766,-0.27165578305721283,-0.09533404376350063,-0.0023463964462280273,-0.36493420600891113,-0.028893027491790235,0.010343670845031738,-0.4853716492652893,-0.0577439759298386,0.014630496501922607,-0.5470282286405563,-0.08249038275323528,0.019003331661224365,-0.5898111015558243,-0.10088369812808651,0.04123431444168091,-0.35302144289016724,-0.03243421580634731,0.06157100200653076,-0.478520005941391,-0.06027054231606144,0.07290452718734741,-0.5441661328077316,-0.08259441521011013,0.08257955312728882,-0.5892402678728104,-0.09774441089473385,0.07663565874099731,-0.31216229498386383,-0.04141202386460918,0.10508537292480469,-0.4290589392185211,-0.06746409650884289,0.12063050270080566,-0.4983977675437927,-0.08589470203958172,0.1328790783882141,-0.5522916167974472,-0.09806152250610012,0.1072431206703186,-0.24654552340507507,-0.0541189182921471,0.13723385334014893,-0.3394813686609268,-0.07575277056537288,0.15575873851776123,-0.4064939171075821,-0.08830158229909557,0.17099541425704956,-0.46623580157756805,-0.09737586047492641
B,0.0,0.0,0.0,-0.039072394371032715,-0.0842633843421936,-0.048988331680732244,-0.04476666450500488,-0.19631847739219666,-0.07996650469823408,0.007777392864227295,-0.2458391785621643,-0.10594217163844633,0.06312668323516846,-0.23520267009735107,-0.13321271223350095,0.009271383285522461,-0.3251306861639023,-0.06183455196543264,0.03753316402435303,-0.43840573728084564,-0.0997735677413516,0.06200218200683594,-0.5081295073032379,-0.13090128881259488,0.08769500255584717,-0.5665283799171448,-0.15466415566726255,0.0531773567199707,-0.3057679831981659,-0.06156901699824857,0.08593803644180298,-0.43288566172122955,-0.09621783775611448,0.11166495084762573,-0.51104336977005,-0.1255657790355258,0.1351327896118164,-0.5844826102256775,-0.14819183630271482,0.08837294578552246,-0.2598673105239868,-0.06636695248408842,0.12500762939453125,-0.37923869490623474,-0.09920780790372419,0.14930248260498047,-0.4553242474794388,-0.12512337846084165,0.16992241144180298,-0.5249870717525482,-0.14385002536101865,0.11860567331314087,-0.19601011276245117,-0.07549686414523649,0.1528693437576294,-0.2878022938966751,-0.10423691255374479,0.17393702268600464,-0.3548651337623596,-0.12273407412095594,0.19284319877624512,-0.4205857664346695,-0.13707849067969846
B,0.0,0.0,0.0,-0.03815793991088867,-0.09611713886260986,-0.036656808002874186,-0.03959822654724121,-0.22130832076072693,-0.05688067142574482,0.0168645977973938,-0.2775377780199051,-0.07440768916814022,0.07270622253417969,-0.2585064172744751,-0.0909194423696249,0.005917668342590332,-0.36336924880743027,-0.0229325852236002,0.022800147533416748,-0.4711025059223175,-0.04857537139861279,0.036917805671691895,-0.5390984416007996,-0.07326401014535122,0.049660325050354004,-0.594677209854126,-0.09230682243315869,0.05289947986602783,-0.35307203978300095,-0.023578217147871783,0.0774049162864685,-0.4641033262014389,-0.04613589112369709,0.09590363502502441,-0.5276693999767303,-0.06649368245808773,0.11186200380325317,-0.5813981592655182,-0.08137390752045803,0.090157151222229,-0.3143223226070404,-0.029880039288684657,0.12251359224319458,-0.4220152050256729,-0.05192111049501591,0.14437752962112427,-0.4800502359867096,-0.0654433145066946,0.16280841827392578,-0.5288926959037781,-0.07428585727421932,0.12072569131851196,-0.25300440192222595,-0.04061248887984448,0.15455394983291626,-0.3381032794713974,-0.05841301371066265,0.178058922290802,-0.3921038582921028,-0.06521497656314068,0.1998036503791809,-0.43830664455890656,-0.06946713466851406
B,0.0,0.0,0.0,-0.04707479476928711,-0.08411961793899536,-0.03286138065760724,-0.06443315744400024,-0.2000904679298401,-0.05690910928552739,-0.01848548650741577,-0.24406152963638306,-0.07849459984009854,0.03514474630355835,-0.22029709815979004,-0.1021632615536987,-0.0008990168571472168,-0.32348084449768066,-0.049119635304862186,0.020382285118103027,-0.43501628935337067,-0.08083058782523267,0.03712111711502075,-0.5075105130672455,-0.10675894357865445,0.055374085903167725,-0.5709837377071381,-0.1269074443787872,0.042218923568725586,-0.3081722855567932,-0.05442380421465032,0.06795293092727661,-0.4367806762456894,-0.08281446882193677,0.08767181634902954,-0.519908219575882,-0.1050137419313728,0.10548090934753418,-0.5935133993625641,-0.12175432481473081,0.07665210962295532,-0.2628208100795746,-0.06317885108893506,0.10742908716201782,-0.3882828801870346,-0.09037515409892194,0.12619715929031372,-0.4735172688961029,-0.11020388343041532,0.14178216457366943,-0.5475474298000336,-0.12415182479327314,0.10652434825897217,-0.19533243775367737,-0.0749241475076019,0.13748472929000854,-0.2918938249349594,-0.10120843984788053,0.1545925736427307,-0.3615749776363373,-0.11582286544745557,0.16915607452392578,-0.42506827414035797,-0.12601026036446683
B,0.0,0.0,0.0,-0.04244154691696167,-0.106345534324646,-0.03007901400820856,-0.050977468490600586,-0.22816234827041626,-0.04896038339035158,0.00173872709274292,-0.2713347226381302,-0.06717906088130121,0.05953246355056763,-0.24796712398529053,-0.08558031112448816,0.016816556453704834,-0.35959358513355255,-0.018343155612512874,0.03509479761123657,-0.466648668050766,-0.04389095619814043,0.04738980531692505,-0.5308372676372528,-0.06859108001486902,0.05887711048126221,-0.5833327770233154,-0.08760800898568277,0.06117027997970581,-0.34187430143356323,-0.02320292160408144,0.08698248863220215,-0.45984143018722534,-0.044658820485039996,0.10339808464050293,-0.5291629433631897,-0.06482113093630915,0.11822545528411865,-0.5893828570842743,-0.08036081433789377,0.09642702341079712,-0.2962859123945236,-0.033523372714682864,0.1274316906929016,-0.4114301726222038,-0.054392281328603076,0.14450937509536743,-0.47918249666690826,-0.06836815864340906,0.15793687105178833,-0.5390725135803223,-0.07817641586558466,0.12695562839508057,-0.22652730345726013,-0.047797046010657596,0.15707427263259888,-0.32048214972019196,-0.06509859055773859,0.17240965366363525,-0.38311439752578735,-0.07244547397391443,0.18336045742034912,-0.4406503587961197,-0.07781996518866663
B,0.0,0.0,0.0,-0.059795379638671875,-0.049029648303985596,-0.02550778918003971,-0.0972910225391388,-0.14148816466331482,-0.04899101898109848,-0.08102303743362427,-0.20954629778862,-0.0709394161406749,-0.03701561689376831,-0.20574277639389038,-0.09647157236969406,-0.06271117925643921,-0.2753921449184418,-0.054965952486156766,-0.07148516178131104,-0.3865501433610916,-0.08964161768591339,-0.07649987936019897,-0.45995913445949554,-0.11627438113129074,-0.07919949293136597,-0.5283739566802979,-0.13658908948337967,-0.026577651500701904,-0.27489835023880005,-0.06658133313095504,-0.0305442214012146,-0.41933074593544006,-0.1003675480190509,-0.030169785022735596,-0.5248338878154755,-0.12600002631580765,-0.02747821807861328,-0.6175423860549927,-0.14411660477554733,0.0062857866287231445,-0.23987802863121033,-0.07997189655935699,0.007811546325683594,-0.37155720591545105,-0.11494241848623687,0.008971214294433594,-0.4687158912420273,-0.14172221168911392,0.010873079299926758,-0.5539914071559906,-0.1594016347829097,0.03820323944091797,-0.18014758825302124,-0.09458138987457687,0.051113784313201904,-0.2704888582229614,-0.1289734189215892,0.05464375019073486,-0.3385925143957138,-0.14820618376171524,0.05632376670837402,-0.4030952751636505,-0.1611057613793605
B,0.0,0.0,0.0,-0.08856049180030823,-0.04461851716041565,-0.020644879393955762,-0.1447303593158722,-0.13749152421951294,-0.0378999379060474,-0.13908889889717102,-0.22524400055408478,-0.056503821589728886,-0.09600049257278442,-0.23612761497497559,-0.07759363246776729,-0.13630852103233337,-0.3202417939901352,-0.0138184758431521,-0.16370512545108795,-0.4253164678812027,-0.0391591456315723,-0.1792176514863968,-0.506012499332428,-0.06685131085731655,-0.18797288835048676,-0.58132204413414,-0.08903997433998256,-0.10182619094848633,-0.3367892652750015,-0.02495409032025009,-0.12181314826011658,-0.4545045495033264,-0.04891659361936718,-0.1365913450717926,-0.5485798418521881,-0.07465318632938533,-0.14406323432922363,-0.6312193274497986,-0.09396026326038509,-0.06498944759368896,-0.3254469931125641,-0.04025165034153133,-0.076332688331604,-0.44438260793685913,-0.06355264825441509,-0.08567142486572266,-0.5388934314250946,-0.08601813805915981,-0.08872419595718384,-0.6183319687843323,-0.10187062663652569,-0.025245577096939087,-0.2848300486803055,-0.058291890152474934,-0.02506503462791443,-0.3927217274904251,-0.07824967099048763,-0.026349693536758423,-0.4755171537399292,-0.09085106147148281,-0.026047348976135254,-0.5514160692691803,-0.1002475921592918
B,0.0,0.0,0.0,-0.07931417226791382,-0.00177001953125,-0.03414899161964513,-0.14641055464744568,-0.07420876622200012,-0.06050004488736249,-0.13795453310012817,-0.1659911870956421,-0.08446434563904859,-0.08787378668785095,-0.2066062092781067,-0.11127689159422971,-0.15618300437927246,-0.2784711420536041,-0.053987268870173466,-0.19359315931797028,-0.394975021481514,-0.09093030965834714,-0.2143181413412094,-0.47277088463306427,-0.12166114575177289,-0.22742301225662231,-0.5444450825452805,-0.14514557695895292,-0.1145847737789154,-0.30600830912590027,-0.06251673079043485,-0.14649753272533417,-0.4415331482887268,-0.09751743501931287,-0.16440527141094208,-0.5313762873411179,-0.12431404418259717,-0.17446786165237427,-0.6120163053274155,-0.1438798425248251,-0.0684923529624939,-0.29690226912498474,-0.07475299066811658,-0.0877828598022461,-0.43085621297359467,-0.10831555402785398,-0.09982091188430786,-0.5211854726076126,-0.1316471514752493,-0.10608136653900146,-0.600702777504921,-0.14777139997988797,-0.018851429224014282,-0.2603551000356674,-0.09012360549479581,-0.021728157997131348,-0.3789127841591835,-0.12115593678265668,-0.025591999292373657,-0.46053317189216614,-0.1374886152794943,-0.02904108166694641,-0.5370953530073166,-0.14887131429225064
B,0.0,0.0,0.0,-0.09260609745979309,0.04720115661621094,-0.03753908749547463,-0.1587338149547577,0.04152071475982666,-0.08585229541984063,-0.16692878305912018,-0.011628031730651855,-0.13336126532283288,-0.12579014897346497,-0.0664823055267334,-0.1871552171918438,-0.1881011724472046,-0.1112511157989502,-0.12134783740964394,-0.24315747618675232,-0.20196303725242615,-0.19209601011004906,-0.2772722989320755,-0.26503217220306396,-0.24102254237857323,-0.3048740178346634,-0.3316575884819031,-0.2785768809529827,-0.14201614260673523,-0.15012049674987793,-0.14692848946776849,-0.19809553772211075,-0.26591455936431885,-0.22559225585189324,-0.23827335983514786,-0.3531396687030792,-0.2741659286233471,-0.27255186438560486,-0.43838755786418915,-0.3091119232389019,-0.08893683552742004,-0.158712238073349,-0.17428001787391167,-0.13538336753845215,-0.26923033595085144,-0.25182819392409783,-0.1754036545753479,-0.3498437702655792,-0.3005360069486187,-0.20943164080381393,-0.42700056731700897,-0.3328163924428509,-0.03187000751495361,-0.14944836497306824,-0.2023331376525448,-0.04890766739845276,-0.23153650760650635,-0.2747511270257519,-0.07303372025489807,-0.2901362180709839,-0.31692674782004815,-0.09559589624404907,-0.34661954641342163,-0.3471988740178631
B,0.0,0.0,0.0,-0.08604809641838074,0.030161738395690918,-0.04967101177646782,-0.15008410811424255,-0.014715433120727539,-0.09783637037946846,-0.13623690605163574,-0.09096240997314453,-0.1431299026913848,-0.08181747794151306,-0.15471524000167847,-0.19571568331195976,-0.16193822026252747,-0.21058815717697144,-0.12261228522731926,-0.20230022072792053,-0.3286861181259155,-0.19296895226909783,-0.22060157358646393,-0.4201391637325287,-0.24557350835277703,-0.23190897703170776,-0.5086537599563599,-0.28534798583461907,-0.11038477718830109,-0.2455732524394989,-0.14134504160358574,-0.146885484457016,-0.39160284399986267,-0.21637198588325646,-0.16884906589984894,-0.4927552342414856,-0.2690342839665618,-0.18869295716285706,-0.587772786617279,-0.3073886807866302,-0.05501958727836609,-0.24234828352928162,-0.16302727422191765,-0.08110278844833374,-0.37498892843723297,-0.23318639656974938,-0.10036271810531616,-0.4713103622198105,-0.28223230204059746,-0.11514037847518921,-0.5574609041213989,-0.315838652462503,0.001359403133392334,-0.21352297067642212,-0.1872804190821853,-0.00928342342376709,-0.3168891370296478,-0.2515572186417785,-0.02629181742668152,-0.3942903131246567,-0.2910793598599639,-0.042305588722229004,-0.46930474042892456,-0.3201561149068084
B,0.0,0.0,0.0,-0.09287917613983154,0.03763395547866821,-0.058159611559062796,-0.15271683037281036,0.005870401859283447,-0.11640594098582824,-0.1409253627061844,-0.055469512939453125,-0.1721798026920851,-0.08230340480804443,-0.11363279819488525,-0.2350666219355162,-0.1673155277967453,-0.18471142649650574,-0.13458692971482833,-0.2068668156862259,-0.2942696809768677,-0.21238149646535476,-0.22726093232631683,-0.383463516831398,-0.2696577901007231,-0.237896129488945,-0.4703260660171509,-0.3130915755392607,-0.11300630867481232,-0.21051594614982605,-0.15719380918756087,-0.14872319996356964,-0.35606849193573,-0.24402773324266036,-0.1696220338344574,-0.46215516328811646,-0.3033247286440428,-0.18888550996780396,-0.5621597766876221,-0.34555610958352645,-0.0562264621257782,-0.20562505722045898,-0.18388301078095992,-0.08353739976882935,-0.33399273455142975,-0.26528906766191085,-0.10406321287155151,-0.42971183359622955,-0.32155594173684676,-0.12098388373851776,-0.5175527334213257,-0.35940450373902877,-0.0013113319873809814,-0.18160197138786316,-0.21405754927411635,-0.010334163904190063,-0.2719850540161133,-0.2864623958231505,-0.03065630793571472,-0.3441018760204315,-0.3319184476496275,-0.04896309971809387,-0.41430889070034027,-0.3657254869104918
B,0.0,0.0,0.0,-0.08499246835708618,0.001103043556213379,-0.03313743020385118,-0.14399123191833496,-0.05169457197189331,-0.07015790860145898,-0.1350676417350769,-0.12003302574157715,-0.1067888892719111,-0.08688715100288391,-0.15329641103744507,-0.14969167183130594,-0.143944650888443,-0.2258777618408203,-0.08995177666633936,-0.1698732078075409,-0.3410990536212921,-0.14507547090738626,-0.18382596969604492,-0.42273078858852386,-0.18579976330488535,-0.19256055355072021,-0.5017099678516388,-0.21763448487013193,-0.1003495454788208,-0.24034464359283447,-0.10989918629616113,-0.12364262342453003,-0.3866783231496811,-0.16808746824949594,-0.1356857717037201,-0.49151015281677246,-0.2085379071065745,-0.145555317401886,-0.5914078056812286,-0.23872064123838754,-0.055583417415618896,-0.21881920099258423,-0.1321001059839091,-0.07240763306617737,-0.3522406816482544,-0.1877360350915751,-0.08374142646789551,-0.4466423988342285,-0.22587980399816843,-0.09273216128349304,-0.5335417985916138,-0.25241507659643503,-0.00910922884941101,-0.17552056908607483,-0.15599054167955728,-0.01414334774017334,-0.2742604613304138,-0.20708110998361917,-0.026220381259918213,-0.3443523794412613,-0.23791997204511972,-0.03870987892150879,-0.4117439538240433,-0.26102002034872385
B,0.0,0.0,0.0,-0.07683312892913818,-0.009740710258483887,-0.04839594058603325,-0.12360110878944397,-0.05858325958251953,-0.09590171791523971,-0.111121267080307,-0.11084491014480591,-0.14108198650092163,-0.062071293592453,-0.1418551504611969,-0.19093018539160767,-0.11072614789009094,-0.21280217170715332,-0.10618377245873489,-0.12974998354911804,-0.31729891896247864,-0.16624301440924683,-0.13703489303588867,-0.3887592703104019,-0.20983628697604217,-0.13808810710906982,-0.45716363191604614,-0.24340978033751526,-0.06968611478805542,-0.21688619256019592,-0.12174825884312668,-0.08223798871040344,-0.3412308394908905,-0.18740947313517609,-0.08661308884620667,-0.42974312603473663,-0.23186090357512512,-0.08940905332565308,-0.5153849422931671,-0.264474344923201,-0.029632627964019775,-0.19499391317367554,-0.14092273779124298,-0.03698247671127319,-0.3102003335952759,-0.2025819844743637,-0.04253402352333069,-0.3949054628610611,-0.24413981802672424,-0.046209871768951416,-0.47143277525901794,-0.272850615455809,0.009799540042877197,-0.15855899453163147,-0.16315106816500702,0.011651217937469482,-0.24085527658462524,-0.21742594011038818,0.0051059722900390625,-0.3051006346940994,-0.2509071058771042,-0.0011243224143981934,-0.3644510954618454,-0.2763233310720352
B,0.0,0.0,0.0,-0.06045544147491455,-0.038064420223236084,-0.04089402990683766,-0.09969872236251831,-0.11881360411643982,-0.07304672735079976,-0.07087516784667969,-0.18428337574005127,-0.10144670145854207,-0.016611456871032715,-0.20368221402168274,-0.13193837391480656,-0.0712091326713562,-0.2805292010307312,-0.07085934119567128,-0.07012426853179932,-0.4108167141675949,-0.1125586538229868,-0.06145817041397095,-0.4985094368457794,-0.14378229366883488,-0.04902571439743042,-0.5770431756973267,-0.16620798992261143,-0.028408586978912354,-0.2829015851020813,-0.07539400296553822,-0.02320152521133423,-0.4223714619874954,-0.11471453892335148,-0.014247655868530273,-0.5169374048709869,-0.1415578781281397,-0.00448232889175415,-0.6011186838150024,-0.16027686583146306,0.01150292158126831,-0.25345587730407715,-0.08310560720309468,0.020648956298828125,-0.3798690587282181,-0.11851434992894383,0.032133519649505615,-0.46362197399139404,-0.13898745762452336,0.042805016040802,-0.5356684625148773,-0.15193972574815007,0.04863262176513672,-0.2045520544052124,-0.09420651780709477,0.06204497814178467,-0.30576010048389435,-0.1245559437786028,0.06891560554504395,-0.3763529658317566,-0.13845286356553288,0.07482850551605225,-0.4415515065193176,-0.14730530070409031
B,0.0,0.0,0.0,-0.050540268421173096,-0.07306531071662903,-0.03610943414571466,-0.07413965463638306,-0.17088469862937927,-0.06135048874023141,-0.034154534339904785,-0.23413607478141785,-0.08325934194328966,0.021313250064849854,-0.24522742629051208,-0.10518081270458879,-0.028342783451080322,-0.3243626654148102,-0.04378581576349916,-0.01174074411392212,-0.4387594908475876,-0.073529680895831,0.004174351692199707,-0.5085334330797195,-0.09745977603199663,0.020944654941558838,-0.5691229999065399,-0.11551306180956544,0.015153050422668457,-0.31876128911972046,-0.04633760981562318,0.036327064037323,-0.44358643889427185,-0.07251768343451204,0.05353283882141113,-0.5189034044742584,-0.09262155525686921,0.0688854455947876,-0.5862224698066711,-0.10778347932102861,0.052149832248687744,-0.2829667925834656,-0.05316705413463296,0.077816903591156,-0.3991127163171768,-0.07717820041182222,0.09440338611602783,-0.47558924555778503,-0.0929168366670865,0.1072428822517395,-0.544337660074234,-0.10406115435364427,0.08555364608764648,-0.2244223654270172,-0.0635986530065793,0.11106306314468384,-0.3207010328769684,-0.08460963301661195,0.12477648258209229,-0.3904598504304886,-0.09531543188097658,0.13533437252044678,-0.4537511616945267,-0.1029023879051465
B,0.0,0.0,0.0,-0.08405691385269165,-0.008721768856048584,-0.004541496451167859,-0.13305816054344177,-0.05557531118392944,-0.023143576628683604,-0.1413467824459076,-0.09962928295135498,-0.04584132151973108,-0.10661223530769348,-0.11509597301483154,-0.07357926683795313,-0.1308365762233734,-0.16955024003982544,-0.04409177990925173,-0.16184815764427185,-0.24720168113708496,-0.08174789713990549,-0.18116691708564758,-0.3015737533569336,-0.11022446321618418,-0.19402843713760376,-0.35358309745788574,-0.13297664391171793,-0.10350006818771362,-0.1663617491722107,-0.06785541789901117,-0.12991926074028015,-0.2574358582496643,-0.11146540956866602,-0.1490464210510254,-0.32656243443489075,-0.1384742634214149,-0.16275253891944885,-0.38949817419052124,-0.15787308680188517,-0.07282358407974243,-0.1428484320640564,-0.09256817417514185,-0.08899396657943726,-0.23448342084884644,-0.13370522128712992,-0.10560032725334167,-0.3016109764575958,-0.15820642577779154,-0.11929354071617126,-0.36212509870529175,-0.17468858527314524,-0.04095926880836487,-0.10359781980514526,-0.11719373630654673,-0.048074930906295776,-0.17420881986618042,-0.15481438504826883,-0.05951640009880066,-0.22459793090820312,-0.17565134929787973,-0.06890088319778442,-0.2740907371044159,-0.19124966131818155
B,0.0,0.0,0.0,-0.04195636510848999,-0.03144717216491699,-0.03588472124698683,-0.0711362361907959,-0.09034556150436401,-0.06574276280167624,-0.05899733304977417,-0.1342584490776062,-0.09160170894625708,-0.023322105407714844,-0.160383939743042,-0.11797815751793905,-0.03827846050262451,-0.22700268030166626,-0.06281718057158514,-0.019450485706329346,-0.32874464988708496,-0.09608721923592611,-0.005624294281005859,-0.3678591847419739,-0.11828896593812033,0.006688952445983887,-0.402340829372406,-0.13375085782769247,0.005143940448760986,-0.21730846166610718,-0.065661953804522,0.026903390884399414,-0.32934823632240295,-0.09492542785170599,0.0449787974357605,-0.3939216732978821,-0.11293167811396643,0.06069660186767578,-0.4516839385032654,-0.1260838676667504,0.04214358329772949,-0.18036049604415894,-0.07151176225903555,0.06248396635055542,-0.28895431756973267,-0.10027841669085547,0.07846587896347046,-0.3539271950721741,-0.11452248137953802,0.09011870622634888,-0.4171997904777527,-0.12416707914832159,0.07517486810684204,-0.12773120403289795,-0.07958336364987417,0.09576863050460815,-0.20617103576660156,-0.10620027971032187,0.10604029893875122,-0.26060131192207336,-0.11581915807488485,0.11218929290771484,-0.3146311938762665,-0.12179742944005056
B,0.0,0.0,0.0,-0.04903477430343628,-0.04121744632720947,-0.05949784194251606,-0.07288163900375366,-0.11366420984268188,-0.10288639118095944,-0.054631710052490234,-0.16922640800476074,-0.13756014158150265,-0.016582369804382324,-0.1971716582775116,-0.17349144567867825,-0.023493051528930664,-0.2794123888015747,-0.09444942821880886,0.009160518646240234,-0.38229943811893463,-0.14376748849770138,0.039086997509002686,-0.44990473985671997,-0.1815857117356927,0.0694618821144104,-0.5081218779087067,-0.2071061854543359,0.02625107765197754,-0.26812711358070374,-0.08922666807791302,0.06534343957901001,-0.38759173452854156,-0.13348379482647488,0.09622460603713989,-0.4659423828125,-0.16512942065617153,0.12136650085449219,-0.5394667685031891,-0.18706422795673916,0.06742370128631592,-0.22913378477096558,-0.08754040797373364,0.10170102119445801,-0.3463190644979477,-0.12532059599777767,0.1270710825920105,-0.4197195917367935,-0.14747272183319637,0.14647096395492554,-0.4863744378089905,-0.16198746611496517,0.0998084545135498,-0.17127832770347595,-0.08993246157785961,0.13286203145980835,-0.2607871890068054,-0.11939989526888439,0.15131932497024536,-0.3255162537097931,-0.13238230099102566,0.165591299533844,-0.38729850947856903,-0.1407541607799203
B,0.0,0.0,0.0,-0.0492551326751709,-0.08156347274780273,-0.0375412403504356,-0.06890219449996948,-0.18879753351211548,-0.0637146829525932,-0.024467885494232178,-0.24251145124435425,-0.0866619496504768,0.02997809648513794,-0.24458108842372894,-0.11105888326568447,-0.016537785530090332,-0.340350866317749,-0.05164007832212292,0.005139470100402832,-0.45879875123500824,-0.08489274968309246,0.02076423168182373,-0.5337869971990585,-0.11134357740087353,0.03538554906845093,-0.5995884090662003,-0.13152912248773418,0.028995931148529053,-0.3289334177970886,-0.056174751267860756,0.05685412883758545,-0.4597761482000351,-0.08651803423566662,0.07739335298538208,-0.5388408750295639,-0.1105271800319656,0.09441280364990234,-0.6097692996263504,-0.12841397513551556,0.06583797931671143,-0.28634707629680634,-0.0648082195679649,0.09730172157287598,-0.4092938005924225,-0.09338267137212597,0.1211315393447876,-0.4860306978225708,-0.11402543623847805,0.14032834768295288,-0.5548713356256485,-0.1285742222229942,0.09793531894683838,-0.22041156888008118,-0.07686971862716518,0.1269037127494812,-0.320314884185791,-0.1018965094248756,0.14509105682373047,-0.3909740671515465,-0.11588837941093288,0.16061383485794067,-0.4570101946592331,-0.12616175402803265
B,0.0,0.0,0.0,-0.05888545513153076,-0.06077468395233154,-0.03531572609648492,-0.09113943576812744,-0.1617259979248047,-0.060620561386201643,-0.05457049608230591,-0.23277238011360168,-0.08278693645701196,0.00239485502243042,-0.24273616075515747,-0.106283936793659,-0.04978537559509277,-0.3151596635580063,-0.05006705611452844,-0.04257774353027344,-0.4323595315217972,-0.07974499850973871,-0.03460574150085449,-0.5027337372303009,-0.10332403718933847,-0.026118099689483643,-0.56486876308918,-0.12204840421185281,-0.005507528781890869,-0.3136559724807739,-0.05480922400460031,0.008952319622039795,-0.44103559851646423,-0.08286367743716028,0.02039313316345215,-0.5164699703454971,-0.10358002423748758,0.028535187244415283,-0.582577720284462,-0.11933364361033227,0.03220289945602417,-0.2797962874174118,-0.06345602511868265,0.052222490310668945,-0.40340542793273926,-0.09021281092867639,0.06627750396728516,-0.4839985966682434,-0.10915453373894479,0.07706522941589355,-0.55442114174366,-0.12282380848631647,0.06708681583404541,-0.2237706184387207,-0.0752913767050245,0.08596855401992798,-0.32510441541671753,-0.10031760125860956,0.09632831811904907,-0.3999309241771698,-0.11470719068751123,0.1040995717048645,-0.4681004136800766,-0.12525141626105096
B,0.0,0.0,0.0,-0.06671470403671265,-0.03337681293487549,-0.027505067907895864,-0.11448955535888672,-0.11010551452636719,-0.050518637322511495,-0.10323810577392578,-0.18677914142608643,-0.07173475789340955,-0.0568082332611084,-0.20703136920928955,-0.09512652622970563,-0.09699881076812744,-0.2600071132183075,-0.04608918520125371,-0.11581730842590332,-0.36432071030139923,-0.0784816758564375,-0.1273244321346283,-0.43522147834300995,-0.10523779856475812,-0.13473725318908691,-0.5032016634941101,-0.12598819451841337,-0.06356170773506165,-0.26982560753822327,-0.05474494936379415,-0.07973414659500122,-0.39175404608249664,-0.08512464331897718,-0.08984631299972534,-0.47854867577552795,-0.10778042095216733,-0.09638538956642151,-0.5582890212535858,-0.12419960814031583,-0.029272735118865967,-0.24681144952774048,-0.06619074361833555,-0.037282705307006836,-0.3624149262905121,-0.09507117586645109,-0.0427740216255188,-0.4456978291273117,-0.1140843199423216,-0.04723447561264038,-0.5212757289409637,-0.1269188912442587,0.006424546241760254,-0.1999913454055786,-0.08010392802270871,0.007758498191833496,-0.2876943051815033,-0.10723645406278592,0.0020791292190551758,-0.3540598452091217,-0.1208802850774191,-0.004326462745666504,-0.41740597784519196,-0.13012483137163144
B,0.0,0.0,0.0,-0.04984915256500244,-0.06628116965293884,-0.03183415258894229,-0.07515454292297363,-0.16345179080963135,-0.05486062640915179,-0.04422229528427124,-0.22490504384040833,-0.07516699383626246,0.005644798278808594,-0.23296549916267395,-0.09622300515542292,-0.027427256107330322,-0.3240717053413391,-0.04281817103395724,-0.011126279830932617,-0.433430552482605,-0.07223636756310725,0.004495739936828613,-0.4979051649570465,-0.09587411681781077,0.020889222621917725,-0.5527966916561127,-0.11362747947345042,0.018459677696228027,-0.3148137629032135,-0.047601648668148755,0.041594088077545166,-0.43786734342575073,-0.07365915278563762,0.0614965558052063,-0.5103371441364288,-0.09376444021830821,0.07905751466751099,-0.5740063786506653,-0.10869863728652263,0.057669639587402344,-0.27595315873622894,-0.0561864199734714,0.08346414566040039,-0.3953123092651367,-0.08105907688508296,0.10423249006271362,-0.4693717807531357,-0.09765259275803828,0.1208372712135315,-0.5349031984806061,-0.10917702416548991,0.09233969449996948,-0.21510905027389526,-0.06767752120862269,0.116779625415802,-0.3130524754524231,-0.08941670606503749,0.1320292353630066,-0.3801138922572136,-0.10009645769963527,0.14413678646087646,-0.44318731129169464,-0.10757655004630351
B,0.0,0.0,0.0,-0.0404011607170105,-0.08374139666557312,-0.03411108590370304,-0.04785698652267456,-0.19236314296722412,-0.0585475373983968,0.005623817443847656,-0.24370041489601135,-0.08124917335516102,0.06514674425125122,-0.24163812398910522,-0.10377505011564381,0.0029252171516418457,-0.34687940776348114,-0.03519509695178158,0.033084750175476074,-0.4606926888227463,-0.07077681608205921,0.048352181911468506,-0.4992988407611847,-0.09947534240490086,0.05389702320098877,-0.5119002312421799,-0.11744392253166325,0.04887312650680542,-0.3311423361301422,-0.03812560029035694,0.0822179913520813,-0.4506431818008423,-0.06959485597616322,0.09967648983001709,-0.49531200528144836,-0.09377660937315113,0.1084970235824585,-0.5152356326580048,-0.10882777310615666,0.08606034517288208,-0.2914397120475769,-0.046260054779111215,0.12215930223464966,-0.4063364639878273,-0.0715957317472089,0.14121407270431519,-0.4627821743488312,-0.08880880810028202,0.15403324365615845,-0.5003562718629837,-0.09925636984115727,0.11786454916000366,-0.23266670107841492,-0.05801314077979214,0.14935261011123657,-0.3293347805738449,-0.0764952558994878,0.16966241598129272,-0.3970409706234932,-0.0862414944887746,0.18655246496200562,-0.4559061974287033,-0.09262974150186665
B,0.0,0.0,0.0,-0.037135541439056396,-0.08788871765136719,-0.0404444351547113,-0.04040271043777466,-0.19225528836250305,-0.06479783875278144,0.018112480640411377,-0.24142488837242126,-0.0846162117772451,0.07566344738006592,-0.24252626299858093,-0.10422342044643074,0.013550996780395508,-0.3310398608446121,-0.042202593361651,0.04783207178115845,-0.4339471012353897,-0.07091643435290962,0.0735400915145874,-0.5001789033412933,-0.09530418885282188,0.09800165891647339,-0.5556665658950806,-0.11432716769508033,0.06026005744934082,-0.3156050443649292,-0.04186057818463951,0.09740740060806274,-0.4311625212430954,-0.06732559723189979,0.12485527992248535,-0.5012187063694,-0.08873662126592308,0.14926373958587646,-0.5679221451282501,-0.10534277332357078,0.09527987241744995,-0.2716660648584366,-0.04632840079597145,0.13514208793640137,-0.3823026865720749,-0.07147641999057441,0.16206365823745728,-0.4502256512641907,-0.08878198785117775,0.18514114618301392,-0.5142250955104828,-0.10113434267572075,0.12439233064651489,-0.20519331097602844,-0.05466557440689712,0.15860998630523682,-0.2972307652235031,-0.07729351294568687,0.1799551248550415,-0.36177200078964233,-0.0892572976403585,0.19875603914260864,-0.4260506182909012,-0.0979904211812368
B,0.0,0.0,0.0,-0.05944490432739258,-0.05729269981384277,-0.02964203578909519,-0.09748327732086182,-0.12741625308990479,-0.05731518713315609,-0.08068674802780151,-0.18341049551963806,-0.08313948062738064,-0.034918367862701416,-0.1885526180267334,-0.11080032733758571,-0.07181417942047119,-0.25410667061805725,-0.05278525275667789,-0.0752759575843811,-0.3515678942203522,-0.08910929558356884,-0.07217824459075928,-0.4061099588871002,-0.11668872234901073,-0.06799137592315674,-0.45908521115779877,-0.13780227450212124,-0.03484231233596802,-0.25213539600372314,-0.062186015374265935,-0.03254598379135132,-0.36415937542915344,-0.09606413689931514,-0.026973724365234375,-0.43060705065727234,-0.11755992618878963,-0.02195507287979126,-0.49380381405353546,-0.13354648796399715,-0.0014370083808898926,-0.216966450214386,-0.07506631461461666,0.006945192813873291,-0.32719123363494873,-0.10897863802989605,0.013842523097991943,-0.39638669788837433,-0.12560783473333004,0.017669737339019775,-0.4632650315761566,-0.13670820144494655,0.03182786703109741,-0.1591888666152954,-0.09035813210090282,0.04283791780471802,-0.23770573735237122,-0.12143194077094677,0.04723060131072998,-0.2945500314235687,-0.1341458126672137,0.04850006103515625,-0.3516578674316406,-0.1429504170783389
B,0.0,0.0,0.0,-0.061498820781707764,-0.020763278007507324,-0.02382039182788276,-0.10600054264068604,-0.08123993873596191,-0.046082512447298996,-0.10380557179450989,-0.1421390175819397,-0.06670193836993121,-0.06698444485664368,-0.16738367080688477,-0.08976279661959552,-0.08970427513122559,-0.2084566056728363,-0.0514182345659151,-0.10999265313148499,-0.30114513635635376,-0.08401611910170459,-0.12001833319664001,-0.36405593156814575,-0.10854401902264499,-0.12533918023109436,-0.42408543825149536,-0.1272519724161043,-0.05911573767662048,-0.2130667269229889,-0.060873561510504715,-0.07408878207206726,-0.3168785870075226,-0.09280398205822848,-0.08142632246017456,-0.3916361927986145,-0.11452238724535846,-0.0850449800491333,-0.4615858495235443,-0.13018137679404163,-0.02777010202407837,-0.18774551153182983,-0.07216644004887485,-0.03608521819114685,-0.2931295335292816,-0.1033649565369501,-0.0394953191280365,-0.36407819390296936,-0.12197029308384799,-0.04328596591949463,-0.429999977350235,-0.13459519014662646,0.003988385200500488,-0.14071053266525269,-0.0848969863445177,0.005312502384185791,-0.21621492505073547,-0.1152040930182352,0.0025336146354675293,-0.27077069878578186,-0.12967876062697314,-0.002879202365875244,-0.324260413646698,-0.13938141331976794
B,0.0,0.0,0.0,-0.07859277725219727,0.0050699710845947266,-0.009868834134323379,-0.12742754817008972,-0.029993653297424316,-0.02535713274417617,-0.15126436948776245,-0.06345713138580322,-0.04276240427432754,-0.14349251985549927,-0.09263890981674194,-0.06259685192642905,-0.1282743513584137,-0.12867629528045654,-0.02909771535931327,-0.16114753484725952,-0.18996405601501465,-0.05912359614310958,-0.18775340914726257,-0.22603511810302734,-0.08365683440504768,-0.21007496118545532,-0.25811004638671875,-0.10226562057076194,-0.10750186443328857,-0.13178503513336182,-0.04332745630679824,-0.13386061787605286,-0.19826173782348633,-0.07281803522644736,-0.15834078192710876,-0.24298083782196045,-0.09157339666424491,-0.1804552674293518,-0.28422361612319946,-0.10503523979721763,-0.07828080654144287,-0.1128455400466919,-0.05928960997997024,-0.09953880310058594,-0.1826820969581604,-0.08790842626629569,-0.11850649118423462,-0.2291412353515625,-0.10162325386343696,-0.13649052381515503,-0.26933547854423523,-0.11066010777292945,-0.043633222579956055,-0.0717005729675293,-0.07599625174341895,-0.05096113681793213,-0.12421441078186035,-0.1010934654289315,-0.06469878554344177,-0.16263353824615479,-0.11082006428776481,-0.0786212682723999,-0.1989951729774475,-0.11771648560105064
B,0.0,0.0,0.0,-0.052434563636779785,-0.03174537420272827,-0.05735621795543011,-0.07781291007995605,-0.09451252222061157,-0.10608276919015225,-0.04482680559158325,-0.12765827775001526,-0.1474591513026553,0.00953972339630127,-0.13687613606452942,-0.1923502703059512,-0.04711484909057617,-0.22747495770454407,-0.11753226265796002,-0.03897702693939209,-0.3131459355354309,-0.17999097899087246,-0.02627021074295044,-0.37474071979522705,-0.22623846129067715,-0.010349392890930176,-0.4275287985801697,-0.2594002355683642,-0.0007504820823669434,-0.2201840877532959,-0.12104583725817974,0.014016389846801758,-0.3240833878517151,-0.18306240633614834,0.030696094036102295,-0.397078201174736,-0.22441014841683682,0.048443615436553955,-0.46571487188339233,-0.25405179158337887,0.0403556227684021,-0.18538406491279602,-0.1278644521582919,0.05619710683822632,-0.28668326139450073,-0.18217151061185177,0.07076352834701538,-0.35790568590164185,-0.2153004874337512,0.08485919237136841,-0.42154283821582794,-0.23797759607919033,0.07612824440002441,-0.13277453184127808,-0.1381338258136111,0.09350544214248657,-0.19964292645454407,-0.1847307999480563,0.10203224420547485,-0.2600150406360626,-0.2102205176699954,0.1107683777809143,-0.3173908293247223,-0.22864483491071041
B,0.0,0.0,0.0,-0.047725558280944824,-0.061595797538757324,-0.04974453138333956,-0.05946129560470581,-0.1531749963760376,-0.0841040833495299,-0.005107581615447998,-0.1944233775138855,-0.11176311956864993,0.05002695322036743,-0.193712055683136,-0.1414289324186484,-0.013450920581817627,-0.2891866862773895,-0.07899583863240878,0.010526001453399658,-0.39678342640399933,-0.12065773444396655,0.03507882356643677,-0.4638926535844803,-0.15213149773103396,0.06173902750015259,-0.5259423553943634,-0.17507810877782504,0.03543311357498169,-0.2809225022792816,-0.07864011811238925,0.07122588157653809,-0.4222542345523834,-0.1150610073111693,0.10105633735656738,-0.5120411515235901,-0.14307218777162234,0.12929677963256836,-0.5988235175609589,-0.1645321993730704,0.07283920049667358,-0.23996156454086304,-0.08180346327048937,0.10806316137313843,-0.3698776960372925,-0.11534603672248522,0.13276231288909912,-0.4495108276605606,-0.13915641592961947,0.15442198514938354,-0.5233274400234222,-0.1563016770980994,0.10580712556838989,-0.17553359270095825,-0.0886795295975844,0.1345084309577942,-0.27109861373901367,-0.11734223352891604,0.15199822187423706,-0.3353242427110672,-0.132396235933129,0.1676531434059143,-0.396821990609169,-0.14382703589421908
B,0.0,0.0,0.0,-0.07070547342300415,-0.04961484670639038,-0.024914408892840356,-0.12061285972595215,-0.15106666088104248,-0.039942818552702875,-0.10732141137123108,-0.2447950541973114,-0.05408786875054261,-0.06397378444671631,-0.27391666173934937,-0.06783065837666413,-0.10255604982376099,-0.33196882903575897,-0.018155875474661798,-0.12322261929512024,-0.45011574029922485,-0.03872624677464387,-0.1364712119102478,-0.5232819616794586,-0.058701998413056344,-0.1445285975933075,-0.584921658039093,-0.0742392007713022,-0.06496042013168335,-0.3457431495189667,-0.023055012196749658,-0.07927250862121582,-0.47327761352062225,-0.041182822406739206,-0.09182187914848328,-0.5526390671730042,-0.0580917586092653,-0.09967553615570068,-0.61764857172966,-0.07042464506670854,-0.027561724185943604,-0.3321426510810852,-0.03216147688075921,-0.031273484230041504,-0.45628125965595245,-0.048647618711441964,-0.038752198219299316,-0.5358450710773468,-0.06257852059647462,-0.04419070482254028,-0.5963088572025299,-0.07259140801474473,0.011951208114624023,-0.2944708913564682,-0.044715932429284067,0.017881929874420166,-0.3981195241212845,-0.060220098913163156,0.014936745166778564,-0.4674426168203354,-0.06917200875327012,0.010085880756378174,-0.5240474343299866,-0.07526736599251649
B,0.0,0.0,0.0,-0.09258808195590973,-0.027372241020202637,-0.012664567667059146,-0.15462851524353027,-0.11652830243110657,-0.023502672079018794,-0.16636279225349426,-0.21003538370132446,-0.039353135961107455,-0.1223858892917633,-0.2243223786354065,-0.05638757346849843,-0.14361822605133057,-0.30338841676712036,0.010206365038641252,-0.17777389287948608,-0.40815429389476776,-0.007281292217783175,-0.2066219002008438,-0.4747767448425293,-0.029124231996945582,-0.229452982544899,-0.5363761484622955,-0.04858979581575795,-0.1194201409816742,-0.32584191858768463,-0.00546569096576377,-0.15602242946624756,-0.444695845246315,-0.02403053826373025,-0.18596650660037994,-0.5277882516384125,-0.04572534559946462,-0.20822621881961823,-0.6030043661594391,-0.062261931586078845,-0.09069553017616272,-0.3199955224990845,-0.026107933360151492,-0.12202872335910797,-0.44338880479335785,-0.043656840908340655,-0.1476430892944336,-0.5245511829853058,-0.059712450939230166,-0.1678415834903717,-0.5925666391849518,-0.07143835349660321,-0.05861663818359375,-0.2905043512582779,-0.05016342549305364,-0.07875272631645203,-0.39967960119247437,-0.06490820272546216,-0.09660288691520691,-0.47308263182640076,-0.07391327990870877,-0.11298230290412903,-0.534978985786438,-0.0813524685678999
B,0.0,0.0,0.0,-0.07127243280410767,-0.05162304639816284,-0.03297250388794737,-0.11915215849876404,-0.13394790887832642,-0.06265583305292921,-0.09437680244445801,-0.2073737382888794,-0.0904716667407115,-0.038414061069488525,-0.21882107853889465,-0.12128728299074965,-0.10205405950546265,-0.3020351380109787,-0.06037820919090109,-0.11235404014587402,-0.43240249156951904,-0.10134355394774275,-0.11632141470909119,-0.518852561712265,-0.13403463034563856,-0.11471894383430481,-0.6005494892597198,-0.15941953329974012,-0.05886971950531006,-0.30509087443351746,-0.07121035872631865,-0.06327426433563232,-0.4495563507080078,-0.11073229132824736,-0.06415778398513794,-0.5463184416294098,-0.1395398047440608,-0.062370479106903076,-0.6365300714969635,-0.16065036921435194,-0.01827341318130493,-0.2736673355102539,-0.08518537549906569,-0.01659947633743286,-0.40746600925922394,-0.12190457849436598,-0.016023099422454834,-0.499665230512619,-0.14578383831911879,-0.014934360980987549,-0.5823732018470764,-0.16208450167113142,0.022066235542297363,-0.21998843550682068,-0.10204499630862074,0.0306207537651062,-0.31758128106594086,-0.13487440018587904,0.028600871562957764,-0.3892727345228195,-0.15175112752848463,0.02482658624649048,-0.45715393126010895,-0.16377178995543318
B,0.0,0.0,0.0,-0.05285036563873291,-0.08412754535675049,-0.026562237991640814,-0.07484495639801025,-0.2040182650089264,-0.04682702745373035,-0.03484565019607544,-0.26140859723091125,-0.06602757225806499,0.020522713661193848,-0.24978798627853394,-0.08652968506390835,-0.01824939250946045,-0.3524872660636902,-0.03293618734056736,-4.13060188293457e-05,-0.4614095687866211,-0.059994412465641744,0.006398379802703857,-0.5277999639511108,-0.08343900541837002,0.0102805495262146,-0.5849794447422028,-0.10192619810874248,0.01953667402267456,-0.3330349922180176,-0.04081770206863666,0.03902888298034668,-0.4519432932138443,-0.0657429675298431,0.05276226997375488,-0.5255974233150482,-0.08639382372672344,0.06439775228500366,-0.5886615514755249,-0.10159139136845852,0.049009740352630615,-0.2837515026330948,-0.0525126213865974,0.07236337661743164,-0.4001084417104721,-0.07736851821715618,0.0896456241607666,-0.473775178194046,-0.09544804493958736,0.1040920615196228,-0.5390632450580597,-0.1078809479909637,0.07321149110794067,-0.21260732412338257,-0.06684107135112072,0.09590739011764526,-0.30526912212371826,-0.09073766122634197,0.10918879508972168,-0.37329718470573425,-0.10371149133021618,0.12072783708572388,-0.4371292293071747,-0.1126143316465118
B,0.0,0.0,0.0,-0.05476999282836914,-0.07716676592826843,-0.018221160207005482,-0.08211010694503784,-0.20498934388160706,-0.03207984733960245,-0.05029362440109253,-0.2824901044368744,-0.04741762373230074,0.0034494996070861816,-0.27089983224868774,-0.06255963984510515,-0.03193598985671997,-0.3577924743294716,-0.00455692531174634,-0.02434748411178589,-0.4591238349676132,-0.027320623207899075,-0.03246617317199707,-0.5022694170475006,-0.04930609631917093,-0.04187577962875366,-0.524162620306015,-0.06500318441173647,0.0014267563819885254,-0.349582776427269,-0.012943306747885686,0.015336573123931885,-0.4610488563776016,-0.034297616962405186,0.013285398483276367,-0.5085307210683823,-0.05109477582952593,0.008523821830749512,-0.5291740447282791,-0.06070607322833155,0.03074193000793457,-0.3135247975587845,-0.02633136119327162,0.046697795391082764,-0.42407970130443573,-0.044028660092564564,0.044449687004089355,-0.4795774519443512,-0.05513104218623255,0.04018092155456543,-0.5128547102212906,-0.06144839319965456,0.054422080516815186,-0.25509069859981537,-0.04278807881853197,0.06649476289749146,-0.34558381140232086,-0.05756915527960871,0.07148581743240356,-0.4129966050386429,-0.06615674290439699,0.0762014389038086,-0.46998998522758484,-0.07173811439058397
B,0.0,0.0,0.0,-0.05634927749633789,-0.06909820437431335,-0.037968803500291415,-0.07998907566070557,-0.1709255874156952,-0.06366352022206456,-0.032854318618774414,-0.23920002579689026,-0.08632164478814275,0.024917900562286377,-0.25596553087234497,-0.10901548743760259,-0.04338926076889038,-0.3330579549074173,-0.0416169057837692,-0.032528460025787354,-0.44375021755695343,-0.07435496181761891,-0.02006322145462036,-0.5006305277347565,-0.10104639858519704,-0.006712734699249268,-0.5428065359592438,-0.12009340554988057,0.003981828689575195,-0.33358803391456604,-0.043685742025729724,0.01710379123687744,-0.45335838198661804,-0.07650542289530904,0.03418004512786865,-0.5041775554418564,-0.09971368343150289,0.049670279026031494,-0.5335479080677032,-0.11413720280444295,0.04618954658508301,-0.3046071082353592,-0.0508523474684921,0.06634747982025146,-0.41871462762355804,-0.07971263707196385,0.08431893587112427,-0.48083730041980743,-0.09720751673495442,0.09965407848358154,-0.5250346511602402,-0.10717342079198033,0.08549249172210693,-0.2541745603084564,-0.06190951943909795,0.10679638385772705,-0.35949917882680893,-0.08474136174237401,0.12032967805862427,-0.4309092015028,-0.09666353494441182,0.1323743462562561,-0.49416889250278473,-0.10426589131867559
B,0.0,0.0,0.0,-0.01039046049118042,-0.1076689064502716,-0.030741352862520444,0.03808438777923584,-0.2088766098022461,-0.040787345073027836,0.10526442527770996,-0.23332634568214417,-0.04699778398017429,0.156654953956604,-0.23365643620491028,-0.05314433788399242,0.07737076282501221,-0.2294512242078781,-0.024667287519974934,0.1274411678314209,-0.29912450909614563,-0.04314157207946323,0.16671103239059448,-0.3470732122659683,-0.05756634314994358,0.20043444633483887,-0.377787783741951,-0.06823429679016613,0.10691404342651367,-0.19115948677062988,-0.021655269241733777,0.15601438283920288,-0.2661218047142029,-0.036652019521994816,0.19224011898040771,-0.3144531100988388,-0.04987097000221752,0.22340726852416992,-0.34652289748191833,-0.059801737121148335,0.1249312162399292,-0.14375588297843933,-0.02276591052751087,0.17409676313400269,-0.21628305315971375,-0.0453115387771561,0.18961572647094727,-0.258194237947464,-0.06014872928599857,0.20078694820404053,-0.2783793956041336,-0.06907437210421108,0.13534754514694214,-0.09309735894203186,-0.026148813119931447,0.1503785252571106,-0.16311310231685638,-0.050917124650283085,0.13281309604644775,-0.17625826597213745,-0.060391841730876195,0.11499524116516113,-0.16743406653404236,-0.06486949538330578
B,0.0,0.0,0.0,0.0024774670600891113,-0.11092367768287659,-0.01327958318509559,0.059441328048706055,-0.21910493075847626,-0.013586330107528966,0.11958342790603638,-0.2773985266685486,-0.014908204666454594,0.16406071186065674,-0.3242441564798355,-0.015847434169728558,0.11903762817382812,-0.22021177411079407,0.015425535970251758,0.16349071264266968,-0.28241224586963654,0.011135491662543018,0.18939226865768433,-0.32768455147743225,0.003397473952617247,0.2119605541229248,-0.3590239882469177,-0.003571657809544604,0.13462573289871216,-0.174796000123024,0.01242219016782542,0.18090230226516724,-0.2346525639295578,0.01037110772810479,0.20211154222488403,-0.27547696232795715,0.0013488446165581536,0.2186124324798584,-0.30180205404758453,-0.006007588348467152,0.1436493992805481,-0.12375278770923615,0.005491795138340194,0.189022958278656,-0.19959262013435364,-0.005962268329341214,0.1931130290031433,-0.24030618369579315,-0.014551136522669594,0.1943264603614807,-0.2573811411857605,-0.019635180822689335,0.14798957109451294,-0.07040151953697205,-0.00290253932692508,0.15722155570983887,-0.15025117993354797,-0.018313269010860722,0.13598138093948364,-0.17839092016220093,-0.0227451500213931,0.11547112464904785,-0.18487921357154846,-0.023782205647904675
B,0.0,0.0,0.0,-0.055762529373168945,-0.07099443674087524,-0.041480683364312654,-0.08015227317810059,-0.18479280173778534,-0.07040679139677763,-0.030438125133514404,-0.26495973765850067,-0.09695585501972914,0.0356297492980957,-0.2907313033938408,-0.12129617167298079,-0.056288182735443115,-0.3557577505707741,-0.03565879223529578,-0.04171192646026611,-0.444162055850029,-0.0837214855629611,-0.014414429664611816,-0.42921194434165955,-0.12374780011955977,0.010025262832641602,-0.3857387974858284,-0.14729910773817778,-0.004572629928588867,-0.3594035804271698,-0.0353414533812213,0.016226530075073242,-0.47251009941101074,-0.07864255142990828,0.03718918561935425,-0.4691450893878937,-0.1107852501947093,0.052693068981170654,-0.4328676611185074,-0.12902596277777434,0.041455864906311035,-0.3329863101243973,-0.041915484346787935,0.06457865238189697,-0.4537133127450943,-0.07699421478096724,0.07749944925308228,-0.47172610461711884,-0.09711810631338835,0.08517104387283325,-0.45529188215732574,-0.10702927840534926,0.08331316709518433,-0.2780371606349945,-0.0524833655137229,0.10134673118591309,-0.3779394254088402,-0.07634361518208266,0.1154969334602356,-0.43294189870357513,-0.08892409933392287,0.12676185369491577,-0.4680923968553543,-0.09610761386934996
B,0.0,0.0,0.0,-0.0396420955657959,-0.071982741355896,-0.04765482863945181,-0.038860976696014404,-0.17235291004180908,-0.07598717755240614,0.012618780136108398,-0.23189499974250793,-0.09853448963326628,0.06590038537979126,-0.2473968267440796,-0.12081665045184309,-0.006114840507507324,-0.30818983912467957,-0.05583018681568319,0.027398407459259033,-0.42318224906921387,-0.09014809376162702,0.056514859199523926,-0.4937904328107834,-0.11741554981631452,0.08482873439788818,-0.5554326772689819,-0.13790231442612821,0.03914827108383179,-0.305033415555954,-0.05288754275602514,0.07557332515716553,-0.4369112104177475,-0.08362988627118284,0.10456728935241699,-0.5197465121746063,-0.10941625631016905,0.1297600269317627,-0.6025972366333008,-0.1291181097046774,0.07527744770050049,-0.273135781288147,-0.05453304818433935,0.10769122838973999,-0.40185046195983887,-0.08323195821208174,0.1300036907196045,-0.4870084077119827,-0.10541817790431196,0.1486554741859436,-0.5697221457958221,-0.12180349475306684,0.10664933919906616,-0.21999502182006836,-0.060290253372613734,0.132951557636261,-0.31218430399894714,-0.08503736800116712,0.15001177787780762,-0.37882518768310547,-0.09982703870696241,0.16451406478881836,-0.44369082152843475,-0.11137739068431074
B,0.0,0.0,0.0,-0.026134252548217773,-0.007757723331451416,-0.09032667718463472,-0.037550389766693115,-0.049234628677368164,-0.14477205566697648,-0.02683436870574951,-0.09126412868499756,-0.18526527575784257,-0.005828559398651123,-0.12913236021995544,-0.2249591230564647,0.01974940299987793,-0.263719379901886,-0.11454716615014604,0.06175893545150757,-0.3691778630018234,-0.1634647875242763,0.09785854816436768,-0.4448511004447937,-0.2001204668694072,0.13133519887924194,-0.507294237613678,-0.22523659757905534,0.06179702281951904,-0.2730901837348938,-0.09075165085130266,0.1040797233581543,-0.39868511259555817,-0.13478544644647172,0.13866722583770752,-0.4835280478000641,-0.16596401027970842,0.16838163137435913,-0.5670031905174255,-0.18784870497518114,0.09368890523910522,-0.25143834948539734,-0.07276364706092409,0.12804478406906128,-0.36799710988998413,-0.1091059326344066,0.15475952625274658,-0.45075859129428864,-0.13126178376012376,0.17884862422943115,-0.5301548838615417,-0.1465006350689464,0.11650466918945312,-0.2085074782371521,-0.06195331655078462,0.1465514898300171,-0.29032522439956665,-0.08922365598016313,0.16618406772613525,-0.34873145818710327,-0.10398219816022447,0.18360286951065063,-0.405228853225708,-0.11456999472909501
B,0.0,0.0,0.0,-0.03168690204620361,-0.039258360862731934,-0.0688944573344088,-0.04412579536437988,-0.11384618282318115,-0.10935124408615593,-0.024300038814544678,-0.17447805404663086,-0.14037007492197517,0.004411160945892334,-0.21949097514152527,-0.1683584938587046,-0.009790420532226562,-0.31619322299957275,-0.07127642285240654,0.019193947315216064,-0.4255408048629761,-0.11071810525072578,0.04872077703475952,-0.4972454458475113,-0.1424311290325022,0.07790476083755493,-0.5542263388633728,-0.1646167377771235,0.03397601842880249,-0.3158574104309082,-0.0569628069938517,0.06033313274383545,-0.42965342104434967,-0.09114867102516655,0.08650767803192139,-0.49913810193538666,-0.11621941279781822,0.11137163639068604,-0.5610664784908295,-0.13458346229208473,0.07181084156036377,-0.28849178552627563,-0.0493590946139193,0.09761238098144531,-0.3915291726589203,-0.078651372605691,0.12058711051940918,-0.45275893807411194,-0.09393828760994438,0.1400376558303833,-0.5042166411876678,-0.10404809218061928,0.10489445924758911,-0.2431161105632782,-0.048314646148810425,0.12921142578125,-0.33007633686065674,-0.07131231974972252,0.1461728811264038,-0.39249804615974426,-0.08274779122484688,0.16019177436828613,-0.44944991171360016,-0.09040414940727715
B,0.0,0.0,0.0,-0.054986655712127686,-0.07820352911949158,-0.02908795336043113,-0.08426398038864136,-0.19327765703201294,-0.04890104764854186,-0.04415017366409302,-0.27327972650527954,-0.06723849484478706,0.012351393699645996,-0.2904999852180481,-0.0867088288978266,-0.05111497640609741,-0.353400394320488,-0.03265145802652114,-0.04518944025039673,-0.48481833934783936,-0.05772923314725631,-0.03529292345046997,-0.5636776089668274,-0.07976128915106528,-0.022864103317260742,-0.6351545453071594,-0.09763139495407813,-0.006023705005645752,-0.35996145009994507,-0.0386037007883715,0.004304170608520508,-0.5044583529233932,-0.06004777559792274,0.017376184463500977,-0.5955538749694824,-0.08064740905319923,0.030541419982910156,-0.6795514523983002,-0.09716538348948234,0.033876240253448486,-0.33211442828178406,-0.048466749580256874,0.04869496822357178,-0.4683830887079239,-0.06868185857092612,0.062242329120635986,-0.5588698387145996,-0.08789423862253898,0.07409358024597168,-0.6402691304683685,-0.10282057532822364,0.07124000787734985,-0.2796703279018402,-0.061501506806962425,0.08424818515777588,-0.39157676696777344,-0.08006101110731834,0.0907028317451477,-0.4695345461368561,-0.0921964497283625,0.09615832567214966,-0.5409875512123108,-0.1020599157527613
B,0.0,0.0,0.0,-0.06267368793487549,-0.06258034706115723,-0.025089501105526324,-0.10593897104263306,-0.17839133739471436,-0.041911053173521395,-0.08544975519180298,-0.27456557750701904,-0.05845856543658101,-0.030434370040893555,-0.30312997102737427,-0.07599791388986432,-0.07413679361343384,-0.349546417593956,-0.022601972036341067,-0.08554255962371826,-0.4772403836250305,-0.04603899892447316,-0.09571981430053711,-0.5619396567344666,-0.06816073756692731,-0.10161536931991577,-0.6347596943378448,-0.08661233883378827,-0.039626240730285645,-0.3612520694732666,-0.030457687266448374,-0.045161306858062744,-0.5022663772106171,-0.05208690714118802,-0.049958646297454834,-0.5985205769538879,-0.07367313902852857,-0.05151551961898804,-0.6812933087348938,-0.09038034331081235,-0.007013440132141113,-0.33943477272987366,-0.042087788395861025,-0.006176352500915527,-0.4747018963098526,-0.06309954326627576,-0.006241738796234131,-0.568345844745636,-0.08279492955682599,-0.005230903625488281,-0.6488244533538818,-0.09799014281509244,0.024192214012145996,-0.2890390157699585,-0.05673673998592221,0.030350029468536377,-0.38429880142211914,-0.07687217246768796,0.028349220752716064,-0.4569440484046936,-0.09000569831607663,0.026413023471832275,-0.5218051075935364,-0.10039752226350629
B,0.0,0.0,0.0,-0.07446688413619995,-0.06333184242248535,-0.011648275494792415,-0.11919808387756348,-0.17492926120758057,-0.020587632037916137,-0.11846774816513062,-0.264183908700943,-0.03396383447221751,-0.07991427183151245,-0.2778015732765198,-0.04895754305294986,-0.09346568584442139,-0.3219066858291626,0.005591277427754449,-0.10991805791854858,-0.4426638185977936,-0.013852038026072933,-0.1290818452835083,-0.5257546007633209,-0.03461415094903941,-0.14206480979919434,-0.5965281426906586,-0.051473700978078796,-0.07127100229263306,-0.334706574678421,-0.008772566519894553,-0.08660626411437988,-0.47404541075229645,-0.028900386370935394,-0.10302489995956421,-0.5768279135227203,-0.05008552370242114,-0.11339306831359863,-0.6641169190406799,-0.06516901550463672,-0.047316789627075195,-0.3227628469467163,-0.027507442586340858,-0.05818408727645874,-0.46211616694927216,-0.04747777951530452,-0.0696759819984436,-0.5622880458831787,-0.06597541419438357,-0.07615458965301514,-0.6439083516597748,-0.0784238442557239,-0.02450740337371826,-0.28872060775756836,-0.04882062373332019,-0.027805626392364502,-0.4003658592700958,-0.064548307635107,-0.03665691614151001,-0.4826616644859314,-0.07459193614892001,-0.04322892427444458,-0.5549936294555664,-0.08256525693110461
B,0.0,0.0,0.0,-0.06900376081466675,-0.0518835186958313,-0.021594015911603037,-0.11889535188674927,-0.15472662448883057,-0.036922859058165614,-0.11110293865203857,-0.24731329083442688,-0.05296220819690234,-0.06500470638275146,-0.2725151479244232,-0.07020169313290126,-0.09554785490036011,-0.31494152545928955,-0.01990403610506064,-0.11147594451904297,-0.439084529876709,-0.04429833780267245,-0.12131792306900024,-0.5229379534721375,-0.06668565984108454,-0.1260981261730194,-0.5982031226158142,-0.08474470491745478,-0.06649941205978394,-0.32912594079971313,-0.028735451430463854,-0.07923883199691772,-0.46851058304309845,-0.05083975757696635,-0.0873609185218811,-0.5682912468910217,-0.07050926800110346,-0.09018629789352417,-0.6559819579124451,-0.0853673648391009,-0.036936283111572266,-0.3122638463973999,-0.041394023254895274,-0.04140216112136841,-0.44514964520931244,-0.06204610507228381,-0.04446607828140259,-0.5394313931465149,-0.07929595376589305,-0.04448103904724121,-0.62004154920578,-0.09204833026268489,-0.0065222978591918945,-0.26787102222442627,-0.05711041952707774,-0.004142582416534424,-0.36292165517807007,-0.07620597447493083,-0.010969161987304688,-0.4350021481513977,-0.08823913897612101,-0.016573190689086914,-0.49876177310943604,-0.0974886548075915
B,0.0,0.0,0.0,-0.06944525241851807,-0.042588233947753906,-0.024286101925611092,-0.12273722887039185,-0.13051161170005798,-0.04491577612185438,-0.11506712436676025,-0.21460968255996704,-0.06518017442846258,-0.0668671727180481,-0.24148711562156677,-0.08754110278511007,-0.10558956861495972,-0.28765469789505005,-0.03712991194748838,-0.12441226840019226,-0.4053492099046707,-0.06730700971507986,-0.13700562715530396,-0.48453570902347565,-0.09310679079914053,-0.14472264051437378,-0.5585502684116364,-0.11397789360904653,-0.07430583238601685,-0.29930487275123596,-0.04775267409110029,-0.09075543284416199,-0.4322836250066757,-0.07629632892036398,-0.10148951411247253,-0.5279328227043152,-0.0999849283876415,-0.10812604427337646,-0.6155849695205688,-0.11786778213405569,-0.04244029521942139,-0.2763614356517792,-0.061328697371720864,-0.05150938034057617,-0.4034479707479477,-0.08857416303777654,-0.058047354221343994,-0.49435749650001526,-0.11037097813510854,-0.06291288137435913,-0.5762779414653778,-0.12621053995513876,-0.009158313274383545,-0.2274826169013977,-0.0773176247062679,-0.010456264019012451,-0.3166026473045349,-0.1034745866241451,-0.01886427402496338,-0.38401155173778534,-0.11937507929229696,-0.026768088340759277,-0.4479378014802933,-0.13123314024829824
B,0.0,0.0,0.0,-0.07255566120147705,-0.036206066608428955,-0.02230365471530149,-0.12620007991790771,-0.1092139482498169,-0.04461597920942495,-0.12611550092697144,-0.17913031578063965,-0.06706751035142133,-0.08042001724243164,-0.19607341289520264,-0.09235192732501218,-0.10476091504096985,-0.25913286209106445,-0.04273457722354124,-0.13028684258460999,-0.36063407361507416,-0.07595791564870069,-0.14801058173179626,-0.43143869936466217,-0.10324612902093122,-0.1603221893310547,-0.49894413352012634,-0.1253351260869522,-0.07460123300552368,-0.26851698756217957,-0.056247356250764824,-0.09648603200912476,-0.402901753783226,-0.08807127074885557,-0.10823538899421692,-0.5034888088703156,-0.11261146412778089,-0.11365392804145813,-0.5946477651596069,-0.13096059755969236,-0.04423803091049194,-0.23953977227210999,-0.07231812821316908,-0.05933898687362671,-0.36713024973869324,-0.10324606196570585,-0.06736689805984497,-0.45448166131973267,-0.12600047783541868,-0.07181340456008911,-0.5341841876506805,-0.14203658597159574,-0.013426721096038818,-0.18450596928596497,-0.09033326701808164,-0.01740717887878418,-0.2659205198287964,-0.12078016893553922,-0.02790170907974243,-0.32629363238811493,-0.138714416786911,-0.037528932094573975,-0.3842026889324188,-0.15172511236357877
B,0.0,0.0,0.0,-0.10374921560287476,-0.032094478607177734,0.0012072524768598214,-0.15710031986236572,-0.0966813862323761,-0.009943378412600623,-0.1802014708518982,-0.15175217390060425,-0.025280566209431754,-0.17081663012504578,-0.18506184220314026,-0.04362730986761676,-0.11478480696678162,-0.2599233090877533,-0.023224001073714362,-0.1722109615802765,-0.34768255054950714,-0.04982389814543353,-0.21171635389328003,-0.4100758135318756,-0.07034997946905719,-0.24693137407302856,-0.4653128981590271,-0.0867957875816785,-0.09375274181365967,-0.2585943341255188,-0.044323264875885116,-0.16028845310211182,-0.3565361648797989,-0.07655442065882312,-0.20354968309402466,-0.4336450695991516,-0.09991844303297626,-0.23760828375816345,-0.5065869092941284,-0.11689535833286868,-0.07799005508422852,-0.21954426169395447,-0.06505625999855624,-0.131869375705719,-0.32749563455581665,-0.09554800696062671,-0.1655491292476654,-0.4076602905988693,-0.11176900125431644,-0.19073718786239624,-0.48133060336112976,-0.12224620140480624,-0.07370251417160034,-0.15279802680015564,-0.08520870960640536,-0.10989975929260254,-0.22553589940071106,-0.11233935810017215,-0.1334683895111084,-0.27780067920684814,-0.1236254156320058,-0.15144041180610657,-0.3320704698562622,-0.13157268918442355
B,0.0,0.0,0.0,-0.09506911039352417,-0.054492175579071045,0.0073551987168798405,-0.14342528581619263,-0.125311940908432,-0.0042603411840786976,-0.1582135558128357,-0.17729276418685913,-0.0234805084893992,-0.13210362195968628,-0.19678521156311035,-0.04714105838337446,-0.12511974573135376,-0.2592480182647705,-0.018326513482122664,-0.16037419438362122,-0.3617953062057495,-0.04931089469590688,-0.18727463483810425,-0.43197299540042877,-0.07291773521700406,-0.20865216851234436,-0.4938063621520996,-0.09180837684669996,-0.09939396381378174,-0.2560550570487976,-0.04809823074737096,-0.1335294246673584,-0.3691248893737793,-0.08260065132179761,-0.15916606783866882,-0.45959722995758057,-0.10557959043779874,-0.17682009935379028,-0.5373245477676392,-0.12222026848593259,-0.07161873579025269,-0.22402167320251465,-0.07882359438934827,-0.09805035591125488,-0.3375914692878723,-0.113014100132375,-0.1182945966720581,-0.4245654195547104,-0.13216625714102292,-0.1341591477394104,-0.5017874538898468,-0.1449958291033795,-0.046450793743133545,-0.17098918557167053,-0.10891665333309675,-0.06595367193222046,-0.2461911141872406,-0.14208131098547483,-0.08508169651031494,-0.3018375039100647,-0.15718645417490507,-0.10115450620651245,-0.35304655134677887,-0.16754742526808286
B,0.0,0.0,0.0,-0.06942647695541382,-0.053587257862091064,-0.024799774372354477,-0.11422061920166016,-0.14070281386375427,-0.04906630606330964,-0.09637969732284546,-0.20235615968704224,-0.0723513150302324,-0.04167652130126953,-0.19357827305793762,-0.09874499679483506,-0.08433735370635986,-0.27511364221572876,-0.049462025025263756,-0.09578835964202881,-0.37767142057418823,-0.08574208707489106,-0.0993843674659729,-0.44245052337646484,-0.1147089758602533,-0.09769564867019653,-0.5049023926258087,-0.13757521004356477,-0.04568624496459961,-0.2751622200012207,-0.06191870287932488,-0.052312254905700684,-0.3945887088775635,-0.09654487014688584,-0.05276697874069214,-0.47540369629859924,-0.12055978269256684,-0.04819071292877197,-0.5481841266155243,-0.13792310745395753,-0.010495424270629883,-0.2360123097896576,-0.07727128357566926,-0.010136842727661133,-0.3585548996925354,-0.11216432691492173,-0.008477628231048584,-0.43670859932899475,-0.13400161356605622,-0.005422115325927734,-0.5076600313186646,-0.14861323029674622,0.02126830816268921,-0.17064940929412842,-0.09427797139562699,0.028835177421569824,-0.24756211042404175,-0.1285862186638269,0.027489900588989258,-0.3040125370025635,-0.14552988202251527,0.02474886178970337,-0.35991719365119934,-0.15715232581771943
B,0.0,0.0,0.0,-0.061408162117004395,-0.041702210903167725,-0.04537597886911726,-0.10086560249328613,-0.12589210271835327,-0.0831137619136939,-0.07298976182937622,-0.17898088693618774,-0.11622928298703528,-0.01937490701675415,-0.19101399183273315,-0.1531850195645461,-0.06348782777786255,-0.2729172706604004,-0.09113975830069876,-0.0693865418434143,-0.376332625746727,-0.14267356164447165,-0.06555724143981934,-0.44218631088733673,-0.18107193179122305,-0.05723613500595093,-0.5064888298511505,-0.2102132237671981,-0.01877450942993164,-0.2714506685733795,-0.09945459134570456,-0.016616404056549072,-0.40112097561359406,-0.15156384773246145,-0.005758225917816162,-0.4851255416870117,-0.18794105417720175,0.006323277950286865,-0.5666861534118652,-0.21416457958213186,0.020967841148376465,-0.2320479154586792,-0.11080046213857031,0.0274239182472229,-0.3600880801677704,-0.16158912546626425,0.03681248426437378,-0.4413043111562729,-0.19433165557376242,0.0446932315826416,-0.5188935697078705,-0.2162098980664382,0.05669808387756348,-0.17079845070838928,-0.12453661329737997,0.06984049081802368,-0.25198930501937866,-0.17162483401290274,0.07328671216964722,-0.3172858953475952,-0.19732851750842428,0.07492411136627197,-0.38521677255630493,-0.2152766830443511
B,0.0,0.0,0.0,-0.05620431900024414,-0.050766050815582275,-0.05021376073727879,-0.09064644575119019,-0.13312876224517822,-0.09037586212525639,-0.0674283504486084,-0.18684431910514832,-0.12540020704636845,-0.016201257705688477,-0.20957499742507935,-0.1635613209045914,-0.04650914669036865,-0.2929971218109131,-0.09186110556493077,-0.03767406940460205,-0.41724608838558197,-0.14168430030713353,-0.022264182567596436,-0.4930140972137451,-0.17837602556119236,-0.000709235668182373,-0.5618584752082825,-0.2053854531086472,0.0036996006965637207,-0.2890605032444,-0.09628640771279606,0.01992875337600708,-0.43575623631477356,-0.14312197924027714,0.03943818807601929,-0.5274418890476227,-0.17764998138318333,0.058545589447021484,-0.6132670342922211,-0.20352359772095951,0.04675358533859253,-0.24966514110565186,-0.10409944415459904,0.06656348705291748,-0.3879656344652176,-0.14796789646516118,0.08502316474914551,-0.4749443829059601,-0.17799071133504185,0.0996817946434021,-0.5536737442016602,-0.1991700595654038,0.08407938480377197,-0.18978199362754822,-0.11505194664368901,0.10638809204101562,-0.2853991985321045,-0.15391213357816014,0.11692595481872559,-0.3583444803953171,-0.17566006541619572,0.12474513053894043,-0.42824091017246246,-0.19168700933823857
B,0.0,0.0,0.0,-0.07035338878631592,-0.05384087562561035,-0.04433976984904575,-0.1126750111579895,-0.15239006280899048,-0.08045266694711017,-0.07895904779434204,-0.21669313311576843,-0.11288550622151661,-0.018704235553741455,-0.23040807247161865,-0.14880370474742222,-0.0756484866142273,-0.31852076947689056,-0.08379251635955143,-0.08156722784042358,-0.4523014724254608,-0.1337663171379404,-0.08167552947998047,-0.5414639115333557,-0.17206753171370792,-0.07731682062149048,-0.6239602863788605,-0.20164088285849857,-0.030268311500549316,-0.3125278949737549,-0.09299320853637028,-0.03113532066345215,-0.45519421994686127,-0.14304747558520603,-0.02823352813720703,-0.5505469739437103,-0.17893392718718815,-0.02324455976486206,-0.6413501501083374,-0.20523337400840092,0.009689271450042725,-0.26967987418174744,-0.10578417904065418,0.016577839851379395,-0.4002912938594818,-0.1530139682380991,0.023115158081054688,-0.49093781411647797,-0.18426068998263645,0.030054688453674316,-0.5736452639102936,-0.20553403473780918,0.04690563678741455,-0.20369359850883484,-0.12177391476319599,0.0584104061126709,-0.30017054080963135,-0.16624613977359104,0.060787081718444824,-0.3758915960788727,-0.19159584618495273,0.0627472996711731,-0.45047107338905334,-0.20941149569438267
B,0.0,0.0,0.0,-0.07849150896072388,-0.05802375078201294,-0.04010406390227672,-0.12309253215789795,-0.1484101414680481,-0.08059275404013988,-0.09320610761642456,-0.21458211541175842,-0.11911770955123302,-0.03021073341369629,-0.23165816068649292,-0.16294563815392848,-0.08735185861587524,-0.3093480169773102,-0.10052326575316783,-0.09866690635681152,-0.4470498412847519,-0.16213756308354732,-0.09981423616409302,-0.5437076091766357,-0.20770342156686183,-0.09464889764785767,-0.6312867999076843,-0.2423356126288354,-0.03900688886642456,-0.301362007856369,-0.11741035685338375,-0.04430365562438965,-0.45067286491394043,-0.18201638266839382,-0.04105722904205322,-0.5543897449970245,-0.22361446425713893,-0.033977627754211426,-0.6463581025600433,-0.25332237288751003,0.00451505184173584,-0.2568797469139099,-0.1372418354491174,0.008149564266204834,-0.39073579013347626,-0.19786484048165676,0.010863304138183594,-0.48548388481140137,-0.23430835709370967,0.015515804290771484,-0.56341353058815,-0.25808570787705776,0.0431860089302063,-0.1906992793083191,-0.15939865515031215,0.0547141432762146,-0.2864138185977936,-0.21695763871468898,0.055232107639312744,-0.36598947644233704,-0.24931841597356197,0.0557437539100647,-0.43889689445495605,-0.2715871731976449
B,0.0,0.0,0.0,-0.05921536684036255,-0.054873645305633545,-0.05402242147590641,-0.09632986783981323,-0.14373284578323364,-0.09701529273058895,-0.06915551424026489,-0.19772249460220337,-0.13428142794634823,-0.011922180652618408,-0.2103785276412964,-0.17470169195200924,-0.04922211170196533,-0.31440918147563934,-0.10071054228808407,-0.039494991302490234,-0.4463629722595215,-0.1555544299748135,-0.024307072162628174,-0.5300779044628143,-0.19572508462931637,-0.0038553476333618164,-0.6063431203365326,-0.22535233327414517,0.004023373126983643,-0.30372804403305054,-0.10640675702359204,0.02058941125869751,-0.449838325381279,-0.16016198822524075,0.04066109657287598,-0.5431968867778778,-0.1971596045162869,0.05956631898880005,-0.6314971745014191,-0.22357092925574307,0.05037587881088257,-0.2573135197162628,-0.1158014250662518,0.06917953491210938,-0.3985983580350876,-0.1665041608479214,0.08685308694839478,-0.4920649379491806,-0.19765277334715847,0.10036969184875488,-0.5793564915657043,-0.21836936601664547,0.09049808979034424,-0.19007885456085205,-0.12863204010989193,0.11419790983200073,-0.2899497151374817,-0.17383992799784664,0.12629997730255127,-0.367968887090683,-0.19728569814230923,0.1355007290840149,-0.44489502906799316,-0.21347694226767544
B,0.0,0.0,0.0,-0.05211031436920166,-0.05268442630767822,-0.07978659501407037,-0.07064718008041382,-0.13250863552093506,-0.136962901857828,-0.031235933303833008,-0.1678430438041687,-0.18359167507026086,0.029604017734527588,-0.17965644598007202,-0.23337724438044916,-0.023910105228424072,-0.2784268856048584,-0.130325060394739,-9.506940841674805e-05,-0.3848147988319397,-0.1954498552355517,0.02681601047515869,-0.44858358800411224,-0.2448205166134585,0.05889362096786499,-0.5029812157154083,-0.28007933130595575,0.028438806533813477,-0.26440489292144775,-0.12420955678555856,0.06250423192977905,-0.39532777667045593,-0.1842782609734286,0.09372830390930176,-0.47121548652648926,-0.22976219287249933,0.121867835521698,-0.5471446514129639,-0.26384928455684076,0.07273268699645996,-0.2209566831588745,-0.12312639137837778,0.10602658987045288,-0.34466955065727234,-0.17577418318126092,0.1335487961769104,-0.42264972627162933,-0.2129693739685763,0.15614986419677734,-0.49535493552684784,-0.2399173342261065,0.10966408252716064,-0.16190430521965027,-0.1276731752428759,0.1402367353439331,-0.2482932209968567,-0.1703164689812411,0.15756458044052124,-0.31590181589126587,-0.196270164159273,0.17217570543289185,-0.3802490532398224,-0.21685583522651086
B,0.0,0.0,0.0,-0.04709422588348389,-0.06020677089691162,-0.04974775061469927,-0.06522178649902344,-0.14600589871406555,-0.08535053253632441,-0.02153724431991577,-0.19657278060913086,-0.1150647443578805,0.03566867113113403,-0.21094852685928345,-0.14583485246163264,-0.023845314979553223,-0.3001416027545929,-0.07374651402693644,-0.0017380118370056152,-0.413748562335968,-0.11734722972374811,0.024193227291107178,-0.48108577728271484,-0.15058251142960444,0.053294837474823,-0.5395658612251282,-0.17411540866356745,0.024946153163909912,-0.2911052703857422,-0.07391182750922098,0.053521156311035156,-0.4225117415189743,-0.1113757383869256,0.07941299676895142,-0.5017117559909821,-0.1393305999086465,0.10234719514846802,-0.5781611502170563,-0.16007021487217798,0.06589198112487793,-0.2505638301372528,-0.07860091001253977,0.09627878665924072,-0.3764793425798416,-0.11269572794896021,0.11847972869873047,-0.4542970806360245,-0.13495243013363734,0.1357276439666748,-0.5274955034255981,-0.15045488298397913,0.10146695375442505,-0.19060766696929932,-0.08734396517735377,0.13023096323013306,-0.28547942638397217,-0.1160328280971612,0.1460232138633728,-0.35328465700149536,-0.13088019609909907,0.15764552354812622,-0.41983258724212646,-0.14160132825833216
C,0.0,0.0,0.0,0.10901772975921631,0.01603943109512329,0.017256330425965416,0.19140490889549255,-0.015352785587310791,0.006186182337927448,0.25153112411499023,-0.012547671794891357,-0.018072080139887703,0.31060951948165894,-0.00016438961029052734,-0.04362096664763726,0.18596139550209045,-0.26503056287765503,0.013782965677904713,0.24235433340072632,-0.39623475074768066,-0.017863348399174583,0.2962278127670288,-0.363178551197052,-0.04643950266100205,0.33118492364883423,-0.301636278629303,-0.06472962376929559,0.16019979119300842,-0.2794962525367737,-0.021496007491720093,0.22995132207870483,-0.43320396542549133,-0.05413216752268113,0.29563337564468384,-0.3825051933526993,-0.08204428878880776,0.32648909091949463,-0.2984771132469177,-0.0995569157347802,0.13411515951156616,-0.2684427797794342,-0.05880058211542405,0.20717456936836243,-0.41063880920410156,-0.08552309897996224,0.27483606338500977,-0.36326736211776733,-0.10250540850020684,0.31196844577789307,-0.28922247886657715,-0.11260195103741921,0.1115264892578125,-0.22353807091712952,-0.0959868508324746,0.17630305886268616,-0.30403101444244385,-0.11678393957473077,0.23342353105545044,-0.3031854033470154,-0.1262835564956788,0.27079635858535767,-0.28104937076568604,-0.1322121622905854
C,0.0,0.0,0.0,0.10148772597312927,0.005467355251312256,-0.0028017777979130187,0.19588279724121094,-0.04069077968597412,-0.022673115137195055,0.2624298334121704,-0.05185636878013611,-0.050749575722193185,0.3278350830078125,-0.06556969881057739,-0.08037176914808697,0.19195422530174255,-0.28884150087833405,-0.024823060262178842,0.23618823289871216,-0.4501033276319504,-0.06484978832600063,0.28600484132766724,-0.4324658364057541,-0.09413138218519634,0.31948399543762207,-0.37393999099731445,-0.11099211313126034,0.1547740399837494,-0.30346255004405975,-0.051921935754990045,0.20426392555236816,-0.49863287806510925,-0.09484119154808468,0.2674376666545868,-0.45614510774612427,-0.12566757388708538,0.3003116846084595,-0.3681073933839798,-0.14325021393892712,0.11304114758968353,-0.2947033494710922,-0.08098290302154965,0.16045090556144714,-0.48503419756889343,-0.12022806890604443,0.22796010971069336,-0.4427272081375122,-0.14246222563383526,0.2664530575275421,-0.36070938408374786,-0.15315954573748058,0.07074904441833496,-0.25856754183769226,-0.11021833308336682,0.12784817814826965,-0.373683899641037,-0.1441667843639607,0.18974560499191284,-0.3676961660385132,-0.16141045280096478,0.2322404980659485,-0.32821716368198395,-0.17035897262690014
C,0.0,0.0,0.0,0.12741009891033173,0.007609844207763672,0.012460083018424939,0.22240735590457916,-0.03071606159210205,-0.0019952906133653414,0.2920333594083786,-0.025540530681610107,-0.026115827944693137,0.3343517631292343,-0.01894015073776245,-0.04927759127002673,0.16416554152965546,-0.3098140060901642,-0.0033348977869422924,0.26358662545681,-0.39758890867233276,-0.05070054785591083,0.3358321636915207,-0.35690832138061523,-0.09658687816244083,0.38759033381938934,-0.2769215703010559,-0.12841443971973376,0.1479463428258896,-0.2873188257217407,-0.04055136324149089,0.30141960084438324,-0.40669476985931396,-0.10852960751634555,0.3610871881246567,-0.3240519165992737,-0.1638949091849895,0.38342271745204926,-0.221277117729187,-0.1918107147632213,0.1349821835756302,-0.23796331882476807,-0.07618955032211261,0.25248341262340546,-0.34706592559814453,-0.12292468802314716,0.3240049332380295,-0.2834569215774536,-0.1540985132871242,0.35684339702129364,-0.19721409678459167,-0.16876286522727924,0.12761129438877106,-0.1446155309677124,-0.11127741144281345,0.20682592689990997,-0.1984364092350006,-0.13651027039867358,0.2656807452440262,-0.1937296986579895,-0.14990847067218738,0.30551259219646454,-0.1683846414089203,-0.1589321519551845
C,0.0,0.0,0.0,0.10713556408882141,0.050858139991760254,0.012234062461232043,0.1937168538570404,0.04909336566925049,0.006291302891497708,0.2623392641544342,0.05711376667022705,-0.014611373150671625,0.3276309072971344,0.06015312671661377,-0.03620484327706208,0.21133211255073547,-0.20520740747451782,0.06311594093409667,0.26272091269493103,-0.30760759115219116,0.043880266642247534,0.30537477135658264,-0.2921838164329529,0.01763450684217105,0.32719483971595764,-0.2459566593170166,0.0005361989415746393,0.19624397158622742,-0.23860123753547668,0.031063125973616934,0.26567956805229187,-0.36498886346817017,0.0074223294314492705,0.31885984539985657,-0.32932302355766296,-0.022891378456677103,0.339351087808609,-0.2547590732574463,-0.04124542927178254,0.1767818033695221,-0.2581443786621094,-0.007657339291597509,0.2502797544002533,-0.38046762347221375,-0.028734470212782526,0.30717459321022034,-0.3335322141647339,-0.04847132270964494,0.33203545212745667,-0.25047582387924194,-0.05937185367378106,0.15464726090431213,-0.25304871797561646,-0.048278971070374155,0.21681097149848938,-0.3391904830932617,-0.06512538200053086,0.27112534642219543,-0.33148664236068726,-0.07598207002314439,0.3064251244068146,-0.2901177406311035,-0.08261140292319169
C,0.0,0.0,0.0,0.10444885492324829,0.08100545406341553,0.014202599872646715,0.1973191499710083,0.07918542623519897,0.018739034880695726,0.2746511697769165,0.07977551221847534,0.006944130633769419,0.3518798351287842,0.056904375553131104,-0.005999466411026333,0.21694201231002808,-0.14775359630584717,0.10450644185095825,0.27532845735549927,-0.21941405534744263,0.10334120829850235,0.3237078785896301,-0.20753109455108643,0.08323773880749741,0.3544463515281677,-0.17930665612220764,0.0673809735968689,0.20913922786712646,-0.19566845893859863,0.07596073438674011,0.27753353118896484,-0.287598580121994,0.06917025287896195,0.32945406436920166,-0.25592178106307983,0.03696990524679222,0.3504049777984619,-0.18582120537757874,0.014836690847573664,0.1954106092453003,-0.2409091591835022,0.039455001701412584,0.26842302083969116,-0.3333641588687897,0.032400136341152574,0.3200027346611023,-0.28278547525405884,0.00994310853332081,0.34042030572891235,-0.19937005639076233,-0.004985513637961958,0.1754280924797058,-0.2667350471019745,0.0005590424922274906,0.2433221936225891,-0.3462420403957367,-0.006894862286003445,0.29378199577331543,-0.31391406059265137,-0.016352789948882673,0.32185178995132446,-0.2414202094078064,-0.022946056450905417
C,0.0,0.0,0.0,0.10435047745704651,0.04938018321990967,0.01850404959958496,0.19418683648109436,0.02715003490447998,0.018628135294136428,0.26663944125175476,0.022683382034301758,0.004086547967460774,0.33033207058906555,-0.0018284320831298828,-0.009756501793447114,0.18626096844673157,-0.24546155333518982,0.07121038992744388,0.2437727153301239,-0.33683206140995026,0.06128845174652042,0.29907551407814026,-0.32488469779491425,0.042562590882596396,0.33053913712501526,-0.28183186054229736,0.030711388186034583,0.17075178027153015,-0.27994561195373535,0.04196642522555294,0.24085119366645813,-0.40696239471435547,0.02980863486271801,0.3024292290210724,-0.3756774961948395,0.008614964753803633,0.33082178235054016,-0.29892897605895996,-0.0031904392238288892,0.15874961018562317,-0.2958223223686218,0.007568720698770903,0.23509672284126282,-0.4224008321762085,-0.0045445072758525384,0.30209407210350037,-0.3757552057504654,-0.015134045883598901,0.3364783823490143,-0.2943987250328064,-0.019260272413077928,0.15351465344429016,-0.27905410528182983,-0.027952658041897394,0.23113170266151428,-0.3602658063173294,-0.037996912404480554,0.29045453667640686,-0.3378836512565613,-0.039943492069426156,0.32800570130348206,-0.2848876118659973,-0.03861276622075138
C,0.0,0.0,0.0,0.04660940170288086,0.1458912193775177,-0.06431781836016626,0.12626391649246216,0.19460585713386536,-0.08832653202279062,0.19674718379974365,0.22829195857048035,-0.09478523172600717,0.2499396800994873,0.24536803364753723,-0.09321549870236367,0.20785582065582275,-0.026386916637420654,-0.09455874152644128,0.33371925354003906,-0.00698360800743103,-0.1121411804126069,0.36585450172424316,0.09309372305870056,-0.11143033541901559,0.35936641693115234,0.1667482554912567,-0.10338804461224527,0.20780247449874878,-0.1058342456817627,-0.05825624950392694,0.34945470094680786,-0.08460399508476257,-0.08040286190970392,0.37820231914520264,0.04276713728904724,-0.08249186314805002,0.36052602529525757,0.13408556580543518,-0.07655634321434945,0.2024710774421692,-0.136320561170578,-0.02183150649233312,0.3230752944946289,-0.12020538747310638,-0.03525333441956491,0.35434669256210327,-0.005984485149383545,-0.04049177430732698,0.34911441802978516,0.07899105548858643,-0.03934472017152757,0.19210964441299438,-0.135596364736557,0.010923250017924602,0.28642749786376953,-0.12051120400428772,-8.553653623266655e-05,0.32034528255462646,-0.04110461473464966,-0.0062488998302683285,0.3220822811126709,0.03128078579902649,-0.005892281049625581
C,0.0,0.0,0.0,0.12482035160064697,0.020581722259521484,0.049409965263748745,0.20624786615371704,-0.0073236823081970215,0.05362631960406361,0.26737600564956665,-0.0037530064582824707,0.03715925125970898,0.32569199800491333,-0.016958177089691162,0.020303214179421047,0.19359856843948364,-0.2749665379524231,0.06836966259970723,0.2821987271308899,-0.3029361963272095,0.04248304127349911,0.3198734521865845,-0.20592576265335083,0.014330154495382885,0.3201271891593933,-0.1031511127948761,0.0005732619097216229,0.180264413356781,-0.3053355813026428,0.0196670649816042,0.28809088468551636,-0.40790820121765137,-0.0055032491441124876,0.3527219891548157,-0.32119232416152954,-0.028648648200487514,0.36529308557510376,-0.2097826600074768,-0.03845127464637699,0.16601818799972534,-0.3028827905654907,-0.031305951787089725,0.27034568786621094,-0.4350116550922394,-0.046499294949626346,0.3398863673210144,-0.3579830676317215,-0.05546534971699657,0.3657410740852356,-0.26285648345947266,-0.05812633947834911,0.16240054368972778,-0.26255807280540466,-0.08059397505030574,0.24251538515090942,-0.3643418103456497,-0.0883295701573843,0.29808300733566284,-0.34823083877563477,-0.08621354566321315,0.3274145722389221,-0.30545371770858765,-0.08264030681357326
C,0.0,0.0,0.0,0.09538730978965759,-0.06639593839645386,-0.008885074527398729,0.1650077998638153,-0.18458610773086548,-0.02474396501614251,0.22113236784934998,-0.2581576406955719,-0.04870132368935742,0.2545642554759979,-0.35417142510414124,-0.07262637850774922,0.08397027850151062,-0.43794161081314087,-0.010408581355051183,0.07299023866653442,-0.6275383234024048,-0.052702702702418947,0.1278248131275177,-0.6384778618812561,-0.08457427111400762,0.16966497898101807,-0.578805074095726,-0.09908749547733464,0.050141841173172,-0.441739559173584,-0.0321283974958817,0.03487178683280945,-0.6651340126991272,-0.07524487015737691,0.10706982016563416,-0.6773343086242676,-0.10986332979931035,0.1534057855606079,-0.5929627567529678,-0.12666371849311986,0.017096668481826782,-0.4200184643268585,-0.05750309315456548,0.0022280216217041016,-0.6326089203357697,-0.09269062814249196,0.07749578356742859,-0.653830885887146,-0.11578207102550664,0.13125932216644287,-0.5882536768913269,-0.12435018655790486,-0.011570155620574951,-0.36795318126678467,-0.08437559393181004,-0.011306777596473694,-0.5310156643390656,-0.11527990189327397,0.04436570405960083,-0.5876212418079376,-0.13187660661472478,0.09445163607597351,-0.5702938735485077,-0.13755952206386723
C,0.0,0.0,0.0,0.09197956323623657,-0.030531644821166992,-0.01808853631484908,0.16434378921985626,-0.09516537189483643,-0.0401101857202093,0.21879461407661438,-0.12801069021224976,-0.06707015631366176,0.2586149126291275,-0.18240255117416382,-0.09444928912091655,0.13162940740585327,-0.35364532470703125,-0.02711815571058196,0.1556350290775299,-0.5212289839982986,-0.07255841789412898,0.20540061593055725,-0.5172747820615768,-0.10695996133256358,0.24397990107536316,-0.4635055363178253,-0.12520257381368083,0.09127147495746613,-0.36794736981391907,-0.04299994555879039,0.10718066990375519,-0.5672548115253448,-0.08727212248015803,0.17297008633613586,-0.5519792139530182,-0.11928505448270244,0.21723507344722748,-0.4716997444629669,-0.1373016312496702,0.050135478377342224,-0.35595226287841797,-0.06302724031377238,0.06213764101266861,-0.536174014210701,-0.10227673498559398,0.1322290301322937,-0.5192207396030426,-0.12450040129590434,0.1827358603477478,-0.4475930780172348,-0.13458814469743174,0.009223505854606628,-0.3166082203388214,-0.08495834467578334,0.02815738320350647,-0.4445686340332031,-0.11770119515824717,0.08607879281044006,-0.4594220668077469,-0.13358878342080516,0.1368355229496956,-0.4287470877170563,-0.14090543238091868
C,0.0,0.0,0.0,0.10820285975933075,0.03366124629974365,0.009694134095582285,0.20386053621768951,0.004667818546295166,-0.005461824381825409,0.26783306896686554,0.010931134223937988,-0.02991510068449088,0.3227902799844742,0.03475499153137207,-0.05615356636616298,0.19634445011615753,-0.24256694316864014,-0.020698877772417745,0.28938163816928864,-0.3171810507774353,-0.06512958255979129,0.3484889417886734,-0.25422558188438416,-0.10064471212598392,0.3803296834230423,-0.1684296429157257,-0.122564834332195,0.16956792771816254,-0.24963480234146118,-0.053120122080770216,0.29224951565265656,-0.3403903692960739,-0.10485379097434588,0.3517015725374222,-0.2464243471622467,-0.14520082322331973,0.37193675339221954,-0.1457931399345398,-0.1676056131479413,0.14129485189914703,-0.2288825511932373,-0.08462211934300967,0.24333412945270538,-0.31387433409690857,-0.12385587838861056,0.3118063360452652,-0.22502964735031128,-0.15084478703710147,0.34142686426639557,-0.1286373734474182,-0.16537818757268496,0.11279882490634918,-0.1753283143043518,-0.11500745711299487,0.19245560467243195,-0.23024263978004456,-0.14156625119420596,0.25795091688632965,-0.19777441024780273,-0.15628739145967074,0.3004234582185745,-0.14671990275382996,-0.16589659897061892
C,0.0,0.0,0.0,0.05573900043964386,-0.16389873623847961,0.0452371297326124,0.12068085372447968,-0.2753884792327881,0.039869615986589224,0.1750238686800003,-0.31653541326522827,0.022051876589301855,0.2346886545419693,-0.31879156827926636,0.003635232748109729,0.1376713365316391,-0.34294891357421875,-0.03228395973181364,0.26868201792240143,-0.4645490497350693,-0.07292728666996595,0.33872272074222565,-0.4154217690229416,-0.08346985076403257,0.363480344414711,-0.3425074815750122,-0.07982807402348158,0.14524032175540924,-0.2975563704967499,-0.07380513642763731,0.2903852313756943,-0.42874574661254883,-0.11451426689362165,0.3628663569688797,-0.3575771152973175,-0.11510272865032789,0.37825997173786163,-0.2673706114292145,-0.10358866100048658,0.15457655489444733,-0.20817506313323975,-0.10977259819244978,0.28800059854984283,-0.33516520261764526,-0.13841757719254133,0.35611118376255035,-0.27975133061408997,-0.12415344063973066,0.3785545974969864,-0.207413911819458,-0.104664956972357,0.16892774403095245,-0.08504855632781982,-0.14123510365223524,0.27224521338939667,-0.17698627710342407,-0.15909441356396314,0.3334942013025284,-0.1763157844543457,-0.1467988545153105,0.36705000698566437,-0.15183502435684204,-0.12928306107258436
C,0.0,0.0,0.0,0.102678582072258,0.033012449741363525,0.011413623533911732,0.18699724972248077,0.013647019863128662,0.002834220837570456,0.24667857587337494,0.016567528247833252,-0.018066886857383224,0.3047669380903244,0.011281132698059082,-0.04029190172278163,0.2097036987543106,-0.22885069251060486,0.022039841815598038,0.27111075818538666,-0.34840287268161774,-0.007546619091414186,0.3178431838750839,-0.30653178691864014,-0.03435882930480716,0.33830849826335907,-0.236318439245224,-0.04979590703570125,0.18709667026996613,-0.25680607557296753,-0.009886801287763092,0.2534085363149643,-0.40887656807899475,-0.041522380009524795,0.3081931322813034,-0.3460673540830612,-0.07039681081496951,0.32177720963954926,-0.2512354850769043,-0.08648522202693698,0.15709640085697174,-0.2668244242668152,-0.0450742766710448,0.22418217360973358,-0.41524624824523926,-0.07258229707204578,0.28131888806819916,-0.3553168773651123,-0.08918256317102191,0.3030947297811508,-0.26461246609687805,-0.09659391646110294,0.12173981964588165,-0.2517813444137573,-0.08079362665139911,0.17991037666797638,-0.35226257145404816,-0.10588064049207446,0.23585839569568634,-0.34410953521728516,-0.11703123901807544,0.2682606428861618,-0.3020871579647064,-0.12158206109725711
C,0.0,0.0,0.0,0.10540381073951721,0.042868077754974365,-0.004846821459636885,0.1872870922088623,0.04996514320373535,-0.028561447667584616,0.24525940418243408,0.06490117311477661,-0.061914236205325324,0.3075094223022461,0.040156662464141846,-0.09760268490265389,0.22437453269958496,-0.19300484657287598,-0.016144645320878226,0.2966024875640869,-0.30757030844688416,-0.061174084352956015,0.333035409450531,-0.2566157579421997,-0.09765153090904732,0.3443700075149536,-0.18839126825332642,-0.12002408217142602,0.19898778200149536,-0.2366076409816742,-0.04552555914472123,0.27963483333587646,-0.39679792523384094,-0.09472023408363839,0.32835590839385986,-0.3189375698566437,-0.13732438247154732,0.3410240411758423,-0.21912580728530884,-0.16411711733292123,0.16054755449295044,-0.25998300313949585,-0.07802433978270074,0.2357754111289978,-0.42266198992729187,-0.11848801832150002,0.2931761145591736,-0.3467433452606201,-0.1504680858130314,0.3183724284172058,-0.24478307366371155,-0.17007787983368416,0.11392343044281006,-0.25553104281425476,-0.11126851748178979,0.1723201870918274,-0.3632550537586212,-0.14657775025318642,0.23096805810928345,-0.33412863314151764,-0.1708174691672184,0.2702268362045288,-0.2720036506652832,-0.18708023886631509
C,0.0,0.0,0.0,0.0953131914138794,0.015805840492248535,-0.017256245632495393,0.18675494194030762,-0.028191566467285156,-0.031241592635240067,0.2480984926223755,-0.07264703512191772,-0.04971555495711755,0.3053375482559204,-0.13144493103027344,-0.06892924631091546,0.2100391387939453,-0.2530977427959442,-0.004993566461678256,0.27326446771621704,-0.35826511681079865,-0.04056487852784585,0.3219592571258545,-0.3539285808801651,-0.07097256803962182,0.36258047819137573,-0.3269602432847023,-0.08992410326453637,0.1828407645225525,-0.287214457988739,-0.01907553957852315,0.2551327347755432,-0.3953981548547745,-0.05400280529710244,0.3086422085762024,-0.37690114974975586,-0.08397814506741952,0.34833580255508423,-0.3261411413550377,-0.10300376141520928,0.14625334739685059,-0.30106160044670105,-0.03851867342444848,0.21340340375900269,-0.40861012041568756,-0.07170215869399499,0.2704097628593445,-0.3830857127904892,-0.09127355987283181,0.3137763738632202,-0.3217029571533203,-0.10175423199387978,0.09961611032485962,-0.29809384047985077,-0.06057464951726388,0.15443283319473267,-0.3915333151817322,-0.09137052917930077,0.20829975605010986,-0.3922083228826523,-0.10572176301928948,0.2536128759384155,-0.3539458364248276,-0.1128429608986039
C,0.0,0.0,0.0,0.11635279655456543,0.028400182723999023,0.02842991515058202,0.20799550414085388,-0.01116400957107544,0.02088115080255193,0.27152684330940247,-0.022862553596496582,-0.0006595292245492601,0.3288678824901581,-0.03947538137435913,-0.022149913990915593,0.20379337668418884,-0.2539241313934326,0.006614288734226648,0.28910431265830994,-0.3671635389328003,-0.02713557430547553,0.34775373339653015,-0.28406795859336853,-0.051769957924307164,0.36687180399894714,-0.18731999397277832,-0.06505782254976111,0.17924734950065613,-0.27260667085647583,-0.03375621610325652,0.28855714201927185,-0.40404899418354034,-0.0680856416468032,0.3571425974369049,-0.3084258437156677,-0.09146764972251731,0.37146273255348206,-0.20932984352111816,-0.10442061075013953,0.15363723039627075,-0.26024073362350464,-0.07391536333602744,0.25830093026161194,-0.37843775749206543,-0.10177112468522864,0.331458181142807,-0.28504979610443115,-0.11241443553012687,0.3568563163280487,-0.192789226770401,-0.11785845556300956,0.13226407766342163,-0.20674818754196167,-0.1122433552984603,0.22129222750663757,-0.266078382730484,-0.1342905918602355,0.28173568844795227,-0.21336883306503296,-0.13740626075309592,0.3074403703212738,-0.152150958776474,-0.13789156177085715
C,0.0,0.0,0.0,0.13973000645637512,-0.006927549839019775,0.04253884418733378,0.21511352062225342,-0.0832703709602356,0.03728075339324732,0.27055150270462036,-0.11414611339569092,0.014853608001544671,0.3257313370704651,-0.12186312675476074,-0.008421442333087725,0.16312772035598755,-0.34518463909626007,0.006442152567728954,0.2803115248680115,-0.45361092686653137,-0.03758513541094999,0.3517336845397949,-0.36661411821842194,-0.07495624558202962,0.3863186836242676,-0.2711407244205475,-0.0984356998013709,0.14572027325630188,-0.3319239318370819,-0.043548036228344245,0.3094969391822815,-0.44756175577640533,-0.09274165318481664,0.38112568855285645,-0.3335537314414978,-0.1270195393370841,0.3948390483856201,-0.2313486933708191,-0.14516790197365026,0.14076590538024902,-0.27363404631614685,-0.09056588993541936,0.28294050693511963,-0.40110430121421814,-0.12179427580110769,0.3560863137245178,-0.307657390832901,-0.13040186450950841,0.3754270672798157,-0.21966323256492615,-0.13357992456428747,0.1465488076210022,-0.18214824795722961,-0.13520054505340795,0.24028265476226807,-0.2660946547985077,-0.15262339995376806,0.3009333610534668,-0.25130072236061096,-0.1516312359379981,0.33156514167785645,-0.2214527428150177,-0.15036261067859868
C,0.0,0.0,0.0,0.11312587559223175,-0.0025096535682678223,0.010062898933739461,0.19945921003818512,-0.05807095766067505,-0.0034385153969367366,0.2587624043226242,-0.09259927272796631,-0.02818528985991975,0.3145960122346878,-0.13094505667686462,-0.054401983082442484,0.19243831932544708,-0.3021436631679535,-0.0096830982194831,0.2492312639951706,-0.46347516775131226,-0.05104775032415887,0.30470840632915497,-0.4243915528059006,-0.08196088349833985,0.34073306620121,-0.35963600873947144,-0.10096144354358216,0.16051845252513885,-0.3161272406578064,-0.04315666160002252,0.2278377264738083,-0.4969564378261566,-0.08828087574258348,0.2974011152982712,-0.4258594214916229,-0.12149184620395204,0.3316277712583542,-0.33497685194015503,-0.14148260331168672,0.12552742660045624,-0.30376946926116943,-0.07808855599179765,0.18732662498950958,-0.4693562984466553,-0.1189488065840294,0.2633669823408127,-0.39345385134220123,-0.14051155424132844,0.30685169994831085,-0.3005366325378418,-0.15162411010280152,0.09050743281841278,-0.26007044315338135,-0.11244174516215821,0.1503225415945053,-0.3605523109436035,-0.14766411161437532,0.2168116718530655,-0.3359438180923462,-0.16436178660407563,0.263122096657753,-0.28898054361343384,-0.17401142096534272
C,0.0,0.0,0.0,0.08696062862873077,-0.005963265895843506,-0.02353399630334252,0.17116031050682068,-0.05537283420562744,-0.05073545697774762,0.2299163043498993,-0.0786125659942627,-0.081171946708821,0.2705903649330139,-0.14670595526695251,-0.1130952705785262,0.15538392961025238,-0.3077630400657654,-0.0555318501934039,0.20445585250854492,-0.46233317255973816,-0.10432646620716923,0.25149980187416077,-0.4403882473707199,-0.13823360401835316,0.283235639333725,-0.38467128574848175,-0.15737644035067433,0.11010859906673431,-0.3313918113708496,-0.07243065733160847,0.14753781259059906,-0.5333629846572876,-0.12303012061562413,0.20555564761161804,-0.4751758575439453,-0.1560630371018874,0.23793411254882812,-0.3845760226249695,-0.1752091963931548,0.05943015217781067,-0.3236332833766937,-0.09169377583708638,0.09219244122505188,-0.5262267887592316,-0.13985181051936024,0.15295597910881042,-0.4597291350364685,-0.16167380112852925,0.18642091751098633,-0.3669433295726776,-0.1709614564820754,0.007933050394058228,-0.28442686796188354,-0.11234063852276677,0.053462401032447815,-0.4114636331796646,-0.15631379384245747,0.10967952013015747,-0.3810915946960449,-0.17453579801764363,0.14532163739204407,-0.32222357392311096,-0.1828768720075118
C,0.0,0.0,0.0,0.10864600539207458,0.013174891471862793,0.0076710803980688524,0.19678804278373718,-0.020895004272460938,-0.007752020043625407,0.2635224163532257,-0.02537691593170166,-0.034901379273577504,0.3286114037036896,-0.026772618293762207,-0.06357452891890603,0.197444885969162,-0.264750599861145,0.0020016854244033766,0.24876806139945984,-0.42381545901298523,-0.034239749090119176,0.29899659752845764,-0.3899479806423187,-0.0634861724836071,0.3281858265399933,-0.3256838321685791,-0.08119737230364876,0.16920548677444458,-0.2818235158920288,-0.030796843246861272,0.22795474529266357,-0.4644961655139923,-0.06831074379508095,0.28998836874961853,-0.4056222587823868,-0.09779453896109658,0.3144155442714691,-0.3179072141647339,-0.11511478446547585,0.13543656468391418,-0.2770833373069763,-0.06649678819005089,0.19214820861816406,-0.44360408186912537,-0.09906911723439293,0.2597895562648773,-0.38453294336795807,-0.11706000439946251,0.2949715554714203,-0.29874008893966675,-0.1260879176122387,0.09959086775779724,-0.24476557970046997,-0.10262528680388527,0.14941486716270447,-0.35652197897434235,-0.13031694166485863,0.20861461758613586,-0.3459842801094055,-0.14266994468991356,0.24741879105567932,-0.3061290383338928,-0.14905011527363854
C,0.0,0.0,0.0,0.1261313259601593,0.028255939483642578,0.032160967189454936,0.219872385263443,0.005916237831115723,0.02948996571042528,0.28807368874549866,0.013708174228668213,0.00980627496876707,0.35306063294410706,0.012351393699645996,-0.011474591147518254,0.21481159329414368,-0.26288244128227234,0.04297167022862425,0.2869669497013092,-0.36817893385887146,0.014513577866935634,0.340205579996109,-0.3137963116168976,-0.014066818569219208,0.3618408739566803,-0.2362053394317627,-0.030758135419702626,0.19230476021766663,-0.2937999665737152,0.0005195138595155413,0.2880747616291046,-0.42958980798721313,-0.0326522182937623,0.34871384501457214,-0.344391867518425,-0.06309952999315271,0.35875579714775085,-0.2385941445827484,-0.07925724650583277,0.16771253943443298,-0.29641640186309814,-0.04399592841825495,0.26232823729515076,-0.4437499940395355,-0.07044337357244501,0.32971033453941345,-0.3600793182849884,-0.08778830285034189,0.3530445396900177,-0.2556006908416748,-0.09584139699897776,0.14655300974845886,-0.2638510465621948,-0.0873072710152627,0.22651407122612,-0.3629350960254669,-0.1077860262509347,0.2904241979122162,-0.3338235020637512,-0.11605085844955454,0.3257039487361908,-0.27764075994491577,-0.11961524600944529
C,0.0,0.0,0.0,0.1268661916255951,0.03098738193511963,0.03622712845836418,0.21486297249794006,-0.007674098014831543,0.03241053129468696,0.2773681581020355,-0.011600852012634277,0.010981148098750282,0.33868375420570374,-0.010151267051696777,-0.012144126008109879,0.1892956793308258,-0.2827626168727875,0.032094645303828884,0.28936097025871277,-0.37570667266845703,-0.002346357573600244,0.34643641114234924,-0.2996731102466583,-0.035503123896972966,0.36172327399253845,-0.21333712339401245,-0.055103016096012425,0.17167845368385315,-0.28974127769470215,-0.01330305357541306,0.29795733094215393,-0.3861847519874573,-0.04549535085524781,0.3607847988605499,-0.29277509450912476,-0.07365451474751694,0.3704540431499481,-0.20047971606254578,-0.09093450476493103,0.1598282754421234,-0.26208025217056274,-0.059570741849796605,0.2843479812145233,-0.36011719703674316,-0.08315657545890076,0.348783940076828,-0.2741102874279022,-0.09319399018849595,0.36400774121284485,-0.1915770173072815,-0.09878866841162903,0.15523895621299744,-0.19667071104049683,-0.10447317083443863,0.2520656883716583,-0.26540493965148926,-0.11890036334361298,0.3096676170825958,-0.23202067613601685,-0.11823466886843903,0.3320285975933075,-0.18763670325279236,-0.11750673969353898
C,0.0,0.0,0.0,0.1326533854007721,0.026832997798919678,0.02131451424307329,0.2238457202911377,-0.009961068630218506,0.008061495983071154,0.28598296642303467,-0.0056629180908203125,-0.019165875948004896,0.3355625867843628,-0.004618525505065918,-0.046486469543509656,0.18551194667816162,-0.27123141288757324,0.001528269635542756,0.28777992725372314,-0.366740882396698,-0.043721849656634504,0.34457260370254517,-0.2837944030761719,-0.08302672449403303,0.3697437644004822,-0.1874619722366333,-0.10800891611629027,0.1599607765674591,-0.27618151903152466,-0.03874999154263037,0.29638075828552246,-0.3849108815193176,-0.09345972780042189,0.35469329357147217,-0.2705678939819336,-0.13709506634526747,0.36879241466522217,-0.16400271654129028,-0.16116401795201796,0.1425536572933197,-0.24626868963241577,-0.0787749463682701,0.26556068658828735,-0.3492281436920166,-0.11844595018678206,0.3329126238822937,-0.24885642528533936,-0.14310853425317305,0.35676467418670654,-0.15476298332214355,-0.1555716866617729,0.13117718696594238,-0.1806703805923462,-0.11780598256640928,0.2205849289894104,-0.22926294803619385,-0.14174245539956587,0.28203195333480835,-0.20567643642425537,-0.15472869817071455,0.3170663118362427,-0.17564892768859863,-0.16400514785104292
C,0.0,0.0,0.0,0.11677730083465576,0.03924524784088135,0.028072522682620615,0.20664089918136597,0.012224555015563965,0.025376118449045748,0.26892441511154175,0.01471942663192749,0.007443303437455029,0.3213602900505066,0.001447916030883789,-0.011439276198373705,0.2070164680480957,-0.23887768387794495,0.029860837114526362,0.28369295597076416,-0.3378151059150696,0.0015111014568418568,0.3359827995300293,-0.2828664779663086,-0.025339972498343855,0.3577541708946228,-0.21121466159820557,-0.04207132597498742,0.18345117568969727,-0.2618934214115143,-0.009746157834754854,0.2762431502342224,-0.3780801296234131,-0.04027205918960419,0.3356495499610901,-0.3083723783493042,-0.06660122637681809,0.352294921875,-0.22250229120254517,-0.08235789303712693,0.15748333930969238,-0.25549453496932983,-0.051291441815422445,0.2566177248954773,-0.376163974404335,-0.07616138671569672,0.31441575288772583,-0.30450525879859924,-0.0886685571544632,0.33800220489501953,-0.2250877320766449,-0.09556765322618332,0.13594049215316772,-0.20997554063796997,-0.0919709972017273,0.21076196432113647,-0.2816402316093445,-0.11327193890743104,0.26423180103302,-0.29439231753349304,-0.12189075564079133,0.2940686345100403,-0.2936375141143799,-0.12713244025640336
C,0.0,0.0,0.0,0.10860806703567505,0.0767291784286499,0.0354754357944671,0.18808883428573608,0.07473981380462646,0.0466647438119594,0.24925845861434937,0.08361363410949707,0.03828833544361032,0.31374597549438477,0.06592440605163574,0.027529529423588883,0.21893984079360962,-0.16386926174163818,0.10493837961661256,0.28933393955230713,-0.2003394365310669,0.09966264584767259,0.341278076171875,-0.15336933732032776,0.07840503671872057,0.36623162031173706,-0.097144216299057,0.06331380376326479,0.21514278650283813,-0.20424532890319824,0.06698641100632585,0.29849690198898315,-0.27544669806957245,0.05858831399785913,0.35657942295074463,-0.21811175346374512,0.030826970131272446,0.3715829849243164,-0.13034775853157043,0.01267687337207235,0.20322352647781372,-0.23235724866390228,0.02373724536704458,0.2923169732093811,-0.3154832720756531,0.015053582505458962,0.3477413058280945,-0.24217557907104492,0.0005301397290509158,0.36481374502182007,-0.1485140174627304,-0.007868664211457599,0.1869741678237915,-0.23097528517246246,-0.019576630427366126,0.2677094340324402,-0.2881813794374466,-0.028403089254027236,0.3183823227882385,-0.23751004040241241,-0.030740347563153136,0.33979272842407227,-0.16032126545906067,-0.03047648152602278
C,0.0,0.0,0.0,0.08465763926506042,0.002118825912475586,-0.004789082780433773,0.17239296436309814,-0.055058300495147705,-0.02468450691546309,0.236393541097641,-0.08170253038406372,-0.05206981066609728,0.29266417026519775,-0.10504120588302612,-0.08025986466552126,0.16497761011123657,-0.2905453145503998,-0.026681815721047997,0.21734389662742615,-0.4682063013315201,-0.06666435811663973,0.2729184031486511,-0.44079986214637756,-0.0952104977145325,0.3076624870300293,-0.38334403932094574,-0.11209315571929324,0.13412967324256897,-0.30479055643081665,-0.050849439091933846,0.1925237774848938,-0.5048392117023468,-0.09157656643535006,0.25726157426834106,-0.45313334465026855,-0.11876938257361758,0.2868714928627014,-0.37366217374801636,-0.1348443231358658,0.10017412900924683,-0.2994144558906555,-0.0770498639717232,0.15555644035339355,-0.47652867436408997,-0.11388461057092059,0.22734540700912476,-0.4226798862218857,-0.13099782679225314,0.2663036584854126,-0.34378427267074585,-0.13909079644824374,0.06359022855758667,-0.26762163639068604,-0.10389071468259203,0.12188243865966797,-0.3731628954410553,-0.1370144537463318,0.18775659799575806,-0.35481709241867065,-0.15114208076144564,0.23057660460472107,-0.3103589415550232,-0.15824440632010806
C,0.0,0.0,0.0,0.10339725017547607,-0.035933852195739746,-0.01624324270346733,0.1904579997062683,-0.0984387993812561,-0.04185935393729778,0.25372469425201416,-0.13467979431152344,-0.07189483851948353,0.30707597732543945,-0.18548867106437683,-0.1019292911962566,0.1655348241329193,-0.3407549560070038,-0.04040279895821186,0.20404469966888428,-0.5163586139678955,-0.09070798666039082,0.2561306059360504,-0.4944992810487747,-0.12636074335136982,0.2928597629070282,-0.4338481277227402,-0.14586725742378803,0.12225523591041565,-0.35353684425354004,-0.06043466836968037,0.16406530141830444,-0.5590048432350159,-0.11058960766354176,0.23153835535049438,-0.5133554339408875,-0.14293630332508656,0.27123942971229553,-0.431429460644722,-0.1609660378173885,0.0766163170337677,-0.33902379870414734,-0.08335705012837025,0.11215522885322571,-0.5371261835098267,-0.1286925068573055,0.18246915936470032,-0.4902292340993881,-0.148890494413763,0.22835654020309448,-0.41423675417900085,-0.15743377716103168,0.031346529722213745,-0.294636607170105,-0.10754506201305958,0.0708475410938263,-0.4187164157629013,-0.1445637783483562,0.12731224298477173,-0.4056133031845093,-0.15802195579567524,0.1686861515045166,-0.3629741668701172,-0.16346137136974903
C,0.0,0.0,0.0,0.06983683258295059,-0.006028354167938232,-0.039738121941411464,0.13173042237758636,-0.05253016948699951,-0.07461293370994326,0.18158486485481262,-0.0820467472076416,-0.1097308206704497,0.21966175734996796,-0.14336919784545898,-0.14552538426192996,0.1223222017288208,-0.29312196373939514,-0.05941230015429255,0.13880173861980438,-0.45881932973861694,-0.1129969391373038,0.16841614246368408,-0.448141485452652,-0.1549588176754355,0.18322907388210297,-0.3792486786842346,-0.17774464519294497,0.0761912614107132,-0.3099093437194824,-0.06476629109653231,0.08383194357156754,-0.5005199015140533,-0.11906200976642367,0.12182260304689407,-0.4534418433904648,-0.16427171559604403,0.14129213988780975,-0.36756041646003723,-0.19101548524173495,0.029223687946796417,-0.3013709485530853,-0.07352675826820132,0.024214133620262146,-0.45760442316532135,-0.11580035419734713,0.06554509699344635,-0.42503833770751953,-0.14865975411208865,0.09004097431898117,-0.3473208546638489,-0.167294952586019,-0.019954800605773926,-0.2674909234046936,-0.08501655192645785,-0.01882438361644745,-0.3678230941295624,-0.11644839824708697,0.02116210013628006,-0.3633314371109009,-0.13772532673152682,0.05371016263961792,-0.32372400164604187,-0.15133492977889773
C,0.0,0.0,0.0,0.07133455947041512,0.016127586364746094,-0.036552421355281695,0.14830154180526733,-0.027861446142196655,-0.05312383880618654,0.20588019490242004,-0.09315243363380432,-0.06827609574202143,0.22701497375965118,-0.19104404747486115,-0.08152034466866098,0.13128390163183212,-0.28406277298927307,0.009536102807487623,0.16193725168704987,-0.4135950356721878,-0.0029909979343756277,0.1833372488617897,-0.46852466464042664,-0.022049622216854914,0.19545462727546692,-0.488084614276886,-0.033877025896345,0.09235244803130627,-0.32185014337301254,0.01599908100661196,0.11989374086260796,-0.4528042674064636,0.009331850728358404,0.14002777636051178,-0.50660640001297,-0.011560005673800333,0.14993073046207428,-0.5152258574962616,-0.026966238001023157,0.04965284466743469,-0.3342815339565277,0.015998540839518682,0.07039906457066536,-0.45273545384407043,0.011348212531174795,0.09110604226589203,-0.4987695813179016,0.0009514841226518911,0.1034061536192894,-0.5036943852901459,-0.007111320810054167,0.007198601961135864,-0.31960103660821915,0.011267901791597978,0.023898020386695862,-0.4135855436325073,0.007651246080513374,0.03917606174945831,-0.4607711434364319,0.005517612139101402,0.05093717575073242,-0.4792049825191498,0.004547614066268579
C,0.0,0.0,0.0,0.090892493724823,-0.029964566230773926,-0.012078448374495565,0.16708561778068542,-0.09933215379714966,-0.037185054448173105,0.22073376178741455,-0.1283184289932251,-0.06765535863928562,0.27117958664894104,-0.15368133783340454,-0.10010789724879032,0.14112399518489838,-0.31128057837486267,-0.04868271219424969,0.1752835512161255,-0.4736992120742798,-0.09876297059349781,0.22805964946746826,-0.44641822576522827,-0.136206593540237,0.26098769903182983,-0.3829463720321655,-0.15891840699009663,0.09981867671012878,-0.306477814912796,-0.07290109637074238,0.13553491234779358,-0.5122795104980469,-0.13225033524327046,0.19779250025749207,-0.4342048168182373,-0.17549518885903126,0.22927173972129822,-0.3394080102443695,-0.20018776896290547,0.05853790044784546,-0.2801241874694824,-0.09745441022209889,0.08460462093353271,-0.4711138904094696,-0.148328375247047,0.15494073927402496,-0.40045860409736633,-0.17813013139061695,0.19269761443138123,-0.3140622079372406,-0.19279333594136006,0.016333594918251038,-0.23058056831359863,-0.12208421918444401,0.05280369520187378,-0.350843608379364,-0.16175390425019032,0.10937511920928955,-0.32305338978767395,-0.18081542494587666,0.14563162624835968,-0.27283114194869995,-0.19182940962605244
C,0.0,0.0,0.0,0.10005101561546326,-0.03626370429992676,-0.005203138185322587,0.18228186666965485,-0.09821856021881104,-0.02797881894338161,0.2362777441740036,-0.12180125713348389,-0.058063134630799595,0.2862623482942581,-0.1472477912902832,-0.08937290318834812,0.16198386251926422,-0.2978152632713318,-0.0404847637616399,0.2121788114309311,-0.4461640417575836,-0.08716563888418705,0.2597959488630295,-0.39788520336151123,-0.12031114854443103,0.2852219492197037,-0.319782018661499,-0.14066845186579258,0.12069353461265564,-0.2980729937553406,-0.06841361530649692,0.16865086555480957,-0.4874217212200165,-0.12148532279360325,0.22845689952373505,-0.4083392024040222,-0.16136460014212162,0.2584385424852371,-0.31965017318725586,-0.18624509878981144,0.07796339690685272,-0.27228593826293945,-0.09640686221945316,0.11628307402133942,-0.4497227668762207,-0.1439022869669202,0.1839795559644699,-0.3698849678039551,-0.16978478439676792,0.2197561413049698,-0.2810627818107605,-0.1838498116337064,0.03733750432729721,-0.2197209596633911,-0.12421465673077137,0.08003337681293488,-0.31716883182525635,-0.16340611883032352,0.13957397639751434,-0.28031015396118164,-0.18142309792864353,0.17962618172168732,-0.22960489988327026,-0.19270347066748172
C,0.0,0.0,0.0,0.102479487657547,-0.02500748634338379,0.006852015877768736,0.1934587061405182,-0.08528023958206177,-0.009754479372247715,0.2570790648460388,-0.11248695850372314,-0.03674535963062908,0.3175337314605713,-0.12635326385498047,-0.06418703633670475,0.166251540184021,-0.3069871962070465,-0.00795297275607254,0.20926794409751892,-0.4852231442928314,-0.04550162467484142,0.26927608251571655,-0.45678114891052246,-0.07469710844878819,0.3055419921875,-0.39290034770965576,-0.09146154809121754,0.13340523838996887,-0.31106656789779663,-0.03819890084986355,0.18322795629501343,-0.5109685659408569,-0.07655631888036396,0.2543448805809021,-0.4677858352661133,-0.1051705716860738,0.2867489755153656,-0.3896522521972656,-0.12243560838822987,0.10061395168304443,-0.29827865958213806,-0.07003811138991978,0.15587130188941956,-0.48298533260822296,-0.10219812530402805,0.231103777885437,-0.4315144419670105,-0.1188443689358678,0.26821285486221313,-0.3528037667274475,-0.12787060576800968,0.0713442862033844,-0.2576085925102234,-0.10192375767354633,0.13251352310180664,-0.35440436005592346,-0.12838117915515568,0.1951686441898346,-0.322124719619751,-0.1362713887107816,0.22871214151382446,-0.26600128412246704,-0.1396491243255582
C,0.0,0.0,0.0,0.1381605565547943,-0.0016150474548339844,0.033164859305969685,0.23189720511436462,-0.054228901863098145,0.023344522830001324,0.29927536845207214,-0.06608259677886963,-0.0026232290324799123,0.3578720986843109,-0.0773572325706482,-0.030604963634260685,0.194370299577713,-0.2989332675933838,0.007491493619880885,0.2797316014766693,-0.40892279148101807,-0.03244272198165277,0.34403637051582336,-0.3508731424808502,-0.06503521974767068,0.37534233927726746,-0.2753080427646637,-0.08587446387494424,0.1643458902835846,-0.3079255223274231,-0.039440214146026165,0.27705660462379456,-0.4363996982574463,-0.08359751429046014,0.35149911046028137,-0.3566281497478485,-0.1136596086212478,0.37850257754325867,-0.27181991934776306,-0.13095187719548562,0.14004117250442505,-0.2797551155090332,-0.08607586796964029,0.24984624981880188,-0.4061357378959656,-0.12221757646287301,0.3282712399959564,-0.3276015818119049,-0.13532533820355752,0.3638180196285248,-0.25005802512168884,-0.14178505118573526,0.12520188093185425,-0.20994925498962402,-0.13071547027314523,0.21347442269325256,-0.2736470401287079,-0.15952373619759896,0.27572867274284363,-0.25294244289398193,-0.1676066773721061,0.3106063902378082,-0.22480028867721558,-0.17210167225087503
C,0.0,0.0,0.0,0.12614810466766357,0.03524219989776611,0.027217032437818034,0.2188153862953186,0.006451249122619629,0.021560275977151377,0.28835660219192505,0.004318296909332275,-0.00022740814262078857,0.35171836614608765,-0.014660894870758057,-0.02152291866610767,0.19853562116622925,-0.26184630393981934,0.038217984189884646,0.28776443004608154,-0.3379864990711212,0.006926685621635897,0.35176390409469604,-0.27306196093559265,-0.022547189096314924,0.3841201066970825,-0.1913014054298401,-0.03976285825143577,0.18145722150802612,-0.2856180965900421,-0.00041398188574248707,0.29614198207855225,-0.4016174376010895,-0.032972451249463575,0.36871010065078735,-0.32156068086624146,-0.059747844884498136,0.3964006304740906,-0.22084861993789673,-0.07378961140881302,0.16803163290023804,-0.27367550134658813,-0.041671656022174375,0.2812348008155823,-0.38825805485248566,-0.06788787240753891,0.3578617572784424,-0.30774420499801636,-0.08101971442471267,0.3929128050804138,-0.21446558833122253,-0.08643936360846283,0.1639130711555481,-0.22004950046539307,-0.08243468398819687,0.26064246892929077,-0.27405276894569397,-0.10096494103441955,0.32852286100387573,-0.2354067862033844,-0.10632388288746597,0.37078219652175903,-0.1825849413871765,-0.10797476018439056
C,0.0,0.0,0.0,0.1351466178894043,0.02196204662322998,0.049637875469487724,0.22580665349960327,-0.02581930160522461,0.05952402478651386,0.288826048374176,-0.027637779712677002,0.05088999769286495,0.33983325958251953,-0.04906308650970459,0.0414117490370689,0.1901518702507019,-0.29747623205184937,0.05226121372179371,0.29549354314804077,-0.3858935534954071,0.02048424719468933,0.3591773509979248,-0.3116306662559509,-0.01245708954884428,0.37924546003341675,-0.21424123644828796,-0.03109711506767887,0.17668527364730835,-0.30439096689224243,0.005023790938865957,0.31510865688323975,-0.40504616498947144,-0.03101237030132431,0.37842291593551636,-0.30221694707870483,-0.06468646326466221,0.38231319189071655,-0.20033639669418335,-0.08199485489531178,0.1679288148880005,-0.2756931185722351,-0.042119936136442604,0.29091185331344604,-0.3857004940509796,-0.06780231097145695,0.36242562532424927,-0.3008022904396057,-0.08366927602692265,0.37882792949676514,-0.2102389633655548,-0.09037492522402424,0.16812294721603394,-0.2013174295425415,-0.08620096096201557,0.26489561796188354,-0.2812655568122864,-0.10412606695099491,0.3294681906700134,-0.2551959156990051,-0.11020631441279072,0.36045724153518677,-0.21209180355072021,-0.1125336820761742
C,0.0,0.0,0.0,0.13431158661842346,0.007992386817932129,0.029447121559428524,0.21639862656593323,-0.05041700601577759,0.022369777797507595,0.27251484990119934,-0.07489943504333496,0.00016720035557682422,0.32475367188453674,-0.0906682014465332,-0.023678459213329006,0.1834677755832672,-0.289267361164093,-0.0019691379137611875,0.2778129279613495,-0.3760218024253845,-0.043828073875261,0.3304823935031891,-0.30251163244247437,-0.07586164771134918,0.35250553488731384,-0.23249179124832153,-0.09597446023042266,0.15700235962867737,-0.28794199228286743,-0.0448513701420552,0.2783530652523041,-0.38669919967651367,-0.09395321457202499,0.33844247460365295,-0.2853831648826599,-0.12720417229945724,0.35500165820121765,-0.19721221923828125,-0.14547855405623977,0.13845694065093994,-0.24392306804656982,-0.0867011546951062,0.25188931822776794,-0.34498223662376404,-0.12815036623294418,0.31993624567985535,-0.24738740921020508,-0.1473391130429036,0.34476438164711,-0.16401028633117676,-0.15545348076636856,0.12714987993240356,-0.16369199752807617,-0.12600152938182418,0.2197951376438141,-0.2151293158531189,-0.15547572820003097,0.282402366399765,-0.1892397403717041,-0.16722071914489334,0.3176613748073578,-0.1597151756286621,-0.17443447558696334
C,0.0,0.0,0.0,0.14088639616966248,-0.010975956916809082,0.0408783652678153,0.21940487623214722,-0.06970655918121338,0.03778523438126058,0.27481645345687866,-0.08999162912368774,0.016270261709394163,0.32794255018234253,-0.0956258773803711,-0.007283606114981467,0.17788070440292358,-0.29759740829467773,0.017126204897465414,0.2712104320526123,-0.3947020471096039,-0.026955281864104563,0.32506293058395386,-0.304737389087677,-0.06372399024218112,0.3431928753852844,-0.21478116512298584,-0.08616934112757235,0.1573549211025238,-0.29553091526031494,-0.03295294336527377,0.2806629538536072,-0.4087962806224823,-0.0834853886768201,0.33907294273376465,-0.2938501238822937,-0.1219607605740407,0.34864872694015503,-0.19721859693527222,-0.14351304761618167,0.1420794129371643,-0.2538840174674988,-0.08201936028450518,0.25063472986221313,-0.3629230260848999,-0.12248081109970599,0.3156358003616333,-0.2590266466140747,-0.1430513202354291,0.33498185873031616,-0.16915541887283325,-0.15231663874834567,0.13237643241882324,-0.17103201150894165,-0.12800455979555636,0.2212451696395874,-0.22884756326675415,-0.15389012686461,0.28474920988082886,-0.1906546950340271,-0.1631263136073926,0.31866151094436646,-0.1464861035346985,-0.16917597643583804
C,0.0,0.0,0.0,0.13345198333263397,-0.008480072021484375,0.0319927871190373,0.2098720818758011,-0.07147938013076782,0.027934677522665652,0.2628321200609207,-0.08873724937438965,0.009509980302340182,0.3124239593744278,-0.09046173095703125,-0.009887424673848955,0.16795392334461212,-0.29850494861602783,0.004048816017842682,0.2416413575410843,-0.41032183170318604,-0.02883036658536753,0.30362077057361603,-0.37633082270622253,-0.05207192749153933,0.3352373391389847,-0.31901878118515015,-0.06601849422227701,0.142577663064003,-0.291923463344574,-0.03800713867317995,0.24734635651111603,-0.4056733548641205,-0.07625528648864588,0.30869443714618683,-0.3356363773345947,-0.10041216239702067,0.33066876232624054,-0.2671935558319092,-0.11362735405933222,0.12471775710582733,-0.24750417470932007,-0.07875020280849299,0.2240993231534958,-0.347459077835083,-0.1124897621608909,0.29073257744312286,-0.26952093839645386,-0.12495365217696985,0.3163430243730545,-0.19761526584625244,-0.12992491051923594,0.113022580742836,-0.169297456741333,-0.11714738086234888,0.20011328160762787,-0.227861225605011,-0.1411365442014869,0.25827856361866,-0.19541049003601074,-0.146526324007624,0.2892734557390213,-0.15703558921813965,-0.14907656833898386
C,0.0,0.0,0.0,0.10626591742038727,-0.03009772300720215,0.008635491056907085,0.1879304200410843,-0.0947003960609436,-0.004973297548872324,0.24483560025691986,-0.12646698951721191,-0.028116309159827324,0.300597682595253,-0.16453653573989868,-0.049947687500548454,0.17637456953525543,-0.3023938536643982,-0.01278434701396236,0.21468059718608856,-0.48333102464675903,-0.043225050979685875,0.2675818055868149,-0.43770885467529297,-0.05969057332856664,0.2889466732740402,-0.36517801880836487,-0.0664132731793643,0.14282025396823883,-0.3117823004722595,-0.04255419325215826,0.18263868987560272,-0.5197914242744446,-0.07644479449970731,0.24593044817447662,-0.4490971863269806,-0.09690769489986906,0.2607595771551132,-0.3611477315425873,-0.10658509012444028,0.10770884156227112,-0.30021142959594727,-0.07259721037132749,0.1389663964509964,-0.480368971824646,-0.1012074249623538,0.20500381290912628,-0.40572208166122437,-0.10857251759750852,0.22750480473041534,-0.3220963478088379,-0.10930677231533537,0.07152414321899414,-0.2636833190917969,-0.10255451228601942,0.11335800588130951,-0.3701169788837433,-0.12838215109093198,0.16994021832942963,-0.333407461643219,-0.13335371490700254,0.19535188376903534,-0.28104066848754883,-0.1323002624152423
C,0.0,0.0,0.0,0.10069407522678375,-0.010259807109832764,-0.011855434920050811,0.1887201964855194,-0.07575300335884094,-0.0337811301605484,0.25036096572875977,-0.11036235094070435,-0.06119187205598564,0.306759774684906,-0.1530148983001709,-0.08977747737930031,0.17369595170021057,-0.30391961336135864,-0.04085278540418358,0.22727835178375244,-0.4715331494808197,-0.08546178072259636,0.2779053747653961,-0.43519848585128784,-0.11693225830362053,0.3070680499076843,-0.3638238310813904,-0.13538685470388145,0.13372531533241272,-0.31813231110572815,-0.062462941105820846,0.18934670090675354,-0.5162027180194855,-0.11225530534551353,0.2501322627067566,-0.44886910915374756,-0.15017694264219017,0.2807389497756958,-0.3604932874441147,-0.17303328245446892,0.09091636538505554,-0.3067041337490082,-0.08527486055658073,0.1343248337507248,-0.5004299581050873,-0.13030904560849876,0.20193704962730408,-0.4345111548900604,-0.15907946258352013,0.239556223154068,-0.3450922667980194,-0.17457626789376945,0.04657554626464844,-0.2671840786933899,-0.10823354899451942,0.09531182050704956,-0.380838006734848,-0.14628981083200188,0.15436357259750366,-0.36091555655002594,-0.16714675753877373,0.19331640005111694,-0.3144078999757767,-0.17966273456380577
C,0.0,0.0,0.0,0.09738387167453766,-0.0149039626121521,-0.01120129728914776,0.18821392953395844,-0.07447409629821777,-0.03155132791252413,0.2536005526781082,-0.10560750961303711,-0.05750701612086573,0.31072886288166046,-0.1575905978679657,-0.08529413899631777,0.18751545250415802,-0.3136320561170578,-0.030631784705832388,0.24083997309207916,-0.46415089070796967,-0.07509338518829622,0.28714533150196075,-0.435745432972908,-0.1092898290440587,0.3146253079175949,-0.3705826550722122,-0.12921282312126436,0.14989860355854034,-0.3328515291213989,-0.051804472117140676,0.20728813111782074,-0.5061586201190948,-0.09673279186935702,0.2629217058420181,-0.4564555138349533,-0.1321203525945691,0.29081980884075165,-0.3714956194162369,-0.15374463459701815,0.10412155091762543,-0.3256892263889313,-0.07524444570989886,0.15274368226528168,-0.4918140769004822,-0.11439770868273058,0.21453623473644257,-0.44902941584587097,-0.13875007292480745,0.2528022974729538,-0.37266896665096283,-0.15254598519058504,0.053291454911231995,-0.2926226258277893,-0.09955150297136584,0.09886625409126282,-0.4064512401819229,-0.13392483851166048,0.1534167379140854,-0.3964747339487076,-0.15083983203621187,0.19380919635295868,-0.35176804661750793,-0.16028971633167544
C,0.0,0.0,0.0,0.10762420296669006,0.006663590669631958,0.0002700437230487296,0.20554479956626892,-0.03523394465446472,-0.0007568444511889538,0.27403736114501953,-0.056198328733444214,-0.010887185732372018,0.3362690210342407,-0.07026448845863342,-0.02155492796237013,0.2113235592842102,-0.24893905222415924,0.047587015045337466,0.2775834798812866,-0.312832809984684,0.029056594086341647,0.32926690578460693,-0.3105422407388687,0.0030601623780057707,0.372783899307251,-0.29481395334005356,-0.014463786656506272,0.18819761276245117,-0.2791317254304886,0.02967829847102621,0.2609219551086426,-0.3498012274503708,0.0126963195702956,0.31491750478744507,-0.3444569781422615,-0.014063653225548478,0.3591448664665222,-0.3156186491250992,-0.03183153240615866,0.1595790982246399,-0.30130186676979065,0.0059131424254701415,0.23001649975776672,-0.37514807283878326,-0.011305413829632016,0.28442835807800293,-0.3648042678833008,-0.025282004537530156,0.327492356300354,-0.3276076018810272,-0.03263640000159285,0.12510719895362854,-0.30808446556329727,-0.020400738033004018,0.18692713975906372,-0.3743245154619217,-0.03453512086207411,0.23617056012153625,-0.3721233308315277,-0.03737083046371481,0.2768811583518982,-0.34515680372714996,-0.03682288868958494
C,0.0,0.0,0.0,0.10554566979408264,0.007012873888015747,0.004655380186932234,0.19817733764648438,-0.046519845724105835,-0.005556746932370515,0.267767071723938,-0.07222768664360046,-0.025474037590129228,0.3285480737686157,-0.10124847292900085,-0.04628368614862666,0.1940329670906067,-0.28068573772907257,0.007058849943177847,0.25413185358047485,-0.403525173664093,-0.02803126125286326,0.31411677598953247,-0.3832671791315079,-0.05800027175496325,0.3584887385368347,-0.3360486924648285,-0.07690080030511126,0.16858047246932983,-0.30272969603538513,-0.020333574699861856,0.24391496181488037,-0.44439375400543213,-0.0563110276932548,0.31302374601364136,-0.4034348428249359,-0.08531573190043673,0.35390180349349976,-0.3349284678697586,-0.10322831346343264,0.13806575536727905,-0.30227892100811005,-0.05153961254904971,0.2142167091369629,-0.4390774071216583,-0.08719485028336749,0.287855327129364,-0.3847211003303528,-0.10808004959176287,0.33410102128982544,-0.3040546774864197,-0.11873554213593707,0.10532057285308838,-0.27361518144607544,-0.0829734481746982,0.17634159326553345,-0.3561696708202362,-0.11395624800275073,0.24258750677108765,-0.33313409984111786,-0.12868422790120349,0.2891749143600464,-0.28317776322364807,-0.13649276419232592
C,0.0,0.0,0.0,0.08350899815559387,0.001839280128479004,-0.006717834425852942,0.15245753526687622,-0.048439979553222656,-0.026057161194966483,0.211488276720047,-0.07831752300262451,-0.0517465004601938,0.2665451467037201,-0.09157568216323853,-0.07789566162018602,0.16544964909553528,-0.26871317625045776,-0.02655961717455213,0.21556732058525085,-0.39994317293167114,-0.06250430437712495,0.2468869686126709,-0.3699181079864502,-0.08762554618506257,0.2606298327445984,-0.3201664388179779,-0.10265718939690416,0.12728065252304077,-0.28764501214027405,-0.0468830594697458,0.16943711042404175,-0.43700796365737915,-0.08502381834177797,0.21466267108917236,-0.38132837414741516,-0.10690184476761644,0.23140043020248413,-0.304465651512146,-0.11939745190529649,0.08517801761627197,-0.2707236409187317,-0.06888300719647233,0.11604583263397217,-0.387493371963501,-0.10843881758837526,0.16738370060920715,-0.31536394357681274,-0.12104461881308382,0.1928054392337799,-0.23229458928108215,-0.12494562360434358,0.04157958924770355,-0.22325140237808228,-0.0909359211006624,0.07877695560455322,-0.2802909016609192,-0.1245272884049875,0.12870389223098755,-0.2381172776222229,-0.13368470015911882,0.16157305240631104,-0.17978519201278687,-0.13624091985611742
C,0.0,0.0,0.0,0.1142362654209137,-0.03472447395324707,0.014460024507684466,0.19540396332740784,-0.0939176082611084,0.001353601077539679,0.25649896264076233,-0.12059533596038818,-0.02381416494961286,0.31968480348587036,-0.13091009855270386,-0.05106133866127038,0.16988220810890198,-0.29082098603248596,0.0003348893334305103,0.22037208080291748,-0.42530763149261475,-0.03517613085921312,0.27381661534309387,-0.4136561155319214,-0.06329978528435731,0.3121050000190735,-0.3737485408782959,-0.08055980029519105,0.13511922955513,-0.2993239462375641,-0.03313721614892984,0.19289767742156982,-0.4722942113876343,-0.0691046890896132,0.25348106026649475,-0.434572696685791,-0.09500263902361894,0.28653815388679504,-0.372561514377594,-0.11066509309227968,0.09981796145439148,-0.2789191007614136,-0.06781485947783494,0.15613529086112976,-0.43239614367485046,-0.10253373059447313,0.21971780061721802,-0.3651639521121979,-0.11556272479708696,0.25384461879730225,-0.2814822793006897,-0.12069031867201829,0.06861996650695801,-0.2287294864654541,-0.10170297595675493,0.13041475415229797,-0.3110964298248291,-0.13100755485709215,0.18880680203437805,-0.2803457975387573,-0.13912184807475114,0.22588250041007996,-0.23260772228240967,-0.14208320054228807
C,0.0,0.0,0.0,0.11748272180557251,-0.017679035663604736,0.015109373375793211,0.20453113317489624,-0.0767594575881958,-0.0015290186246659232,0.2701696753501892,-0.09745568037033081,-0.030361671812812574,0.33108192682266235,-0.09780234098434448,-0.0588701114728849,0.14842632412910461,-0.327481210231781,-0.00540520006043721,0.22259092330932617,-0.4681778997182846,-0.04284267208723236,0.2903274893760681,-0.4102078974246979,-0.07282868481425453,0.3267207145690918,-0.3362032175064087,-0.09163296676425148,0.1212596595287323,-0.32743141055107117,-0.040077959068099744,0.22247344255447388,-0.4747028946876526,-0.07542448944596458,0.2998037338256836,-0.39965230226516724,-0.09927818632868934,0.32964569330215454,-0.3196116089820862,-0.11438119865206886,0.10416308045387268,-0.29591473937034607,-0.07527713931349922,0.20366251468658447,-0.43342626094818115,-0.10403630591181923,0.2828320264816284,-0.361846387386322,-0.11137428588418175,0.3178545832633972,-0.2841787338256836,-0.11524318612364937,0.09959301352500916,-0.22823745012283325,-0.11036205745486427,0.18256324529647827,-0.30360889434814453,-0.1307574108913343,0.2452101707458496,-0.26995140314102173,-0.1304900542571943,0.27652043104171753,-0.2205718755722046,-0.1294478372409742
C,0.0,0.0,0.0,0.11596173048019409,-0.012150287628173828,0.015462380310395929,0.20592892169952393,-0.07291722297668457,0.000519434863576862,0.271161824464798,-0.08854365348815918,-0.02637526817818525,0.32617858052253723,-0.0941082239151001,-0.053859660925468233,0.15735897421836853,-0.3269253969192505,-0.003307369129856852,0.22990825772285461,-0.4606829881668091,-0.042091833951076296,0.3015688955783844,-0.4284062385559082,-0.07550828770001772,0.3416884243488312,-0.3642886281013489,-0.09609193220933321,0.13137730956077576,-0.3256208896636963,-0.03868534282048586,0.23736712336540222,-0.46772244572639465,-0.0798980058749521,0.31362566351890564,-0.3956226706504822,-0.1124089272340143,0.3391578495502472,-0.30851954221725464,-0.13089866802295091,0.11171269416809082,-0.29294925928115845,-0.07388356939156893,0.2081795334815979,-0.4202895760536194,-0.10629082337220552,0.28907641768455505,-0.34810394048690796,-0.12219606951077822,0.3210183084011078,-0.2620226740837097,-0.1297540502270067,0.10061824321746826,-0.2205917239189148,-0.10830587759812715,0.18250581622123718,-0.2992067337036133,-0.12917743489344957,0.24669483304023743,-0.26312974095344543,-0.13234403595527056,0.27711811661720276,-0.2051253318786621,-0.13299585744937303
C,0.0,0.0,0.0,0.11780717968940735,-0.007319033145904541,0.014782793324002341,0.2092914581298828,-0.06610661745071411,-0.0014722439530032716,0.2768873870372772,-0.07998335361480713,-0.02909966235279171,0.3302978575229645,-0.07216382026672363,-0.05672563662051289,0.15410730242729187,-0.33217787742614746,-0.006224978279760762,0.23714622855186462,-0.45328569412231445,-0.04634008978723614,0.3091060221195221,-0.4092714786529541,-0.08112419073700039,0.34689292311668396,-0.3341682553291321,-0.10262945716499416,0.12766703963279724,-0.3308519124984741,-0.04119842921613781,0.2441377341747284,-0.4646340310573578,-0.08420961027263729,0.32022473216056824,-0.38552653789520264,-0.11697467093586056,0.34463658928871155,-0.29431670904159546,-0.1353059378755006,0.1099138855934143,-0.29639753699302673,-0.07572564904808132,0.2132871150970459,-0.4159536361694336,-0.10861285452961056,0.2939724624156952,-0.34151166677474976,-0.12382656757949917,0.326429158449173,-0.2556958794593811,-0.13100556706308453,0.10333091020584106,-0.22174477577209473,-0.1096496251714143,0.1878407895565033,-0.2917989492416382,-0.130048182357541,0.24933406710624695,-0.25809943675994873,-0.13289196466325848,0.2803420126438141,-0.20583999156951904,-0.1335688797128114
C,0.0,0.0,0.0,0.11257192492485046,-0.010933339595794678,0.010438758603470433,0.2021639347076416,-0.06778788566589355,-0.010429957226676834,0.2694234251976013,-0.08359771966934204,-0.04223920711950768,0.32947903871536255,-0.07295852899551392,-0.0743921020038556,0.15423035621643066,-0.3279149532318115,-0.014453131050629509,0.23541522026062012,-0.4578274190425873,-0.05632733860687722,0.30736249685287476,-0.4102787375450134,-0.0920891457207631,0.3458854556083679,-0.33533650636672974,-0.11441951179580201,0.12730145454406738,-0.32694512605667114,-0.048344577939076316,0.2397782802581787,-0.4620813727378845,-0.09066688203887452,0.3170420527458191,-0.38006144762039185,-0.12268076771573533,0.3430270552635193,-0.2902640998363495,-0.14174279505090226,0.10837092995643616,-0.294033944606781,-0.08191132479981889,0.21003282070159912,-0.41505271196365356,-0.11374446684197892,0.29109668731689453,-0.34026095271110535,-0.1277532868988942,0.3238832354545593,-0.2565382719039917,-0.1352162652619313,0.09975776076316833,-0.22231513261795044,-0.11524040931539048,0.18475285172462463,-0.29440683126449585,-0.13434068793134202,0.2466973066329956,-0.25651320815086365,-0.13513632053212632,0.2751748561859131,-0.2009240984916687,-0.1349353336699437
C,0.0,0.0,0.0,0.08498620986938477,-0.087832510471344,0.04089783009959547,0.1664939522743225,-0.14799660444259644,0.03210104134751646,0.22872477769851685,-0.15030932426452637,0.011032197334600369,0.2915383577346802,-0.14334255456924438,-0.009064884214865288,0.16613203287124634,-0.30452045798301697,-0.027116989075409492,0.28695690631866455,-0.3899899423122406,-0.060768933325277885,0.3409770131111145,-0.3066461682319641,-0.07151701423453005,0.35710620880126953,-0.22757145762443542,-0.07462972524689349,0.15902107954025269,-0.27402934432029724,-0.07136424007939013,0.2918931245803833,-0.38530805706977844,-0.11117041978167208,0.357197105884552,-0.28659114241600037,-0.11946100863741549,0.3729049563407898,-0.19291317462921143,-0.11907600733565005,0.1525028944015503,-0.20518040657043457,-0.11095847311543139,0.28086042404174805,-0.33325570821762085,-0.14276831719206484,0.340955913066864,-0.2521400451660156,-0.13933652016447695,0.3606172800064087,-0.17575150728225708,-0.13253262016104372,0.15329688787460327,-0.1043168306350708,-0.1464525696925989,0.2358582615852356,-0.16982108354568481,-0.17566061887072237,0.28118693828582764,-0.16565656661987305,-0.17869264754580172,0.30250781774520874,-0.1518046259880066,-0.17603092762755068
C,0.0,0.0,0.0,0.10642498731613159,0.009219884872436523,0.014381070627848658,0.18811887502670288,-0.04289191961288452,0.005879121839086565,0.24807149171829224,-0.06722676753997803,-0.013874500983376947,0.30121713876724243,-0.07788348197937012,-0.03322997222932145,0.16137433052062988,-0.29124027490615845,0.007553171838651451,0.2335643470287323,-0.4200313240289688,-0.025967882008274046,0.29380857944488525,-0.37994199991226196,-0.05433688964041039,0.32988959550857544,-0.3185139298439026,-0.07182856555374428,0.13757753372192383,-0.3047989308834076,-0.022185401053150144,0.23252111673355103,-0.4379126876592636,-0.058132152066548315,0.3002278804779053,-0.3725433945655823,-0.0843371068993406,0.3309393525123596,-0.295804888010025,-0.09983095432909295,0.1219213604927063,-0.2876364588737488,-0.05331741179617211,0.21121367812156677,-0.40112489461898804,-0.08429298456104561,0.2813149094581604,-0.32986798882484436,-0.09974172617586419,0.3157464861869812,-0.24767595529556274,-0.1072090631285505,0.1127488911151886,-0.23735564947128296,-0.08409655745418831,0.18932858109474182,-0.30110979080200195,-0.10597468073757454,0.2497527003288269,-0.26621589064598083,-0.1131023457208471,0.287619411945343,-0.2150764763355255,-0.11664716060550973
C,0.0,0.0,0.0,0.1241297721862793,-0.05966979265213013,0.029647212507001086,0.19420790672302246,-0.15930074453353882,0.02686630192565076,0.24780133366584778,-0.2061697244644165,0.009827535630932971,0.2972145974636078,-0.21914887428283691,-0.007201771686055736,0.11198613047599792,-0.36827778816223145,0.01680918413566701,0.1908716857433319,-0.48935775458812714,-0.015722608162292318,0.2552932798862457,-0.4572392702102661,-0.043278440801628904,0.29343220591545105,-0.401591420173645,-0.0615376569016064,0.09247007966041565,-0.3567608892917633,-0.022610790996083097,0.19724202156066895,-0.5015087872743607,-0.05884091925454982,0.269687682390213,-0.45369070768356323,-0.08485616367889293,0.30144354701042175,-0.3894442617893219,-0.10017162930799373,0.0871540904045105,-0.31159037351608276,-0.06207325306368716,0.18454939126968384,-0.45481692254543304,-0.0912135652883137,0.25604405999183655,-0.4059743285179138,-0.10324683409763225,0.2876947224140167,-0.3451419770717621,-0.10918908190561183,0.0935775637626648,-0.23875382542610168,-0.10014050823284038,0.16771605610847473,-0.3291781544685364,-0.11942206692529567,0.21853411197662354,-0.33617615699768066,-0.12428938221765407,0.24513199925422668,-0.3233410120010376,-0.12744504582715876
C,0.0,0.0,0.0,0.12277661263942719,-0.06093782186508179,0.01973580672338926,0.19327272474765778,-0.15510094165802002,0.009206964736137024,0.2485196441411972,-0.20088812708854675,-0.01279295505091227,0.2985338121652603,-0.22760558128356934,-0.03429734231039561,0.11156071722507477,-0.36330318450927734,-0.0010880341434074126,0.17913462221622467,-0.5123156011104584,-0.039571753601279624,0.24719353020191193,-0.4918482154607773,-0.07051017032071627,0.2880872040987015,-0.4396617114543915,-0.0899100889365343,0.08850105106830597,-0.34930160641670227,-0.03528544575974024,0.1840263158082962,-0.5090087801218033,-0.07586081222697771,0.2613229900598526,-0.46084509789943695,-0.10251755164071596,0.29601968824863434,-0.3940277695655823,-0.11731771276399172,0.07917089760303497,-0.3016723394393921,-0.0693952505390314,0.16591955721378326,-0.44532400369644165,-0.10037983850642718,0.2412954419851303,-0.40751516819000244,-0.11036385492488421,0.2770848423242569,-0.3557335436344147,-0.11456017837926424,0.0817972868680954,-0.2260790467262268,-0.10267509416743792,0.14505012333393097,-0.3123948574066162,-0.12374333933993853,0.19336964190006256,-0.33097243309020996,-0.1279429932038454,0.21981559693813324,-0.3335673213005066,-0.12978182629748858
C,0.0,0.0,0.0,0.10286548733711243,-0.013627946376800537,0.012129226969875617,0.1829816997051239,-0.08122462034225464,0.001044104378991051,0.24110698699951172,-0.11645454168319702,-0.021392975663445668,0.2847813367843628,-0.16996270418167114,-0.04454958877494164,0.16409552097320557,-0.3133317232131958,-0.007991206561825948,0.2046094834804535,-0.4796901345252991,-0.0428206033163292,0.2606273293495178,-0.44026969373226166,-0.06637687302162476,0.2930293679237366,-0.3702169507741928,-0.0789115212016327,0.13347992300987244,-0.3210504651069641,-0.040720299547217564,0.17900410294532776,-0.5214615166187286,-0.07895156807234116,0.25025248527526855,-0.46489712595939636,-0.10469503766825028,0.27924907207489014,-0.37406621873378754,-0.11794190919925995,0.10072821378707886,-0.3099215626716614,-0.07457006788780518,0.14495262503623962,-0.4892825186252594,-0.108445488577388,0.22193509340286255,-0.43412962555885315,-0.12388156420519181,0.2602197229862213,-0.3524494767189026,-0.12978184289266892,0.07033196091651917,-0.2687965929508209,-0.10787992990543671,0.12354901432991028,-0.3794241100549698,-0.13889157838156052,0.18706557154655457,-0.3674275130033493,-0.15173915094663926,0.2256850004196167,-0.3249313533306122,-0.15696862406065293
C,0.0,0.0,0.0,0.10523109138011932,-0.017284393310546875,0.003856446469740149,0.1867968887090683,-0.0632162094116211,-0.012894006570263628,0.24316023290157318,-0.09495139122009277,-0.03968307481466127,0.3005577176809311,-0.1424664855003357,-0.06728334830461336,0.1791408210992813,-0.3055325150489807,-0.008998463985903982,0.22164134681224823,-0.4721512943506241,-0.04855179519711328,0.2730656713247299,-0.44850414991378784,-0.07816332684217286,0.308996245265007,-0.3902607262134552,-0.09433375404535127,0.14612777531147003,-0.3229842483997345,-0.037854981732948545,0.1848861128091812,-0.5344595611095428,-0.07617242739854646,0.25039057433605194,-0.49217595160007477,-0.10374744342027498,0.28350748121738434,-0.4080733507871628,-0.11919625954089952,0.11017630994319916,-0.3154596984386444,-0.06891211227832628,0.1468989998102188,-0.4963524341583252,-0.10414724157510591,0.21671359241008759,-0.4431387037038803,-0.11939095066247774,0.2552758902311325,-0.35974401235580444,-0.12490531907735658,0.07465814054012299,-0.2802307605743408,-0.10016214953122926,0.12023745477199554,-0.4027496874332428,-0.1300220500057776,0.18169550597667694,-0.38759133219718933,-0.13958031044660402,0.22203244268894196,-0.34188205003738403,-0.1421779851740439
C,0.0,0.0,0.0,0.09091301262378693,-0.0035562515258789062,-0.00962712949598199,0.17188014090061188,-0.04593968391418457,-0.025488238395098506,0.22639425098896027,-0.07942330837249756,-0.04764185248399144,0.27122561633586884,-0.15206044912338257,-0.07017851768517858,0.18771104514598846,-0.2841494679450989,-0.009711878918949424,0.23678119480609894,-0.4458955228328705,-0.045131312296632586,0.2804805785417557,-0.4414498507976532,-0.07512505500102407,0.3082378953695297,-0.3970959484577179,-0.091391073153261,0.15538464486598969,-0.31245625019073486,-0.027940256134513675,0.20030198991298676,-0.4959161579608917,-0.059172456697467624,0.25358398258686066,-0.48128944635391235,-0.08804609774136907,0.27987040579319,-0.4136916697025299,-0.10624841003203755,0.11603541672229767,-0.3163279891014099,-0.04963756127739316,0.15844060480594635,-0.4841311275959015,-0.07660779504561788,0.21119214594364166,-0.4643127918243408,-0.0960760131337679,0.23862691223621368,-0.3954029083251953,-0.10695861427569753,0.07206113636493683,-0.295240581035614,-0.07291281370902425,0.11447203159332275,-0.417317271232605,-0.09818820802951223,0.16680260002613068,-0.4248185157775879,-0.11127553282761937,0.20321400463581085,-0.3888989984989166,-0.11760565041089421
C,0.0,0.0,0.0,0.1278492510318756,-0.019905030727386475,0.020347361517565332,0.22112533450126648,-0.09143656492233276,0.011831334856765352,0.29146721959114075,-0.11274954676628113,-0.0091003868081998,0.3351804316043854,-0.12391752004623413,-0.028031700226051726,0.15469393134117126,-0.3553428649902344,0.01451698231460341,0.24802234768867493,-0.46000783145427704,-0.03008304809270612,0.32013770937919617,-0.4009068161249161,-0.07441450369594804,0.3598960340023041,-0.30427293479442596,-0.10260983270643464,0.1391732394695282,-0.3430170714855194,-0.02253673126040212,0.27768567204475403,-0.47463613748550415,-0.07729427975652925,0.34183958172798157,-0.37338417768478394,-0.1251958878063988,0.35631653666496277,-0.2712404727935791,-0.15099648845432512,0.13366946578025818,-0.3065245449542999,-0.05925940063832513,0.24194779992103577,-0.42009878158569336,-0.09749463659761659,0.31663236021995544,-0.34101130068302155,-0.12302986991642229,0.34134194254875183,-0.24590961635112762,-0.13508760643242113,0.13940942287445068,-0.227839857339859,-0.09530379337309114,0.22545906901359558,-0.29812106490135193,-0.11200066370008699,0.28745201230049133,-0.2673714905977249,-0.11874492180584184,0.32135656476020813,-0.21476128697395325,-0.12342409503696672
C,0.0,0.0,0.0,0.12734270095825195,-0.01620960235595703,0.015208626609535258,0.22376692295074463,-0.08475899696350098,0.002635809803621214,0.2933639883995056,-0.10384738445281982,-0.02067082144668575,0.334830105304718,-0.11239063739776611,-0.041809463429956395,0.15528768301010132,-0.3548121154308319,-0.00013236235128033513,0.2518153786659241,-0.4595061391592026,-0.04898938306024547,0.3225160241127014,-0.3950050175189972,-0.09465055682113643,0.3619847297668457,-0.2933276891708374,-0.12341456629684444,0.13946813344955444,-0.3383753299713135,-0.03607314221909519,0.28540289402008057,-0.4678504914045334,-0.09693117954185482,0.34621894359588623,-0.36246685683727264,-0.14700640507390972,0.3582039475440979,-0.2572532147169113,-0.17317759760072704,0.131808340549469,-0.2988702952861786,-0.0713146231358337,0.2430385947227478,-0.4101574420928955,-0.11370363600900646,0.3188687562942505,-0.3320426344871521,-0.14183793731382366,0.3446766138076782,-0.23518106341362,-0.15486915178945537,0.1348714530467987,-0.21680322289466858,-0.10591205723932262,0.22135531902313232,-0.28753286600112915,-0.12507772215059276,0.28511977195739746,-0.26242925226688385,-0.13450887568643566,0.32117795944213867,-0.21295514702796936,-0.141235990006237
C,0.0,0.0,0.0,0.1346871554851532,0.0066114068031311035,0.032839447458428594,0.22070086002349854,-0.04787337779998779,0.023446167086405012,0.2827824354171753,-0.058012187480926514,-0.0011304287815789849,0.3378978371620178,-0.05998283624649048,-0.02704104388769224,0.1935821771621704,-0.3022572100162506,-0.011655563290076998,0.3145236372947693,-0.38928481936454773,-0.0586428193252857,0.37904250621795654,-0.3021744191646576,-0.09009302015121534,0.3976253271102905,-0.2149706780910492,-0.10615016127641752,0.1723586618900299,-0.2932620048522949,-0.05590820292647436,0.32384395599365234,-0.35880324244499207,-0.10233825052793577,0.38275182247161865,-0.2402450144290924,-0.12420615161474302,0.3881922960281372,-0.1524733304977417,-0.1334816029172714,0.15408849716186523,-0.2329680323600769,-0.09868346507366255,0.292522132396698,-0.2901532053947449,-0.13629376495893553,0.35452383756637573,-0.18142372369766235,-0.14073539877946928,0.36660295724868774,-0.09551239013671875,-0.13817445541437223,0.14155197143554688,-0.13495653867721558,-0.13891815746839598,0.24508291482925415,-0.16704338788986206,-0.16320506835992887,0.3041810393333435,-0.11933332681655884,-0.16199820841367796,0.3294546604156494,-0.07193368673324585,-0.15822159851606443
C,0.0,0.0,0.0,0.1418592631816864,-0.048358917236328125,0.03567598940082917,0.22766903042793274,-0.1319103240966797,0.03045989752956757,0.28753480315208435,-0.16432034969329834,0.010355193104828686,0.3425900340080261,-0.16965723037719727,-0.01056594966701141,0.188102126121521,-0.3644295930862427,-0.0006924101083995993,0.2737634778022766,-0.4917464554309845,-0.03756329982331863,0.32866108417510986,-0.4488982558250427,-0.06247502012899986,0.35221153497695923,-0.38554078340530396,-0.0762586761896955,0.1575087308883667,-0.33882129192352295,-0.043167477536712795,0.2696243226528168,-0.42894816398620605,-0.08408375276974311,0.33679646253585815,-0.35682499408721924,-0.10514854832342735,0.36528003215789795,-0.27414172887802124,-0.1155580599491941,0.13457566499710083,-0.26621687412261963,-0.08412368043116203,0.24506735801696777,-0.3411847949028015,-0.11826790316752067,0.31898146867752075,-0.2729795575141907,-0.12715392007282844,0.35817646980285645,-0.20041918754577637,-0.129142986673628,0.12115347385406494,-0.15705221891403198,-0.12232987030199638,0.21728572249412537,-0.19270694255828857,-0.14324979676655403,0.2839617133140564,-0.16771411895751953,-0.1443233211224424,0.3301547169685364,-0.1363866925239563,-0.14323818876198402
C,0.0,0.0,0.0,0.11784002184867859,-0.09201306104660034,0.014669844014065347,0.1825498640537262,-0.21045035123825073,0.0031569861522484644,0.22915810346603394,-0.278822660446167,-0.0181557572731208,0.26980260014533997,-0.3324383497238159,-0.03857658796994201,0.10380622744560242,-0.3980365991592407,-0.02145777636258117,0.19250094890594482,-0.5258077681064606,-0.06494188674776069,0.2648422420024872,-0.5001534521579742,-0.09449879446117393,0.3082355260848999,-0.44220107793807983,-0.1102887950190734,0.07928679883480072,-0.35935086011886597,-0.05212169506637565,0.18759417533874512,-0.469404399394989,-0.09868398674814216,0.2683914005756378,-0.4065227508544922,-0.12049092718450538,0.3101683557033539,-0.3360661268234253,-0.13022441037981025,0.06989459693431854,-0.2805479168891907,-0.08241907873241416,0.1694798469543457,-0.38587599992752075,-0.12012528994171134,0.25017550587654114,-0.3318706154823303,-0.12706409760801307,0.29398515820503235,-0.2704373002052307,-0.12670034536211006,0.07299178838729858,-0.18001008033752441,-0.11183542379228584,0.1522359848022461,-0.24826925992965698,-0.13655531772462837,0.21175840497016907,-0.24063122272491455,-0.13828294345228187,0.2505218982696533,-0.2188645601272583,-0.13632257648794166
C,0.0,0.0,0.0,0.11801208555698395,-0.0193331241607666,0.02178679015676721,0.2067442685365677,-0.09253954887390137,0.011208398083255133,0.2652265578508377,-0.12369394302368164,-0.012842190636291662,0.32063664495944977,-0.1446017026901245,-0.03748960438926474,0.17341379821300507,-0.31203019618988037,-0.0014432592531363753,0.23820169270038605,-0.46350401639938354,-0.03804927337725417,0.3000118285417557,-0.4220781922340393,-0.06440291944701926,0.3272102028131485,-0.35771870613098145,-0.07954331878383414,0.14067964255809784,-0.30884218215942383,-0.040508002227142015,0.22757144272327423,-0.47311824560165405,-0.08308983985145346,0.29311151802539825,-0.3772393465042114,-0.11272029224593894,0.31100334227085114,-0.28743356466293335,-0.12841597590406195,0.1125350147485733,-0.2812027335166931,-0.0790047535653855,0.19416244328022003,-0.42714977264404297,-0.11438016239364401,0.26676835119724274,-0.3369176387786865,-0.12853975985009924,0.2914521247148514,-0.25125324726104736,-0.13422069344480292,0.08945156633853912,-0.2237676978111267,-0.11596583220918433,0.1625181883573532,-0.3072274923324585,-0.14243927988965766,0.22310520708560944,-0.26475709676742554,-0.14918989334066168,0.2502627521753311,-0.21546924114227295,-0.15204795095880286
C,0.0,0.0,0.0,0.12190330028533936,-0.00404810905456543,0.019359633940894128,0.21515610814094543,-0.03658384084701538,0.008742872308630467,0.2813548147678375,-0.04385268688201904,-0.01722595965520668,0.3479553759098053,-0.04038405418395996,-0.04310119090632725,0.19464528560638428,-0.27794837951660156,0.04005364390059185,0.2566622793674469,-0.399821013212204,0.01415182897790146,0.31579819321632385,-0.3699968457221985,-0.013553647641401767,0.3522818386554718,-0.31686514616012573,-0.031755316388171195,0.17337584495544434,-0.2950173020362854,0.005019202511448384,0.2568138539791107,-0.426186203956604,-0.022039729487460136,0.3231617510318756,-0.37798959016799927,-0.04994670985297489,0.3554427921772003,-0.3050495386123657,-0.06713742701367664,0.1541498899459839,-0.28987008333206177,-0.03314136279777813,0.23821374773979187,-0.40783852338790894,-0.05355917600945759,0.3097213804721832,-0.3464275002479553,-0.067589490991395,0.3486326038837433,-0.2657492160797119,-0.0759120577390604,0.1415124237537384,-0.25115805864334106,-0.07196698276356983,0.2162812054157257,-0.3104049563407898,-0.08606091825322437,0.27679184079170227,-0.274503231048584,-0.09001136509732532,0.31411829590797424,-0.21823441982269287,-0.09174787936763096
C,0.0,0.0,0.0,0.10966894030570984,0.053893327713012695,0.024526963304225546,0.19571742415428162,0.05124086141586304,0.022149000610653502,0.2523564398288727,0.05572962760925293,0.004168277434501988,0.3104448616504669,0.011665582656860352,-0.014535926919933218,0.216637521982193,-0.20595207810401917,0.0556881896364132,0.27924850583076477,-0.3043908476829529,0.03739796421999131,0.33313170075416565,-0.27085378766059875,0.015003246549014193,0.36453792452812195,-0.21655064821243286,0.0010255927363971296,0.1990414559841156,-0.23180276155471802,0.01901102654213105,0.27622464299201965,-0.35537898540496826,0.0007378012551555457,0.34057119488716125,-0.2978544235229492,-0.022353574339803117,0.3651232421398163,-0.21271580457687378,-0.036519521553572076,0.17771849036216736,-0.2375173568725586,-0.021775457714255708,0.25921085476875305,-0.3467596769332886,-0.037963537205513376,0.32373103499412537,-0.27686169743537903,-0.0508242116165718,0.35242465138435364,-0.19173014163970947,-0.05806553148156013,0.15586701035499573,-0.2088053822517395,-0.06269633181815948,0.22684034705162048,-0.27873140573501587,-0.07771112926727142,0.2801346480846405,-0.24201127886772156,-0.08280118711715545,0.3070606291294098,-0.18643677234649658,-0.08441449858671035
C,0.0,0.0,0.0,0.1065378189086914,0.07177257537841797,0.02453903878733854,0.19341260194778442,0.07047998905181885,0.029641304413530634,0.2618715763092041,0.06586837768554688,0.017090142021629617,0.3283013701438904,0.013428211212158203,0.0036805542341653563,0.22333931922912598,-0.16296029090881348,0.09796852643296461,0.2885649800300598,-0.2316385805606842,0.09339214141175489,0.3410307765007019,-0.20749765634536743,0.07404110605523329,0.3692290782928467,-0.15855026245117188,0.06081939513489942,0.21573925018310547,-0.2022770643234253,0.06402125979468565,0.28813862800598145,-0.3062136769294739,0.0576950314144824,0.34490901231765747,-0.262690007686615,0.03110158095762472,0.367728590965271,-0.17780092358589172,0.013647675762626932,0.2041833996772766,-0.23209625482559204,0.02367360355958681,0.2766377925872803,-0.3461374342441559,0.017958006138655946,0.33570510149002075,-0.2846335172653198,0.0028442824415151335,0.36023473739624023,-0.1860421895980835,-0.0070173099946941875,0.18806564807891846,-0.2351779341697693,-0.01814250809445639,0.2570701241493225,-0.3143433630466461,-0.02510368240371008,0.3126987814903259,-0.2811749577522278,-0.029602449138906195,0.3436759114265442,-0.2114100456237793,-0.03168363471820612
C,0.0,0.0,0.0,0.09753164649009705,0.005497992038726807,-0.007378086035203069,0.18946555256843567,-0.03503453731536865,-0.02196101337398204,0.24908265471458435,-0.07190805673599243,-0.04392260551179561,0.2956131398677826,-0.14485567808151245,-0.06513805553043994,0.1953662633895874,-0.2911205589771271,-0.0028546490306666783,0.24917855858802795,-0.45024465024471283,-0.0418467098447195,0.31172505021095276,-0.44340746104717255,-0.0724081234606615,0.3553817570209503,-0.39835110306739807,-0.0879364968809,0.17052888870239258,-0.3211425095796585,-0.023006005731474488,0.23126915097236633,-0.4974057078361511,-0.058277188387762635,0.30626460909843445,-0.47337064146995544,-0.08456008001888904,0.3484611213207245,-0.4005790203809738,-0.09847493335331592,0.1402130126953125,-0.3331228047609329,-0.04780436917866382,0.19984373450279236,-0.5001861453056335,-0.07958471640671405,0.2771540582180023,-0.46296757459640503,-0.09505305304850253,0.3250891864299774,-0.3828047960996628,-0.1002287851246706,0.10626950860023499,-0.31933562457561493,-0.07434446230257663,0.1659870445728302,-0.4328353703022003,-0.1012242348464838,0.23295369744300842,-0.4223276823759079,-0.11017176374519977,0.2788529694080353,-0.3688753843307495,-0.1110242591770998
C,0.0,0.0,0.0,0.09102284908294678,0.004807472229003906,-0.025563691190171767,0.1790790557861328,-0.039336442947387695,-0.04107317180066161,0.2431432008743286,-0.08448678255081177,-0.05866195113091521,0.28488269448280334,-0.17431357502937317,-0.0766021855237966,0.21700641512870789,-0.29130493104457855,-0.013486010401237536,0.27634766697883606,-0.4108813405036926,-0.04366075099139266,0.3142474591732025,-0.4244702011346817,-0.07001042590169959,0.34766075015068054,-0.41692741215229034,-0.08789307848243766,0.18190354108810425,-0.3343238830566406,-0.02338981107502036,0.2451273798942566,-0.4590863585472107,-0.05435353369145446,0.29169633984565735,-0.4578011482954025,-0.08228945956258826,0.3310057520866394,-0.4253369867801666,-0.10153416768341117,0.13558506965637207,-0.3524526506662369,-0.03870598078398757,0.19715461134910583,-0.4755106419324875,-0.07180781141548209,0.25035223364830017,-0.4693227708339691,-0.09521101639299445,0.2935720980167389,-0.42759808897972107,-0.10936806575088553,0.07825592160224915,-0.3503054827451706,-0.056849053508329916,0.13026860356330872,-0.45714423060417175,-0.09003506824998908,0.1810159683227539,-0.45850181579589844,-0.10763897970943503,0.22640636563301086,-0.4207206219434738,-0.11738830283908896
C,0.0,0.0,0.0,0.07209625095129013,0.0015928149223327637,-0.044846127700736815,0.15088655054569244,-0.04384690523147583,-0.0678326887606886,0.19666160643100739,-0.11623057723045349,-0.08896418936245709,0.2158382534980774,-0.2242022454738617,-0.10915620900385647,0.18532156944274902,-0.33139897882938385,-0.012969580438664252,0.22809891402721405,-0.47185489535331726,-0.045788827311923797,0.25026971101760864,-0.5315062403678894,-0.07902597911350995,0.2628518342971802,-0.5547439903020859,-0.09967868305437833,0.13902711123228073,-0.38251833617687225,-0.01050129621916085,0.1774073839187622,-0.5287847369909286,-0.034825853031804854,0.19601425528526306,-0.586327001452446,-0.06496154047243863,0.20593377947807312,-0.6132449060678482,-0.08627445526116162,0.08833764493465424,-0.40198469907045364,-0.015651537996461684,0.11684554815292358,-0.5434664934873581,-0.037730666768482024,0.13360676914453506,-0.6008913069963455,-0.052518053871324355,0.14068778604269028,-0.6224968284368515,-0.06175234816663533,0.03328808397054672,-0.3908269628882408,-0.026210471016099746,0.054108984768390656,-0.5171376615762711,-0.044737572741439635,0.07132329046726227,-0.575724869966507,-0.04957336090200215,0.08300863206386566,-0.6086185127496719,-0.050843316090038115
C,0.0,0.0,0.0,0.10378924012184143,-0.012617707252502441,-0.003853131274865973,0.18318036198616028,-0.050707459449768066,-0.020720178683461654,0.2347850203514099,-0.07803809642791748,-0.04552637641614865,0.26938509941101074,-0.148246169090271,-0.07014164929574918,0.18953165411949158,-0.29076457023620605,-0.01455990081018399,0.23332375288009644,-0.46457526087760925,-0.058946250428618896,0.2865717113018036,-0.4500090777873993,-0.09277127539104413,0.3264569044113159,-0.4001676142215729,-0.11063714926427792,0.15679064393043518,-0.31263044476509094,-0.038157361050309646,0.19820129871368408,-0.5295218527317047,-0.07915656869596432,0.26449576020240784,-0.49542462825775146,-0.10913786148017834,0.30344635248184204,-0.41657501459121704,-0.12616552268451642,0.11782665550708771,-0.3105137348175049,-0.0650655016798396,0.15687072277069092,-0.49883806705474854,-0.10137940799182843,0.22556105256080627,-0.4600222110748291,-0.12228856836742352,0.2687265872955322,-0.3822893500328064,-0.13165660058444928,0.07710473239421844,-0.28287315368652344,-0.09303041403478574,0.11864329874515533,-0.4094923734664917,-0.1234930962819476,0.17846959829330444,-0.40034759044647217,-0.13704514359420727,0.2217249870300293,-0.35366523265838623,-0.14267271613067578
C,0.0,0.0,0.0,0.1178695559501648,-0.003666222095489502,0.028490417451763506,0.20124486088752747,-0.04247158765792847,0.021355694906020517,0.26133671402931213,-0.05496865510940552,-0.0025537476863917163,0.3142566680908203,-0.05890703201293945,-0.02713296487817729,0.19729363918304443,-0.2803337574005127,0.03253187313785588,0.25150489807128906,-0.4212613105773926,0.004988198449069614,0.3100610375404358,-0.40950965881347656,-0.01856185980031455,0.3455076813697815,-0.3662882447242737,-0.03243601620087588,0.1728954315185547,-0.2906171679496765,-0.007196254282092696,0.24408024549484253,-0.44866248965263367,-0.034007861464118605,0.3083064556121826,-0.40324681997299194,-0.053320883958434706,0.33763206005096436,-0.3317112326622009,-0.06378051936516727,0.14888110756874084,-0.2797163724899292,-0.04899259209523166,0.22481712698936462,-0.41358470916748047,-0.07207881957182849,0.2956657409667969,-0.3511664867401123,-0.07976770698914493,0.3298989534378052,-0.2690756916999817,-0.08259158134350741,0.12830513715744019,-0.2337172031402588,-0.09040134698042834,0.20005083084106445,-0.3032652735710144,-0.10932867526898349,0.2597917914390564,-0.2681993842124939,-0.11239522248396838,0.29305046796798706,-0.21336156129837036,-0.1122810944903847
C,0.0,0.0,0.0,0.11923825740814209,0.00899893045425415,0.02407608693675911,0.20431065559387207,-0.024232864379882812,0.01882907701866543,0.26448142528533936,-0.02931922674179077,-0.0010196750496902496,0.31518256664276123,-0.0514531135559082,-0.021677589507532957,0.18320751190185547,-0.27934277057647705,0.021881330294775125,0.25173479318618774,-0.4174451529979706,-0.008041350634528044,0.3101205825805664,-0.38960734009742737,-0.03561934502585018,0.34659701585769653,-0.3339056968688965,-0.053006820844245794,0.16095593571662903,-0.2911260724067688,-0.015575982162488344,0.2527095675468445,-0.4331732988357544,-0.050031546966863516,0.31952977180480957,-0.3705119490623474,-0.08077686326367939,0.3506498336791992,-0.2901705503463745,-0.09929032670123661,0.14253860712051392,-0.2750622630119324,-0.05401698546273792,0.23144108057022095,-0.38591358065605164,-0.08075498090846622,0.30209916830062866,-0.3104608654975891,-0.10036309109790409,0.3360389471054077,-0.22376495599746704,-0.11175608681304539,0.12836605310440063,-0.2249014973640442,-0.09189678774936283,0.20444798469543457,-0.2911207675933838,-0.111726500557495,0.2623211741447449,-0.25146424770355225,-0.12134497659070576,0.2956889271736145,-0.19355255365371704,-0.12726344214541996
C,0.0,0.0,0.0,0.10827672481536865,0.0190964937210083,0.032603702404514934,0.19017890095710754,-0.004853606224060059,0.0351895493352572,0.2509046494960785,-0.01722431182861328,0.01955100231708684,0.3041733205318451,-0.03604823350906372,0.0037279784576753627,0.2261093556880951,-0.2156781554222107,0.04366599292399087,0.2884233891963959,-0.2868383228778839,0.009925936245338107,0.31161388754844666,-0.17594057321548462,-0.01342245201675496,0.3033786118030548,-0.07115763425827026,-0.01995235598741374,0.21693697571754456,-0.24985802173614502,0.0022907242076257717,0.29937389492988586,-0.3693939447402954,-0.035651092520936345,0.34199538826942444,-0.2660984992980957,-0.06054760619161925,0.337059885263443,-0.15645787119865417,-0.06832421301959357,0.19460168480873108,-0.2732422351837158,-0.0424164208686193,0.2708781659603119,-0.355036199092865,-0.08095742493031821,0.2983225882053375,-0.22273090481758118,-0.09303658186553321,0.2917850911617279,-0.10717535018920898,-0.08980655401109061,0.16425177454948425,-0.2752224802970886,-0.08550569891093573,0.227232426404953,-0.38973772525787354,-0.11196609317420325,0.2856609523296356,-0.39075231552124023,-0.11872215299962363,0.3234501779079437,-0.36138755083084106,-0.11782286792157493
C,0.0,0.0,0.0,0.12746545672416687,0.047963738441467285,0.029633242081956723,0.2208762764930725,0.022753655910491943,0.024001867886738637,0.28166472911834717,0.02368825674057007,0.002638632342325309,0.3391602635383606,0.02807539701461792,-0.01885767895345225,0.2047632336616516,-0.26565223932266235,0.020784107413248876,0.29948538541793823,-0.34768402576446533,-0.01563960555557742,0.3613715171813965,-0.2745303511619568,-0.04700670074288382,0.3896661400794983,-0.1862439513206482,-0.06592609788839354,0.18316024541854858,-0.27849775552749634,-0.022145813885970256,0.30594199895858765,-0.37097370624542236,-0.06487979050342574,0.3720172643661499,-0.27075767517089844,-0.09796565826599135,0.3885258436203003,-0.16646504402160645,-0.11564789767925276,0.16437053680419922,-0.25370532274246216,-0.06573040093843474,0.2839847803115845,-0.34548088908195496,-0.09803496356670394,0.35305941104888916,-0.2507926821708679,-0.11586251910392775,0.3758174777030945,-0.15358227491378784,-0.12408629860345854,0.15172463655471802,-0.18412238359451294,-0.10810854341451659,0.24893951416015625,-0.2325924038887024,-0.13062401171390547,0.312288761138916,-0.19023418426513672,-0.13874328191940322,0.34413862228393555,-0.13704842329025269,-0.1423979109114839
C,0.0,0.0,0.0,0.13996177911758423,0.005795538425445557,0.05331450964234641,0.22587382793426514,-0.004008114337921143,0.06400406996630004,0.2862820029258728,-0.006609082221984863,0.0518501762571173,0.3433990478515625,-0.024760067462921143,0.03967808823011687,0.2484031319618225,-0.24620601534843445,0.09657660762689879,0.3104546070098877,-0.3299627900123596,0.08405359725378325,0.33432185649871826,-0.2646511197090149,0.06685984025619796,0.3290259838104248,-0.1910841464996338,0.059493771594985034,0.2328363060951233,-0.2605205178260803,0.04713709543369582,0.3103599548339844,-0.3490530252456665,0.027950635951979663,0.3396259546279907,-0.2646191716194153,0.00460936439134052,0.32789719104766846,-0.18073782324790955,-0.006076482283846829,0.21219402551651,-0.2688013017177582,-0.005439076266215537,0.2918582558631897,-0.3364578187465668,-0.020699699568526242,0.3144456744194031,-0.2269461750984192,-0.022746405723468754,0.30630236864089966,-0.13518750667572021,-0.019005405875818226,0.18686527013778687,-0.2502478063106537,-0.056981993067042325,0.24981224536895752,-0.3295014202594757,-0.06712007631637285,0.30029159784317017,-0.37462174892425537,-0.06959629912950227,0.33370304107666016,-0.41505587100982666,-0.06948265542365739
C,0.0,0.0,0.0,0.12245520949363708,-0.0062577128410339355,0.021001175172671083,0.20517584681510925,-0.0489920973777771,0.013304338917180303,0.26780644059181213,-0.07153815031051636,-0.008427956946150061,0.32378366589546204,-0.13404381275177002,-0.028413772456303832,0.17571201920509338,-0.3093215525150299,0.033197159074290994,0.24595907330513,-0.4608580768108368,0.0051434874870324165,0.31360408663749695,-0.4305103123188019,-0.01873899983610272,0.3527809679508209,-0.3744813799858093,-0.03121018024529576,0.15539929270744324,-0.3237230181694031,-0.0005924381445652216,0.24736884236335754,-0.4815009534358978,-0.03049686724688172,0.3240407407283783,-0.4110031723976135,-0.05403379524494767,0.3567611277103424,-0.31972289085388184,-0.06561324546481728,0.13979294896125793,-0.30963218212127686,-0.037132562942758796,0.23073461651802063,-0.4469916522502899,-0.061757175125137564,0.30580654740333557,-0.36852046847343445,-0.07259537080670952,0.3401278555393219,-0.27632981538772583,-0.07578771362449288,0.13109847903251648,-0.2562846541404724,-0.07363444367791772,0.2100132405757904,-0.3324195444583893,-0.09137189189340233,0.27173492312431335,-0.2925037741661072,-0.09478793839360833,0.3063935339450836,-0.23854368925094604,-0.09382552454616189
C,0.0,0.0,0.0,0.11357074975967407,-0.0034584999084472656,0.028887658299282748,0.1995447874069214,-0.05500960350036621,0.026088545949534137,0.25976425409317017,-0.07732647657394409,0.00818411532171126,0.3122539520263672,-0.1077006459236145,-0.00951193746797685,0.1812230944633484,-0.31083381175994873,0.03346289593108054,0.2470160722732544,-0.4367941617965698,0.00433868441112395,0.3076710104942322,-0.3898991793394089,-0.022110289974733632,0.3407423496246338,-0.3154596984386444,-0.03702545267216806,0.16013705730438232,-0.3248651623725891,-0.004145920357331079,0.24710428714752197,-0.4773182272911072,-0.03206547450892572,0.3189321756362915,-0.4158487468957901,-0.054269515989943784,0.3481541872024536,-0.3278505504131317,-0.06673170354835634,0.14149779081344604,-0.31225496530532837,-0.04370061036817674,0.23494064807891846,-0.4395497441291809,-0.06864562359325532,0.309018075466156,-0.3669828772544861,-0.0804910930680478,0.3413727879524231,-0.27940475940704346,-0.08560246702901964,0.12971282005310059,-0.2677510678768158,-0.0821947726296628,0.21297073364257812,-0.3465750813484192,-0.10154105451576356,0.27573835849761963,-0.3022896349430084,-0.105166261165067,0.3093322515487671,-0.2385348379611969,-0.10531368580333833
C,0.0,0.0,0.0,0.12394300103187561,0.01154637336730957,0.027173466910966226,0.2057638168334961,-0.048236072063446045,0.020480982889779398,0.2663363218307495,-0.07123345136642456,-0.0016170949205900342,0.3148496150970459,-0.0843503475189209,-0.024557503009788206,0.1711825728416443,-0.31433576345443726,0.015020718728550264,0.2602084279060364,-0.43095675110816956,-0.020239925081483534,0.33185356855392456,-0.3846493363380432,-0.048871323535792044,0.36961930990219116,-0.3194862902164459,-0.0658300147155444,0.14722228050231934,-0.3247305154800415,-0.02556876286362808,0.2616710662841797,-0.46034443378448486,-0.06382813311611812,0.34471291303634644,-0.3885596990585327,-0.08848967410122555,0.37658780813217163,-0.30079391598701477,-0.10069204128777187,0.1295572817325592,-0.2967771291732788,-0.06696168340241115,0.23763126134872437,-0.42254897952079773,-0.10073195404802959,0.3207905888557434,-0.3457624912261963,-0.11188186712061565,0.35732901096343994,-0.26299023628234863,-0.11442483968531292,0.1215747594833374,-0.22793051600456238,-0.10691849894320171,0.2163037657737732,-0.30356472730636597,-0.12956292189156215,0.279751181602478,-0.2561262547969818,-0.1299684718946139,0.30953729152679443,-0.19180989265441895,-0.12717510021721523
C,0.0,0.0,0.0,0.12066560983657837,-0.00044417381286621094,0.019172143611513093,0.20812112092971802,-0.05618453025817871,0.00454413001557441,0.26943719387054443,-0.07882928848266602,-0.024134190332688377,0.31977730989456177,-0.10392129421234131,-0.05302456165532021,0.17276281118392944,-0.32163363695144653,-0.0022873317809626315,0.2604822516441345,-0.4673458933830261,-0.04604016388634591,0.33377277851104736,-0.40793249011039734,-0.08131604785899071,0.36690616607666016,-0.31945639848709106,-0.10098766679743676,0.14610111713409424,-0.32674163579940796,-0.04183961222747712,0.2602362036705017,-0.49170684814453125,-0.08763013179282098,0.3422938585281372,-0.40576690435409546,-0.12244518245438485,0.36483234167099,-0.30363214015960693,-0.14102239305952935,0.12600868940353394,-0.3008686900138855,-0.08149574096182732,0.2319573163986206,-0.44382748007774353,-0.11712777013758569,0.318436861038208,-0.358883798122406,-0.134579160761632,0.3489387035369873,-0.26392751932144165,-0.14185805017928033,0.11431711912155151,-0.23390191793441772,-0.12019772226790337,0.20723938941955566,-0.31652477383613586,-0.1444685697076693,0.27637869119644165,-0.26917406916618347,-0.14889740343073754,0.3054642677307129,-0.201374351978302,-0.14920162553767113
C,0.0,0.0,0.0,0.12565219402313232,0.0007946491241455078,0.022689665038797102,0.21560823917388916,-0.05065345764160156,0.01569348790189906,0.2775445580482483,-0.07325208187103271,-0.005631623487261095,0.32829779386520386,-0.09327870607376099,-0.02627452618935422,0.19431072473526,-0.3223066031932831,0.018669788096758566,0.27535927295684814,-0.4518130123615265,-0.017710560630348482,0.338992714881897,-0.39023900032043457,-0.04854481823304013,0.36957865953445435,-0.307493656873703,-0.06556662700631932,0.16638606786727905,-0.3368164896965027,-0.0169776134894164,0.2681475877761841,-0.47592946887016296,-0.04932633570888356,0.343819260597229,-0.3961356580257416,-0.07326180271365956,0.37252968549728394,-0.3023710548877716,-0.08593544147470311,0.14314445853233337,-0.31701943278312683,-0.054229797493007936,0.2454831600189209,-0.43066316843032837,-0.0826327779100211,0.32134783267974854,-0.3490642309188843,-0.09180927060106114,0.3537819981575012,-0.2620216906070709,-0.09384722791173772,0.12886974215507507,-0.2564680874347687,-0.09091886661508397,0.22023409605026245,-0.31574004888534546,-0.11047341458061055,0.28091055154800415,-0.2650737166404724,-0.10985789231517629,0.30904245376586914,-0.20113474130630493,-0.10589699975707845
C,0.0,0.0,0.0,0.10669487714767456,-0.013869643211364746,0.010660256729522644,0.18550854921340942,-0.0770455002784729,0.00996950036386579,0.23921674489974976,-0.12082380056381226,-0.003357031145071687,0.2912484407424927,-0.18900226056575775,-0.01767882005771071,0.17373913526535034,-0.2873951569199562,0.05583019694785207,0.23321926593780518,-0.36768342554569244,0.035342903346816,0.2849907875061035,-0.3579239845275879,0.008106432394185958,0.32459622621536255,-0.32876966893672943,-0.01038436451455027,0.15384143590927124,-0.3145201727747917,0.02823068714241117,0.22315341234207153,-0.40459246933460236,0.007746195425340829,0.2803499698638916,-0.39104680716991425,-0.021345610259970726,0.3198662996292114,-0.34349358081817627,-0.04091650479932696,0.13121312856674194,-0.32723717391490936,-0.005172844040146174,0.2038370966911316,-0.4141623079776764,-0.02455036015709311,0.26189684867858887,-0.3905257433652878,-0.04049640008707911,0.30189770460128784,-0.33720506727695465,-0.049831280945738854,0.10739797353744507,-0.31288836151361465,-0.0403435998549071,0.17839688062667847,-0.3813817799091339,-0.05656101414462,0.22987788915634155,-0.37469911575317383,-0.06199693167110354,0.26552385091781616,-0.3399181365966797,-0.0643330723931399
C,0.0,0.0,0.0,0.12373551726341248,-0.0019649267196655273,0.026796957891832562,0.20450428128242493,-0.07039859890937805,0.02313797962332842,0.26395800709724426,-0.09479361772537231,0.0051645165723073205,0.31591418385505676,-0.13786354660987854,-0.012494002986301211,0.153266042470932,-0.3263717591762543,0.024488609698067876,0.24394819140434265,-0.42295069992542267,-0.007217919040073184,0.31583884358406067,-0.36805102229118347,-0.036298283893216876,0.35517117381095886,-0.2965523898601532,-0.05414171661769274,0.13431724905967712,-0.33433200418949127,-0.012351565580416946,0.2552089989185333,-0.45569223165512085,-0.047593978751052646,0.33595070242881775,-0.37839941680431366,-0.07699483405386331,0.3697495758533478,-0.29251861572265625,-0.09355907659565332,0.12529847025871277,-0.31088587641716003,-0.05000770981942537,0.2374185025691986,-0.43655814230442047,-0.07843944202696207,0.320819228887558,-0.35975515842437744,-0.09294602792297724,0.3586261570453644,-0.2748100459575653,-0.09965947042738321,0.1289101541042328,-0.24702468514442444,-0.08641717355286005,0.2228030264377594,-0.3314310610294342,-0.10381369065081003,0.28682807087898254,-0.29387275874614716,-0.10596654336487177,0.32005932927131653,-0.23748280107975006,-0.10642437409197214
C,0.0,0.0,0.0,0.12351524829864502,0.03016948699951172,0.03022545304719415,0.1962648630142212,-0.00981903076171875,0.021745796395578054,0.25009244680404663,-0.013294011354446411,-0.0007189087116898918,0.30168014764785767,-0.008796662092208862,-0.023472796114049288,0.16876524686813354,-0.2653985917568207,0.00020694043649882587,0.2865632176399231,-0.3202623575925827,-0.03635844300862345,0.34797340631484985,-0.2411910891532898,-0.06226607497211489,0.3742024302482605,-0.15853247046470642,-0.0765439205932239,0.15131086111068726,-0.2736959755420685,-0.03860551949020419,0.3015984296798706,-0.354657307267189,-0.0774558120536426,0.3675791025161743,-0.25281643867492676,-0.09943980063673052,0.3841131329536438,-0.15540120005607605,-0.10946696336742434,0.14531093835830688,-0.23619186878204346,-0.07590553249593768,0.2811567783355713,-0.32685957849025726,-0.10405077870365176,0.35133880376815796,-0.23644161224365234,-0.1102256410884479,0.37531906366348267,-0.14689338207244873,-0.11070189710136447,0.15110868215560913,-0.15981271862983704,-0.11143106307264361,0.25021129846572876,-0.21840840578079224,-0.12862198139902148,0.3119857907295227,-0.18609005212783813,-0.12841859544988665,0.3451840281486511,-0.14043951034545898,-0.12653188492532763
C,0.0,0.0,0.0,0.12367653846740723,0.062229156494140625,0.02252499136670849,0.21971827745437622,0.06800436973571777,0.020526922601902697,0.28663021326065063,0.08487790822982788,0.0014443365537317732,0.3544806241989136,0.07734930515289307,-0.018142156940257337,0.24528902769088745,-0.19074195623397827,0.06359125423773548,0.31883955001831055,-0.30194127559661865,0.03963883716210148,0.3726247549057007,-0.25452712178230286,0.00945221010192654,0.40040355920791626,-0.1805054247379303,-0.010143066462433126,0.22706633806228638,-0.22331368923187256,0.023973555598104213,0.3180115222930908,-0.3656427562236786,-0.0044117082695720455,0.3776733875274658,-0.2995132505893707,-0.0400750624801276,0.39187824726104736,-0.19642037153244019,-0.061791139360821035,0.20304471254348755,-0.2409324049949646,-0.020939291160857465,0.2974388003349304,-0.3468204736709595,-0.04660913970724323,0.36204731464385986,-0.26707395911216736,-0.06999001156941631,0.38567328453063965,-0.16341859102249146,-0.08275305729762295,0.17606288194656372,-0.22607040405273438,-0.06617772084132412,0.26029133796691895,-0.2809358835220337,-0.08648121606961467,0.31911444664001465,-0.23758316040039062,-0.0970114271010516,0.34888720512390137,-0.17370617389678955,-0.10261582833186367
C,0.0,0.0,0.0,0.12540915608406067,0.048290789127349854,0.02403728470002875,0.22087720036506653,0.04735606908798218,0.020163165328852983,0.28971460461616516,0.06065422296524048,-0.0002817496025784294,0.36141929030418396,0.06160026788711548,-0.022241262795574812,0.24780598282814026,-0.20060336589813232,0.05068445756828055,0.31358280777931213,-0.32526591420173645,0.023978130815379473,0.3715280592441559,-0.3141475319862366,-0.004611791188068537,0.41787925362586975,-0.27976152300834656,-0.024306984694845823,0.2300262153148651,-0.23183196783065796,0.008472612982444616,0.3204300105571747,-0.3734883666038513,-0.018608860748059897,0.3875177800655365,-0.3407234847545624,-0.049174135627396254,0.4257065951824188,-0.2760063409805298,-0.07016942471469179,0.2024984061717987,-0.2451145052909851,-0.03861835420335069,0.29057732224464417,-0.3375115394592285,-0.0672908109446837,0.36005470156669617,-0.2737192213535309,-0.08676487773860231,0.40403857827186584,-0.19420963525772095,-0.09828919738734498,0.1705680787563324,-0.2282354235649109,-0.08561181098426118,0.24955913424491882,-0.28994128108024597,-0.10836275488341585,0.3127552568912506,-0.26107126474380493,-0.1174944174310042,0.3588506877422333,-0.21365642547607422,-0.12329996943677202
C,0.0,0.0,0.0,0.10924139618873596,0.004168868064880371,0.012398678992724399,0.20063626766204834,-0.02369523048400879,0.0017551450960695547,0.2677958607673645,-0.025577306747436523,-0.020181491787695904,0.32913243770599365,-0.023118913173675537,-0.04280467499341967,0.19893723726272583,-0.25728243589401245,0.011458777074551563,0.2568106949329376,-0.37484103441238403,-0.021834891106152554,0.31760987639427185,-0.35850754380226135,-0.04988632146563532,0.36413687467575073,-0.3143828511238098,-0.06651266087141039,0.17293187975883484,-0.2766093611717224,-0.01879431288983824,0.2447981834411621,-0.4202795922756195,-0.047197228114271184,0.3130490481853485,-0.38714170455932617,-0.06852594185914995,0.35337066650390625,-0.32199931144714355,-0.08197125960435869,0.14442262053489685,-0.27219200134277344,-0.052016263644361516,0.21704715490341187,-0.3950386047363281,-0.08012272585477831,0.28396037220954895,-0.34404072165489197,-0.09194795210208895,0.32276076078414917,-0.2687609791755676,-0.09697067905511858,0.11703330278396606,-0.23735308647155762,-0.08540855516042711,0.18608704209327698,-0.3023151159286499,-0.1088017763599396,0.24484726786613464,-0.27449047565460205,-0.11514514107551577,0.28263214230537415,-0.22377336025238037,-0.11652255226221087
C,0.0,0.0,0.0,0.09219969809055328,0.008533239364624023,-0.022332411893728477,0.17979881167411804,-0.026739299297332764,-0.05136818688464473,0.24404697120189667,-0.03897768259048462,-0.0843478391702206,0.3085121661424637,-0.07585406303405762,-0.11968430381369899,0.18832001090049744,-0.27377671003341675,-0.04541713621568988,0.25498588383197784,-0.39804707467556,-0.09459863107753108,0.3048231154680252,-0.3798293471336365,-0.13227015983414958,0.34471167623996735,-0.3396470993757248,-0.15682623040032695,0.15196667611598969,-0.3019135296344757,-0.06424179922890971,0.22985686361789703,-0.44234152138233185,-0.11562068265033076,0.2875441759824753,-0.3908623307943344,-0.15572048973393748,0.3267868310213089,-0.3229706585407257,-0.1818865860636265,0.10659484565258026,-0.30548033118247986,-0.08598767470670055,0.17895005643367767,-0.43080686032772064,-0.1329419935877354,0.2437254637479782,-0.3762716203927994,-0.16188614320111583,0.2880375236272812,-0.30770835280418396,-0.17909096431088756,0.05654338747262955,-0.27964144945144653,-0.10916048538041423,0.12174184620380402,-0.3584304004907608,-0.14985762786221812,0.18026100099086761,-0.33593374490737915,-0.17126800369572948,0.22603215277194977,-0.2982434630393982,-0.1846852327520878
C,0.0,0.0,0.0,0.11031003296375275,0.004650473594665527,-0.0008809980641331094,0.20608638226985931,-0.03050827980041504,-0.02241598474171269,0.27319197356700897,-0.04604184627532959,-0.053341666556264045,0.3446706682443619,-0.07219564914703369,-0.0854312575825702,0.20704622566699982,-0.2963072657585144,-0.01518117761548865,0.27471475303173065,-0.4473736584186554,-0.05829446235981095,0.3340689688920975,-0.41585057973861694,-0.09143141130294907,0.3756849318742752,-0.3585238456726074,-0.11238847146120179,0.17692793905735016,-0.31560957431793213,-0.04451962406125176,0.2587132602930069,-0.47713398933410645,-0.08772261658992875,0.3276006132364273,-0.4152562767267227,-0.1213811881312381,0.3652915507555008,-0.3309869021177292,-0.14360534617986787,0.13894395530223846,-0.3141707181930542,-0.0766041747697841,0.21759237349033356,-0.45491817593574524,-0.11495105395403016,0.29122526943683624,-0.3851184695959091,-0.1363585687645923,0.33561475574970245,-0.29653608798980713,-0.14926279554453004,0.09612934291362762,-0.28476545214653015,-0.10930828968372452,0.16499961912631989,-0.37231992185115814,-0.14228251049604523,0.2316192239522934,-0.3477286547422409,-0.15799220869627106,0.2786484807729721,-0.3006076514720917,-0.16765975425329316
C,0.0,0.0,0.0,0.1121874749660492,0.02313441038131714,0.01361265109079568,0.2096964418888092,9.03010368347168e-05,0.0011962825075784167,0.27830591797828674,-0.008438408374786377,-0.024728596385841684,0.3451886475086212,-0.03291898965835571,-0.050979608845239,0.2126745879650116,-0.26431360840797424,0.02226350438940017,0.2850288450717926,-0.4039565175771713,-0.01064285467219861,0.34826019406318665,-0.3703515976667404,-0.039570549678330735,0.3853568732738495,-0.3095484524965286,-0.057318361651425676,0.19178688526153564,-0.2882167249917984,-0.01201794779700549,0.2857414186000824,-0.4373641610145569,-0.04548501799655469,0.35327890515327454,-0.3727604150772095,-0.0749548023457578,0.3786286413669586,-0.2822672724723816,-0.0931800847764066,0.16748034954071045,-0.29342691600322723,-0.04958202148628743,0.26108482480049133,-0.42133191227912903,-0.07713598216724904,0.33114907145500183,-0.3467895835638046,-0.0928286483402303,0.3628498613834381,-0.2503474950790405,-0.10162026638937505,0.14141413569450378,-0.26846954226493835,-0.08773206378174336,0.2202748954296112,-0.3358581066131592,-0.1109788512702039,0.28661832213401794,-0.3009205758571625,-0.1210201030488065,0.32558950781822205,-0.24381613731384277,-0.12635767663670094
C,0.0,0.0,0.0,0.1073228120803833,0.05059546232223511,0.0288885197941795,0.19535428285598755,0.050704360008239746,0.0272993090902105,0.25797420740127563,0.06021016836166382,0.011027175873948636,0.32122939825057983,0.050904035568237305,-0.005747442658559976,0.21053439378738403,-0.1933007836341858,0.049540553182794156,0.280475914478302,-0.2669404149055481,0.03336365142507702,0.32941335439682007,-0.2326924204826355,0.014080408901406827,0.3577888607978821,-0.188688725233078,0.0001173348563838772,0.19517242908477783,-0.22125816345214844,0.011721920162869992,0.29138630628585815,-0.29337751865386963,-0.009193076811300216,0.34883397817611694,-0.21747660636901855,-0.030083902239368854,0.3697041869163513,-0.13761577010154724,-0.043074339687393604,0.17342156171798706,-0.23095017671585083,-0.02871052740471214,0.2732499837875366,-0.2870744466781616,-0.049543988018797336,0.32879310846328735,-0.2003050446510315,-0.059297386616037784,0.35233932733535767,-0.11886104941368103,-0.06484171009020656,0.15179234743118286,-0.21148473024368286,-0.06831824040369838,0.22992950677871704,-0.2402406930923462,-0.08746521925883144,0.27268218994140625,-0.1879306435585022,-0.0914226621981129,0.29245811700820923,-0.13622429966926575,-0.09272026276545375
C,0.0,0.0,0.0,0.11087757349014282,0.03751105070114136,0.015545337471536413,0.19615280628204346,0.019573092460632324,0.0017433307472458637,0.2563907206058502,0.025250554084777832,-0.022605042894014105,0.30335602164268494,0.026965200901031494,-0.046608956520088896,0.18596991896629333,-0.2581305503845215,-0.0026355371704482877,0.2779812514781952,-0.3105086386203766,-0.037355711673029646,0.33133235573768616,-0.22955626249313354,-0.06741327232552408,0.3549349009990692,-0.14460086822509766,-0.08614690787030099,0.16136416792869568,-0.2670865058898926,-0.03447087666822313,0.28294000029563904,-0.3213764429092407,-0.06900429910851358,0.3432752788066864,-0.22821038961410522,-0.09571942127180932,0.36224833130836487,-0.13862133026123047,-0.11231024003458856,0.14046385884284973,-0.2430858612060547,-0.06610477155876993,0.25535693764686584,-0.2890487313270569,-0.09320268965197442,0.3195061981678009,-0.19828450679779053,-0.10533384418917535,0.3430818021297455,-0.11407452821731567,-0.11202397382689355,0.1266174018383026,-0.1777132749557495,-0.09715103543234704,0.22261038422584534,-0.18759667873382568,-0.1140927541894996,0.2768023908138275,-0.13810503482818604,-0.115544022981652,0.30244240164756775,-0.08543533086776733,-0.11591196990443109
C,0.0,0.0,0.0,0.09712934494018555,0.0744791030883789,0.02901099696151732,0.1757948398590088,0.06778812408447266,0.03802647142998694,0.2389773726463318,0.07087504863739014,0.03138185738913535,0.2970921993255615,0.04566538333892822,0.02436797022215842,0.19740641117095947,-0.16308897733688354,0.07967929243437766,0.2678208351135254,-0.20288380980491638,0.0722169175683689,0.3198525905609131,-0.1572534441947937,0.05338618605725287,0.35112428665161133,-0.1041259765625,0.03957866206161498,0.1917063593864441,-0.19780761003494263,0.04789104386560439,0.2797467112541199,-0.2594170719385147,0.03459554984561919,0.3344734311103821,-0.1932719349861145,0.00972122772924422,0.35713136196136475,-0.11114501953125,-0.005763983080612434,0.184403657913208,-0.2112184762954712,0.011990926036162364,0.2786126136779785,-0.27626264095306396,-0.0016921548698860533,0.3362480401992798,-0.19553729891777039,-0.018275155878143323,0.36188387870788574,-0.1055346131324768,-0.027614792069869054,0.1787012219429016,-0.19199901819229126,-0.023505210137443555,0.26506519317626953,-0.22374552488327026,-0.03494546116002084,0.31617558002471924,-0.17087173461914062,-0.0407497204900551,0.3453817367553711,-0.10320767760276794,-0.04371357262738229
C,0.0,0.0,0.0,0.12603607773780823,0.01602989435195923,0.03619232130989758,0.2130235731601715,-0.030158817768096924,0.03478720886454312,0.281827837228775,-0.03850477933883667,0.016226914802643932,0.3431517779827118,-0.053862690925598145,-0.0024396890326556786,0.18149533867835999,-0.3005349636077881,0.038228922614905514,0.28062960505485535,-0.3664599657058716,0.009721221493634857,0.34210023283958435,-0.29307712614536285,-0.01716430196717056,0.37105199694633484,-0.21320965886116028,-0.03364977510824474,0.1598311960697174,-0.3183657228946686,-0.004269287830140911,0.2914941608905792,-0.4070300757884979,-0.035621295591738544,0.3596963584423065,-0.30965203046798706,-0.06048323111787113,0.38072940707206726,-0.21010267734527588,-0.0737797719444302,0.1456846296787262,-0.30009356141090393,-0.04768158765688213,0.27520236372947693,-0.38421401381492615,-0.07531108232393535,0.3415016829967499,-0.27822086215019226,-0.08342334898367199,0.36284831166267395,-0.18250888586044312,-0.08487722547903331,0.1422695815563202,-0.24358095228672028,-0.08930468084469112,0.2479017674922943,-0.29165953397750854,-0.10795755209579738,0.30554649233818054,-0.23652100563049316,-0.10724813761368068,0.33241304755210876,-0.17837440967559814,-0.10444856705322536
C,0.0,0.0,0.0,0.09865954518318176,0.01890730857849121,0.012818567471867937,0.1822737157344818,-0.01874452829360962,0.011880521679586309,0.24581673741340637,-0.041023075580596924,-0.00129157023661719,0.3039529025554657,-0.07980209589004517,-0.014065334556335074,0.17651930451393127,-0.2414470613002777,0.05382596051163091,0.22479763627052307,-0.3459467887878418,0.03627629672951116,0.2755338251590729,-0.32905691862106323,0.014224519970184701,0.3091537654399872,-0.2891385555267334,0.00041819269495135813,0.16213145852088928,-0.2679045796394348,0.026898087019390005,0.22703757882118225,-0.39255720376968384,0.006502566876179117,0.2837003767490387,-0.3508092761039734,-0.017936964502268893,0.31165197491645813,-0.278067022562027,-0.03205471763544665,0.1439310610294342,-0.2820911407470703,-0.005349056778186423,0.213782399892807,-0.3965575844049454,-0.02597975822322951,0.2748285233974457,-0.3450515568256378,-0.041656265949541194,0.30814847350120544,-0.26710736751556396,-0.048979363387161357,0.126100093126297,-0.2736847996711731,-0.038445985858970744,0.1937532126903534,-0.3480229377746582,-0.05493539849453555,0.2462584674358368,-0.326870322227478,-0.062061353569561106,0.2791074216365814,-0.2818518280982971,-0.06483730206423388
C,0.0,0.0,0.0,0.10117807984352112,0.0066495537757873535,0.007802236423827935,0.1862654685974121,-0.03693145513534546,0.003269780724309612,0.24940234422683716,-0.06279325485229492,-0.011746091703884076,0.30619192123413086,-0.09917068481445312,-0.02677306992094941,0.18849682807922363,-0.26259133219718933,0.03207629459816985,0.242822527885437,-0.3853139281272888,0.006758864567615319,0.29495203495025635,-0.3791182041168213,-0.018337582173757028,0.3309587836265564,-0.3415062129497528,-0.03349944290798135,0.16794484853744507,-0.2871800363063812,0.0063187676193194875,0.2292988896369934,-0.43439561128616333,-0.019197755428962182,0.29148387908935547,-0.411982998251915,-0.044581883522681665,0.3262890577316284,-0.34840822219848633,-0.06050899339001603,0.14194786548614502,-0.298295795917511,-0.024279289814643334,0.20801684260368347,-0.430350661277771,-0.05080455255787797,0.27381569147109985,-0.389112651348114,-0.06899532762449212,0.3129993677139282,-0.3140007257461548,-0.07820968416612573,0.11385443806648254,-0.2885836958885193,-0.055430446687154245,0.17589065432548523,-0.381835401058197,-0.07845573959033914,0.23242664337158203,-0.3664661645889282,-0.08825641957204766,0.2694311738014221,-0.31740811467170715,-0.09239706483762689
C,0.0,0.0,0.0,0.09281696379184723,-0.033000648021698,-0.004701811496829578,0.17212866246700287,-0.09526205062866211,-0.022491224718010017,0.22948269546031952,-0.13630855083465576,-0.04822796830228526,0.28745631873607635,-0.1924804449081421,-0.0745282197862025,0.15671773254871368,-0.3066423237323761,-0.008602539685284682,0.1995505541563034,-0.46658045053482056,-0.046087979015624114,0.2503189295530319,-0.45624417066574097,-0.07579088458112437,0.2861815541982651,-0.4157763719558716,-0.09287052103570659,0.12759171426296234,-0.32048729062080383,-0.030804174628769943,0.1701049655675888,-0.5066225081682205,-0.06840401389888484,0.2318156510591507,-0.47381484508514404,-0.09881776818326671,0.26494424045085907,-0.40377581119537354,-0.1164683202772494,0.09478379786014557,-0.31526076793670654,-0.055815941330706664,0.1350744217634201,-0.4789038747549057,-0.08787469812921245,0.2023289054632187,-0.44417643547058105,-0.10548688718370158,0.2436857670545578,-0.37733200192451477,-0.11353906491092403,0.059714674949645996,-0.28660398721694946,-0.08181081959298808,0.10280384123325348,-0.4046623110771179,-0.1083867425589915,0.16226379573345184,-0.40378326177597046,-0.11927460381082255,0.20444874465465546,-0.3708901107311249,-0.12366198250344951
C,0.0,0.0,0.0,0.10925841331481934,-0.02017807960510254,0.019377193246157276,0.18864500522613525,-0.07578098773956299,0.012555309403808224,0.24880534410476685,-0.1029660701751709,-0.007054275069265259,0.30325841903686523,-0.13428056240081787,-0.025513029824821842,0.14785540103912354,-0.32676681876182556,0.028990835715205776,0.2080381214618683,-0.45081883668899536,0.004247925542415487,0.26657921075820923,-0.4191925525665283,-0.018920648079244984,0.30224037170410156,-0.3673199415206909,-0.03281945658835639,0.12622395157814026,-0.33593612909317017,-0.0013897016689838892,0.2104324996471405,-0.4661168158054352,-0.024669326078026188,0.2754895091056824,-0.4159696102142334,-0.044150809924929035,0.3061555027961731,-0.3482992649078369,-0.055563151072590244,0.11049726605415344,-0.31791436672210693,-0.03399176446708907,0.19717305898666382,-0.411338210105896,-0.053772709499924076,0.2648451626300812,-0.35230958461761475,-0.06175481824192275,0.2978205680847168,-0.27874016761779785,-0.06500107346090545,0.10155045986175537,-0.2678835988044739,-0.06665326951059569,0.17679375410079956,-0.32708242535591125,-0.08072852639469374,0.234552800655365,-0.2997093200683594,-0.08200694171699752,0.26897698640823364,-0.2542584538459778,-0.08090691564592589
C,0.0,0.0,0.0,0.12495756149291992,-0.022247672080993652,0.02434578261446063,0.21138256788253784,-0.08489483594894409,0.015618936187735244,0.2737923264503479,-0.11146706342697144,-0.006402334169337109,0.31717491149902344,-0.1319682002067566,-0.028196481027492837,0.14938542246818542,-0.34233272075653076,0.019287266797533675,0.23084217309951782,-0.4600600302219391,-0.01253489867676194,0.29855507612228394,-0.4192398488521576,-0.043754612066635445,0.3395950198173523,-0.3558328151702881,-0.06407131717432435,0.12851586937904358,-0.3373812437057495,-0.017088863038310365,0.24820953607559204,-0.45693790912628174,-0.05464637742269929,0.3177222013473511,-0.3774622678756714,-0.08526108131636079,0.3438206911087036,-0.29277223348617554,-0.10191374734867509,0.11751669645309448,-0.30452656745910645,-0.05320464164842065,0.22543972730636597,-0.41066238284111023,-0.07921381012428697,0.2990577220916748,-0.3394554853439331,-0.08985849187601502,0.3299936056137085,-0.26126980781555176,-0.09411036685932572,0.11607831716537476,-0.2344028353691101,-0.08882128164995606,0.20232167840003967,-0.30427682399749756,-0.10186920777786668,0.2606377601623535,-0.2752121686935425,-0.1008344487928241,0.2919597029685974,-0.23333293199539185,-0.09914685503471787
C,0.0,0.0,0.0,0.11876434087753296,0.00649029016494751,0.03397898931513055,0.19813352823257446,-0.039385437965393066,0.03799841363439782,0.2572050094604492,-0.06314241886138916,0.026375025478102998,0.3081766963005066,-0.12109211087226868,0.015025426600971059,0.16556590795516968,-0.2958095371723175,0.059193057906725244,0.23454874753952026,-0.3765428066253662,0.04591566879759057,0.29699569940567017,-0.34836965799331665,0.02781276401589139,0.335499107837677,-0.2996220886707306,0.01636079881797059,0.1482885479927063,-0.31776663661003113,0.02250246327827199,0.24655961990356445,-0.42943331599235535,0.005689647481688098,0.3173670172691345,-0.3777772933244705,-0.013159053432843848,0.34993118047714233,-0.3021496534347534,-0.02334920506467597,0.13530367612838745,-0.3089747428894043,-0.01612899269451873,0.23986893892288208,-0.423283189535141,-0.03272837217440383,0.3126908540725708,-0.3556615114212036,-0.04114364277114646,0.3466121554374695,-0.2767508924007416,-0.04403599913706557,0.13341981172561646,-0.26123353838920593,-0.053264969992540045,0.22718358039855957,-0.3410671353340149,-0.0651228670357682,0.2866763472557068,-0.3031516373157501,-0.0625654477952935,0.31644999980926514,-0.24680930376052856,-0.05828272740831153
